location,total_stops,avg_dwell_hours,median_dwell_hours,pct_delayed,currently_stuck,category
TALGRAM,1,472.2,472.1988888888889,100.0,0,Ignore
"Katra, Katra, JAMMU AND KASHMIR",1,449.9,449.8852777777778,100.0,0,Ignore
RAYADURG,1,428.6,428.6166666666667,100.0,0,Ignore
NARWANA,1,420.8,420.78333333333336,100.0,0,Ignore
PALLADAM,1,419.4,419.4166666666667,100.0,0,Ignore
"HYD/ATP, Hyderabad, TELANGANA",6,408.3,377.4994444444444,100.0,0,Prioritize for Clearing
"Balod, Balod, CHHATTISGARH",1,402.1,402.12888888888887,100.0,0,Ignore
"BOM/CHB-TML, Mumbai, MAHARASHTRA",1,401.0,401.0205555555556,100.0,0,Ignore
"Wazirpur, Wazirpur, RAJASTHAN",1,400.2,400.1719444444444,100.0,0,Ignore
"Bhaniawala, Doiwala, UTTARAKHAND",2,399.7,399.6618055555556,100.0,0,Ignore
"Nawa, Nawa RJ, RAJASTHAN",1,399.2,399.17944444444447,100.0,0,Ignore
EAST DELHI WAREHOUSE,2,399.0,399.04166666666663,100.0,0,Ignore
"CHERANALLUR, CHERANALLUR, KERALA",1,398.2,398.1763888888889,100.0,0,Ignore
"Banda, Banda, UTTAR PRADESH",1,398.1,398.1191666666667,100.0,0,Ignore
HOSKOTE PUD,1,397.6,397.6166666666667,100.0,0,Ignore
"Ajeetgarh, Ajeetgarh, RAJASTHAN",1,397.5,397.50333333333333,100.0,0,Ignore
KESHAVAPATNAM REACH,1,397.1,397.1333333333333,100.0,0,Ignore
"Keralassery, PALAKKAD, KERALA",1,397.1,397.0925,100.0,0,Ignore
"BATA/METIABRUZ-TML, BATANAGAR, WEST BENGAL",1,395.6,395.56583333333333,100.0,0,Ignore
"Dhari, Amreli, GUJARAT",1,395.3,395.34055555555557,100.0,0,Ignore
NAIDUPETA,3,393.5,392.9247222222222,100.0,0,Ignore
HIMATNAGAR,1,393.3,393.29527777777776,100.0,0,Ignore
"KATTAPANA1, Kattapana, KERALA",1,392.9,392.94083333333333,100.0,0,Ignore
ALATHUR,1,377.7,377.6666666666667,100.0,0,Ignore
"NARAYANPET, NARAYANPET, TELANGANA",1,376.7,376.6925,100.0,0,Ignore
"MARIPEDA BANGLA, MARIPEDA BANGLA, TELANGANA",1,376.6,376.6361111111111,100.0,0,Ignore
"Bhiloli, Bhiloli, MAHARASHTRA",1,376.5,376.52916666666664,100.0,0,Ignore
"Kondotty, Kondotty, KERALA",1,374.6,374.59472222222223,100.0,0,Ignore
"Mahe, Mahe, KERALA",1,373.9,373.8572222222222,100.0,0,Ignore
KAWANT,1,372.5,372.4772222222222,100.0,0,Ignore
Rasulaha,1,372.5,372.4947222222222,100.0,0,Ignore
KHAMBHAT,1,372.2,372.1666666666667,100.0,0,Ignore
AHWA,2,372.0,372.025,100.0,0,Ignore
"CJB/KNV-TML, Coimbatore, TAMIL NADU",1,371.8,371.78805555555556,100.0,0,Ignore
NATHDWARA,1,371.4,371.4166666666667,100.0,0,Ignore
Sullia,1,371.0,370.9947222222222,100.0,0,Ignore
CHOUTUPPAL,1,368.8,368.76,100.0,0,Ignore
South West Delhi,1,368.0,367.9788888888889,100.0,0,Ignore
"Songadh, SONGADH, GUJARAT",2,364.9,364.8569444444445,100.0,0,Ignore
BELUR,2,362.3,362.31666666666666,100.0,0,Ignore
"Samba, Samba, JAMMU AND KASHMIR",2,358.2,358.21305555555557,100.0,0,Ignore
"Malad East, Mumbai, MAHARASHTRA",3,358.2,351.7338888888889,100.0,0,Ignore
"Hupari, Hupari, MAHARASHTRA",1,355.6,355.5675,100.0,0,Ignore
"Chibramau, Chibramau, UTTAR PRADESH",1,354.9,354.94972222222225,100.0,0,Ignore
"JAJ/GBR-TML, jajpur road, ORISSA",1,354.3,354.2602777777778,100.0,0,Ignore
"Nandikotkur, NANDIKOTKUR, ANDHRA PRADESH",1,353.9,353.9166666666667,100.0,0,Ignore
TIPTUR,1,353.5,353.53333333333336,100.0,0,Ignore
"PATANCHERU, Patancheru, TELANGANA",1,353.5,353.4633333333333,100.0,0,Ignore
"Chandrapur, Chandrapur, MAHARASHTRA",1,353.4,353.3713888888889,100.0,0,Ignore
MUVATTUPUZHA,1,353.1,353.1,100.0,0,Ignore
DHORAJI,1,353.0,353,100.0,0,Ignore
CHHINDWARA,1,352.9,352.91805555555555,100.0,0,Ignore
"Tikamgarh, Tikamgarh, MADHYA PRADESH",1,352.8,352.77777777777777,100.0,0,Ignore
YESWANTHPUR INHOUSE CPU,1,352.6,352.6333333333333,100.0,0,Ignore
JHAGADIA,1,352.5,352.46666666666664,100.0,0,Ignore
KARAULI,2,352.4,352.4,100.0,0,Ignore
"Shrirampur, Shrirampur, MAHARASHTRA",1,352.4,352.4475,100.0,0,Ignore
RAJUPALEM REACH,2,352.3,352.3333333333333,100.0,0,Ignore
"Padra, VADODARA, GUJARAT",1,352.1,352.085,100.0,0,Ignore
"Jayal, Jayal, RAJASTHAN",1,351.9,351.89944444444444,100.0,0,Ignore
"Kodad, Kodad, TELANGANA",1,351.9,351.8927777777778,100.0,0,Ignore
"NBM/PNV, Navi Mumbai, MAHARASHTRA",2,351.9,351.9248611111111,100.0,0,Ignore
"RSC/PUTHUPPALLY, Kottayam, KERALA",1,351.7,351.7416666666667,100.0,0,Ignore
"Chhatral, Kalol, GUJARAT",1,351.7,351.7275,100.0,0,Ignore
HALVAD,1,351.6,351.6166666666667,100.0,0,Ignore
"Udumalpet, Udumalpet, TAMIL NADU",1,351.6,351.5780555555556,100.0,0,Ignore
"Arjunwad, Arjunwad, MAHARASHTRA",1,351.5,351.4563888888889,100.0,0,Ignore
KANJIRAPALLY,1,351.5,351.46666666666664,100.0,0,Ignore
KHARAR,2,351.4,351.3666666666667,100.0,0,Ignore
"VAKATHANAM, Kottayam, KERALA",1,351.3,351.3177777777778,100.0,0,Ignore
SHIRWAL,1,350.6,350.56666666666666,100.0,0,Ignore
"Bathindi, Bathindi, JAMMU AND KASHMIR",2,350.4,350.3761111111111,100.0,0,Ignore
BASAVKALYAN REACH,1,350.4,350.4166666666667,100.0,0,Ignore
"KKOTAPADU, K KOTAPADU, ANDHRA PRADESH",1,350.2,350.20194444444445,100.0,0,Ignore
PRAKASAM,1,350.1,350.1436111111111,100.0,0,Ignore
"Warangal, Warangal, TELANGANA",1,350.0,349.985,100.0,0,Ignore
"Nanded MIDC, Nanded, MAHARASHTRA",1,349.6,349.5858333333333,100.0,0,Ignore
"Chirgaon, Chirgaon, UTTAR PRADESH",1,349.0,349.04305555555555,100.0,0,Ignore
"Kulasekaram, Kulasekaram, TAMIL NADU",1,348.7,348.7138888888889,100.0,0,Ignore
"Adilabad, Adilabad, TELANGANA",1,348.6,348.58944444444444,100.0,0,Ignore
DHUBRI,1,348.4,348.3666666666667,100.0,0,Ignore
"BLR/BMN-TML, BANGALORE, KARNATAKA",1,348.4,348.4261111111111,100.0,0,Ignore
"Jaithra, Jaithra, UTTAR PRADESH",1,347.4,347.40277777777777,100.0,0,Ignore
"Pithora, PITHORA, CHHATTISGARH",1,347.2,347.2236111111111,100.0,0,Ignore
PALLIPAT,1,346.7,346.7113888888889,100.0,0,Ignore
NALLASOPARA,1,344.7,344.7475,100.0,0,Ignore
MACHERLA,1,344.6,344.5997222222222,100.0,0,Ignore
GOMATI NAGAR LUCKNOW (GOMN),1,343.1,343.1327777777778,100.0,0,Ignore
"Sultanpur Rj, Sultanpur RJ, RAJASTHAN",2,342.6,342.57194444444445,100.0,0,Ignore
GANDEVI,1,340.8,340.7938888888889,100.0,0,Ignore
"Miraj, Miraj, MAHARASHTRA",3,339.7,349.87416666666667,100.0,0,Ignore
"Kanhan, Kanhan MH, MAHARASHTRA",2,337.3,337.25152777777777,100.0,0,Ignore
"Mangalvedha, Mangalvedha, MAHARASHTRA",9,335.9,345.92027777777776,100.0,0,Prioritize for Clearing
"Sahpura, Sahpura, RAJASTHAN",3,331.9,345.2577777777778,100.0,0,Ignore
"Dhenkanal, DHENKANAL, ORISSA",1,331.8,331.81333333333333,100.0,0,Ignore
"PALANI/LPM1-TML, Palani, TAMIL NADU",1,330.0,330.01694444444445,100.0,0,Ignore
"Gondal, Gondal, GUJARAT",1,329.6,329.5877777777778,100.0,0,Ignore
"Kondagaon, Kondagaon, CHHATTISGARH",2,329.4,329.3729166666667,100.0,0,Ignore
NAVAL ARMAMENT DEPOT,1,329.3,329.31666666666666,100.0,0,Ignore
"Nokha1, Nokha, RAJASTHAN",2,329.2,329.1927777777778,100.0,0,Ignore
"Wai1, Wai, MAHARASHTRA",3,329.2,351.95944444444444,100.0,0,Ignore
"Ghazipur, Ghazipur, UTTAR PRADESH",1,328.9,328.8727777777778,100.0,0,Ignore
MARKAPUR REACH,1,328.6,328.6333333333333,100.0,0,Ignore
"Bethudahari, Bethudahari, WEST BENGAL",1,328.4,328.4219444444444,100.0,0,Ignore
"Chikhli, Chikhli, MAHARASHTRA",1,328.3,328.26444444444445,100.0,0,Ignore
GOMOH OFFICE,1,328.3,328.25,100.0,0,Ignore
"Sahtawar, Sahtawar, UTTAR PRADESH",1,328.2,328.1927777777778,100.0,0,Ignore
"KNP/BRR1, Kanpur, UTTAR PRADESH",6,327.8,351.80611111111114,100.0,0,Prioritize for Clearing
"Pusegaon, Pusegaon, MAHARASHTRA",1,327.8,327.7527777777778,100.0,0,Ignore
"Cholthra, Sarkaghat, HIMACHAL PRADESH",1,327.6,327.5966666666667,100.0,0,Ignore
BELLARY,2,327.6,327.56944444444446,100.0,0,Ignore
MANNARGUDI,2,327.2,327.15,100.0,0,Ignore
ConnectIndiaNewTownSplitODH_KOL Kolkata,1,327.0,326.9675,100.0,0,Ignore
EX AMRAVATI,1,326.8,326.76666666666665,100.0,0,Ignore
"UDALGURI, UDALGURI, ASSAM",1,326.8,326.7711111111111,100.0,0,Ignore
GUDUR REACH,1,326.7,326.6666666666667,100.0,0,Ignore
"Gadhingalaj, Gadhingalaj, MAHARASHTRA",1,326.6,326.63,100.0,0,Ignore
"RPN, Roopnagar, PUNJAB",4,326.6,325.5858333333333,100.0,0,Ignore
"Madari Road 1, Falakata, WEST BENGAL",1,326.5,326.5366666666667,100.0,0,Ignore
"Sunderbani, Sunderbani, JAMMU AND KASHMIR",1,326.0,326.0436111111111,100.0,0,Ignore
Karimanoor,1,326.0,325.96194444444444,100.0,0,Ignore
TIHU,1,325.6,325.6,100.0,0,Ignore
"Alapalli, Allapali, MAHARASHTRA",1,325.6,325.58944444444444,100.0,0,Ignore
"Mylavaram, MYLAVARAM, ANDHRA PRADESH",1,324.9,324.8855555555556,100.0,0,Ignore
"Vallapuzha, OTTAPALAM, KERALA",1,324.7,324.7366666666667,100.0,0,Ignore
"Jainagar, JAINAGAR JH, JHARKHAND",1,324.6,324.57444444444445,100.0,0,Ignore
SINDAGI,1,324.6,324.6,100.0,0,Ignore
RASIPURAM,1,324.2,324.21666666666664,100.0,0,Ignore
"Nadaun, Nadaun, HIMACHAL PRADESH",1,324.2,324.19083333333333,100.0,0,Ignore
"Bahadurgarh PB, Patiala, PUNJAB",1,323.4,323.42305555555555,100.0,0,Ignore
Soyal Kirana NAGPUR,1,323.2,323.2191666666667,100.0,0,Ignore
"Sandhol, Sandhole, HIMACHAL PRADESH",1,322.7,322.6613888888889,100.0,0,Ignore
ERNAD,1,321.9,321.9316666666667,100.0,0,Ignore
ICHODA,1,321.6,321.5833333333333,100.0,0,Ignore
Baramulla,1,320.9,320.87111111111113,100.0,0,Ignore
MAHESANA,4,320.9,325.93111111111114,100.0,0,Ignore
"NONGPOH, NONGPOH, MEGHALAYA",1,319.9,319.8619444444444,100.0,0,Ignore
MAHABUB NAGAR,1,319.1,319.06361111111113,100.0,0,Ignore
KOILKUNTLA,1,318.7,318.73333333333335,100.0,0,Ignore
WYRA,3,318.5,299.7086111111111,100.0,0,Ignore
"Dosarka, Dosarka, HARYANA",2,318.4,318.40402777777774,100.0,0,Ignore
"Maihar, Maihar, MADHYA PRADESH",2,318.3,318.3025,100.0,0,Ignore
PULGAON,3,317.4,297.4894444444444,100.0,0,Ignore
"PNQ/KHD, PUNE, MAHARASHTRA",6,316.8,364.6076388888889,100.0,0,Prioritize for Clearing
DOMKAL,2,316.2,316.15,100.0,0,Ignore
"Kanyakumari, KANYAKUMARI, TAMIL NADU",2,316.2,316.1663888888889,100.0,0,Ignore
"Thodiyoor, THODIYOOR, KERALA",2,315.9,315.9445833333333,100.0,0,Ignore
"Akbarpur1, Akbarpur, UTTAR PRADESH",2,315.9,315.90805555555556,100.0,0,Ignore
"PNQ/PCM, PUNE, MAHARASHTRA",4,315.4,351.61930555555557,100.0,0,Ignore
"PNQ/BVN-TML, PUNE, MAHARASHTRA",13,315.2,374.3233333333333,92.3,0,Prioritize for Clearing
"Bhogpur, Bhogpur, PUNJAB",2,314.2,314.21194444444444,100.0,0,Ignore
"Safidon HR, Safidon, HARYANA",3,312.2,351.67027777777776,100.0,0,Ignore
"Pen, Pen, MAHARASHTRA",2,310.5,310.5148611111111,100.0,0,Ignore
"FBD/EHV, Delhi NCR, DELHI",15,310.4,306.42055555555555,93.3,0,Prioritize for Clearing
"DEL/GGN-EHV, Delhi NCR, DELHI",50,308.5,329.5377777777778,98.0,0,Prioritize for Clearing
"Nayagarh, NAYAGARH, ORISSA",1,308.3,308.2986111111111,100.0,0,Ignore
"BOM/DONGRI-TML, Mumbai, MAHARASHTRA",7,308.3,347.6486111111111,100.0,0,Prioritize for Clearing
"Tamar, Tamar, JHARKHAND",1,307.9,307.87305555555554,100.0,0,Ignore
"Atmakur, Atmakur, ANDHRA PRADESH",1,307.5,307.48555555555555,100.0,0,Ignore
"Tnarasipur, TNARASIPUR, KARNATAKA",1,307.3,307.34694444444443,100.0,0,Ignore
"VPT/SAS1, Visakhapatnam, ANDHRA PRADESH",1,307.1,307.0722222222222,100.0,0,Ignore
ELAKATHURTHI REACH,2,306.7,306.725,100.0,0,Ignore
"Jintur, Jintur, MAHARASHTRA",1,306.5,306.50805555555553,100.0,0,Ignore
"Sagwara, SAGWARA, RAJASTHAN",1,306.5,306.54083333333335,100.0,0,Ignore
Champasari,3,306.5,296.60333333333335,100.0,0,Ignore
"Manasa, Manasa, MADHYA PRADESH",1,306.2,306.19388888888886,100.0,0,Ignore
"Tihidi, TIHIDI, ORISSA",1,306.2,306.1927777777778,100.0,0,Ignore
"Bahanga, Bahanaga, ORISSA",1,306.1,306.0802777777778,100.0,0,Ignore
"Thiruchendur, Thiruchendur, TAMIL NADU",1,306.0,305.98777777777775,100.0,0,Ignore
"PORUMAMILLA, porumamilla, ANDHRA PRADESH",1,305.7,305.65277777777777,100.0,0,Ignore
"Phaltan1, Phaltan, MAHARASHTRA",1,305.3,305.32194444444445,100.0,0,Ignore
"Halvad, Halvad, GUJARAT",1,304.9,304.94944444444445,100.0,0,Ignore
"Seonimalwa, Seoni Malwa, MADHYA PRADESH",1,304.9,304.91305555555556,100.0,0,Ignore
THIRUKOILUR,1,304.8,304.8333333333333,100.0,0,Ignore
"KODUNGALLUR, Kodungallur, KERALA",2,304.4,304.4201388888889,100.0,0,Ignore
BAILHONGAL,2,304.1,304.1166666666667,100.0,0,Ignore
"Achrol, Achrol, RAJASTHAN",1,304.1,304.0511111111111,100.0,0,Ignore
"Kannadiparamba, Taliparamba, KERALA",1,304.1,304.12416666666667,100.0,0,Ignore
"Lalru, MOHALI, PUNJAB",2,304.1,304.0886111111111,100.0,0,Ignore
"Dhanuvachapuram, Trivandrum, KERALA",1,304.0,303.97833333333335,100.0,0,Ignore
"CHAPADU, CHAPADU, ANDHRA PRADESH",1,303.9,303.87611111111113,100.0,0,Ignore
"nemom, Trivandrum, KERALA",3,303.9,279.32194444444445,100.0,0,Ignore
SIRUGUPPA,1,303.8,303.75,100.0,0,Ignore
INDI,1,303.6,303.6333333333333,100.0,0,Ignore
"Thiruvarur1, Tiruvarur, TAMIL NADU",1,303.5,303.50333333333333,100.0,0,Ignore
"Sojat, Sojat City, RAJASTHAN",1,303.4,303.39222222222224,100.0,0,Ignore
"Jaridih Bazar, JARIDIH BAZAR, JHARKHAND",2,302.9,302.9147222222222,100.0,0,Ignore
"Himayatnagar, Himayatnagar, MAHARASHTRA",1,302.7,302.6502777777778,100.0,0,Ignore
"Kopargaon, Kopargaon, MAHARASHTRA",2,302.4,302.3977777777778,100.0,0,Ignore
"Sargaon, Sargaon, CHHATTISGARH",1,302.4,302.3836111111111,100.0,0,Ignore
"Dharmavaram, Dharmavaram, ANDHRA PRADESH",2,302.1,302.12180555555557,100.0,0,Ignore
"SIRKAZHI/SA, SIRKAZHI, TAMIL NADU",1,302.1,302.13166666666666,100.0,0,Ignore
"Bhogipura, Bareilly, UTTAR PRADESH",2,301.3,301.34375,100.0,0,Ignore
LONAVALA,6,301.3,301.79166666666663,100.0,0,Prioritize for Clearing
TRICHY,1,301.3,301.25194444444446,100.0,0,Ignore
KOTHAGUDEM,3,300.3,328.8333333333333,100.0,0,Ignore
JAYANKONDAM,1,300.0,300.03333333333336,100.0,0,Ignore
DAMANJODI,1,299.9,299.9213888888889,100.0,0,Ignore
LINGASUGAR,1,299.8,299.76666666666665,100.0,0,Ignore
Rairakhol,1,299.5,299.4763888888889,100.0,0,Ignore
PALAKKAD,1,299.3,299.28694444444443,100.0,0,Ignore
"Bamitha, Khajurao MP, MADHYA PRADESH",1,299.1,299.1038888888889,100.0,0,Ignore
"Kunigal., Kunigal, KARNATAKA",1,298.9,298.85805555555555,100.0,0,Ignore
Brijmanganj,1,298.9,298.87361111111113,100.0,0,Ignore
Narsapur,1,298.8,298.8413888888889,100.0,0,Ignore
Majhdia,1,298.8,298.84277777777777,100.0,0,Ignore
"Jawali, Jawali, HIMACHAL PRADESH",1,298.7,298.6847222222222,100.0,0,Ignore
MIRYALAGUDA,1,297.9,297.9263888888889,100.0,0,Ignore
CHAVAKKAD,1,297.0,296.9869444444444,100.0,0,Ignore
"DEL/EDL-EHV, Delhi NCR, DELHI",52,296.1,329.13111111111107,98.1,0,Prioritize for Clearing
"ROBERTSGANJ, Robertsganj, UTTAR PRADESH",4,295.9,325.7461111111111,100.0,0,Ignore
"BOM/KND-TML, Mumbai, MAHARASHTRA",27,295.6,347.3463888888889,88.9,1,Prioritize for Clearing
"Manjari, MANJARI, MAHARASHTRA",4,295.6,372.1977777777778,100.0,0,Ignore
"Bhind, BHIND, MADHYA PRADESH",2,294.8,294.7620833333333,100.0,0,Ignore
SAKLESHPUR,2,293.3,293.275,100.0,0,Ignore
"Sunam, SUNAM, PUNJAB",2,293.3,293.285,100.0,0,Ignore
SOLUR,3,292.2,277.05,100.0,0,Ignore
KOPARGAON,3,291.7,299.35,100.0,0,Ignore
ACHIRAPAKKAM,2,291.7,291.65833333333336,100.0,0,Ignore
"ArmoriMH, Armori, MAHARASHTRA",2,291.6,291.6376388888889,100.0,0,Ignore
GUNTAKAL,5,291.5,329.48333333333335,100.0,0,Prioritize for Clearing
"Sirsi1, Sirsi, KARNATAKA",2,290.8,290.78222222222223,100.0,0,Ignore
"Wanaparthy, Wanaparthy, TELANGANA",2,290.2,290.2479166666667,100.0,0,Ignore
"Natrampalli, Natrampalli, TAMIL NADU",3,289.3,327.7655555555556,100.0,0,Ignore
HINDUPUR,4,288.9,319.01666666666665,100.0,0,Ignore
VISNAGAR,2,287.9,287.9276388888889,100.0,0,Ignore
"Ratnagiri1, Ratnagiri, MAHARASHTRA",8,287.8,330.0755555555555,100.0,0,Prioritize for Clearing
"TalegaonDhige, TALEGAON DHIGE, MAHARASHTRA",3,287.4,326.3802777777778,100.0,0,Ignore
"Jahu, Jahu, HIMACHAL PRADESH",3,286.3,279.8911111111111,100.0,0,Ignore
"Nellore, Nellore, ANDHRA PRADESH",4,285.9,290.8469444444445,100.0,0,Ignore
SONEPUR,2,284.4,284.3833333333333,100.0,0,Ignore
"Gokarna, GOKARNA, KARNATAKA",1,283.6,283.5886111111111,100.0,0,Ignore
"Mahoba, Mahoba, UTTAR PRADESH",1,283.1,283.13305555555553,100.0,0,Ignore
MEDAK,1,282.9,282.9063888888889,100.0,0,Ignore
"Junnar1, Junnar, MAHARASHTRA",1,282.8,282.7944444444444,100.0,0,Ignore
"Adoni1, Adoni, ANDHRA PRADESH",4,282.7,330.6011111111111,100.0,0,Ignore
"Pattamundai, PATTAMUNDAI, ORISSA",1,282.6,282.61083333333335,100.0,0,Ignore
NEWASA,1,282.6,282.6333333333333,100.0,0,Ignore
"Guhagar, Guhagar, MAHARASHTRA",1,282.3,282.28805555555556,100.0,0,Ignore
BHIWANI,10,282.2,292.375,100.0,0,Prioritize for Clearing
"Cherukupalli, CHERUKUPALLI, ANDHRA PRADESH",1,281.9,281.9247222222222,100.0,0,Ignore
"Kathua, Kathua, JAMMU AND KASHMIR",4,281.9,282.13138888888886,100.0,0,Ignore
JAMTARA OFFICE,1,281.9,281.8666666666667,100.0,0,Ignore
SIMDEGA OFFICE,1,281.9,281.8666666666667,100.0,0,Ignore
"Kalleri, kalleri, KARNATAKA",1,281.8,281.8063888888889,100.0,0,Ignore
"Baruhi, Baruhi, HIMACHAL PRADESH",1,281.8,281.81583333333333,100.0,0,Ignore
TIRUCHENGODU,1,281.6,281.56666666666666,100.0,0,Ignore
"Bagepalli, Bagepalli, KARNATAKA",1,281.5,281.51972222222224,100.0,0,Ignore
"Bilgram, BILGRAM, UTTAR PRADESH",1,281.5,281.53472222222223,100.0,0,Ignore
"BOM/DSR, Mumbai, MAHARASHTRA",41,281.3,327.7325,92.7,1,Prioritize for Clearing
SEHORE,4,281.3,268.6333333333333,100.0,0,Ignore
BORIVALI,1,281.2,281.18333333333334,100.0,0,Ignore
PRATAPUR,1,281.2,281.23333333333335,100.0,0,Ignore
PADRA REACH,3,281.1,282,100.0,0,Ignore
JOGINDER NAGAR,1,281.0,281.03333333333336,100.0,0,Ignore
MUPPAVARAM REACH,2,280.9,280.85,100.0,0,Ignore
"Byndoor, BYNDOOR, KARNATAKA",1,280.8,280.795,100.0,0,Ignore
"KALWAKURTHY, KALWAKURTHY, TELANGANA",1,280.7,280.70472222222224,100.0,0,Ignore
"Farangipete, Mangalore, KARNATAKA",3,280.5,280.48083333333335,100.0,0,Ignore
SANKARIDURG,1,280.5,280.5,100.0,0,Ignore
T NARASIPURA,3,280.5,254.28333333333333,100.0,0,Ignore
UMRED,2,280.3,280.2833333333333,100.0,0,Ignore
"Zangipur, ZANGIPUR, UTTAR PRADESH",4,280.2,280.2588888888889,100.0,0,Ignore
BOTAD,1,280.2,280.1666666666667,100.0,0,Ignore
TIRUPUR COUNTER,3,279.9,280.93333333333334,100.0,0,Ignore
"Bhadra, Bhadra, RAJASTHAN",2,279.8,279.83944444444444,100.0,0,Ignore
"Mauranipur, Mauranipur, UTTAR PRADESH",1,279.4,279.3886111111111,100.0,0,Ignore
"Jowai, Jowai, MEGHALAYA",1,279.3,279.28194444444443,100.0,0,Ignore
MAHAD,1,278.9,278.9166666666667,100.0,0,Ignore
YANAM,1,278.6,278.6333333333333,100.0,0,Ignore
"DONAKONDA, Donakonda, ANDHRA PRADESH",1,278.6,278.55833333333334,100.0,0,Ignore
JAISINGHPUR,1,278.3,278.26666666666665,100.0,0,Ignore
"DEL/NDL-EHV, New Delhi, DELHI",33,278.1,282.7925,93.9,0,Prioritize for Clearing
"Murum, Murum, MAHARASHTRA",1,278.1,278.1136111111111,100.0,0,Ignore
"Kudachi, KUDCHI, KARNATAKA",1,277.8,277.80805555555554,100.0,0,Ignore
DHARAMASALA,1,277.7,277.70972222222224,100.0,0,Ignore
K.V.RANGAREDDY,1,277.7,277.65277777777777,100.0,0,Ignore
"Neerchal, Kasargode, KERALA",1,277.5,277.53333333333336,100.0,0,Ignore
"TVM/SA-JMT, VILLUPURAM, TAMIL NADU",1,277.5,277.54305555555555,100.0,0,Ignore
MUKHERJEE NAGAR,3,277.1,324.78333333333336,100.0,0,Ignore
Pratapgarh,1,276.9,276.9425,100.0,0,Ignore
Palibirsingh,1,276.8,276.83194444444445,100.0,0,Ignore
"Sivagangai, SHIVAGANGAI, TAMIL NADU",1,276.6,276.64722222222224,100.0,0,Ignore
Begowal,1,276.4,276.3575,100.0,0,Ignore
DEVRUKH,1,276.3,276.31666666666666,100.0,0,Ignore
SHRIWARDHAN,1,276.2,276.21666666666664,100.0,0,Ignore
"Medak2, Medak, TELANGANA",1,275.9,275.9075,100.0,0,Ignore
BHARUCH,1,275.7,275.67555555555555,100.0,0,Ignore
Haddo,1,275.7,275.67527777777775,100.0,0,Ignore
JALPAIGURI,1,275.2,275.1769444444444,100.0,0,Ignore
W26,1,275.2,275.2127777777778,100.0,0,Ignore
HAROHALLI,2,275.1,275.06666666666666,100.0,0,Ignore
"DEL/CDL-EHV, New Delhi, DELHI",35,275.1,282.3441666666667,91.4,0,Prioritize for Clearing
"Shamgarh, Mandsaur, MADHYA PRADESH",1,275.1,275.0830555555556,100.0,0,Ignore
Chainpur,1,275.0,274.9611111111111,100.0,0,Ignore
KUKSHI,1,275.0,274.95,100.0,0,Ignore
"Basna, Basna, CHHATTISGARH",1,274.8,274.7688888888889,100.0,0,Ignore
"Pipariya1, Pipariya, MADHYA PRADESH",1,274.7,274.7247222222222,100.0,0,Ignore
MAYILADUTHURAI,1,274.5,274.4663888888889,100.0,0,Ignore
"Pisoli-EHV, PUNE, MAHARASHTRA",11,274.4,353.0991666666667,90.9,0,Prioritize for Clearing
"Naduvil, Naduvil, KERALA",1,274.1,274.10555555555555,100.0,0,Ignore
KAURIRAM GORAKHPUR,3,274.1,281.9,100.0,0,Ignore
ARKI,3,273.7,353.43333333333334,100.0,0,Ignore
BHUPALAPALLI REACH,4,273.4,267.44166666666666,100.0,0,Ignore
"DEL/WDL-EHV1, New Delhi, DELHI",33,273.3,306.34027777777777,93.9,0,Prioritize for Clearing
BURDWAN,1,273.2,273.2497222222222,100.0,0,Ignore
Gosaba,1,273.0,272.9763888888889,100.0,0,Ignore
"BLR/KMG-EHV, BANGALORE, KARNATAKA",55,272.9,306.7636111111111,87.3,0,Prioritize for Clearing
GUWAHATI HUB (GAUW),1,272.8,272.84472222222223,100.0,0,Ignore
"Rajendragram, RAJENDRAGRAM, MADHYA PRADESH",3,272.5,256.7325,100.0,0,Ignore
SULAIMAN,3,272.3,279.48333333333335,100.0,0,Ignore
SHIROLI,12,272.3,280.39166666666665,100.0,0,Prioritize for Clearing
"BOM/BDP-EHV, Mumbai, MAHARASHTRA",10,272.2,339.4222222222222,70.0,0,Prioritize for Clearing
ALIPORE,1,272.0,271.9869444444444,100.0,0,Ignore
"PNQ/BPD-TML, PUNE, MAHARASHTRA",5,271.8,321.6088888888889,100.0,0,Prioritize for Clearing
"Surendranagar, Surendranagar, GUJARAT",3,271.8,327.08472222222224,100.0,0,Ignore
"NSK/CIDKO, Nashik, MAHARASHTRA",13,271.7,352.4188888888889,76.9,1,Prioritize for Clearing
"Madhyamgram-TML, Kolkata, WEST BENGAL",3,271.6,277.3525,100.0,0,Ignore
Dera Bassi,1,271.5,271.53055555555557,100.0,0,Ignore
BANKI OFFICE,2,271.4,271.3666666666667,100.0,0,Ignore
HASIMARA,3,271.4,279.96666666666664,100.0,0,Ignore
MAHUVA,3,271.3,253.93333333333334,100.0,0,Ignore
VIDISHA,7,271.3,375.45,100.0,0,Prioritize for Clearing
"RAMGARH, Ramgarh, JHARKHAND",5,270.5,353.8930555555556,100.0,0,Prioritize for Clearing
RAMPURA PHULL EXPANSION,5,270.2,256.8333333333333,100.0,0,Prioritize for Clearing
"Sherkot, Sherkot, UTTAR PRADESH",3,269.6,325.9927777777778,100.0,0,Ignore
"Mancherial, Mancherial, TELANGANA",2,269.2,269.2001388888889,100.0,0,Ignore
"SELAQUI, Dehradun, UTTARAKHAND",7,269.1,276.5838888888889,85.7,1,Prioritize for Clearing
BADNAWAR,2,269.1,269.08333333333337,100.0,0,Ignore
"Davanagere, DAVANGERE, KARNATAKA",7,268.9,328.76722222222224,100.0,0,Prioritize for Clearing
KHAMGAON,6,268.7,290.5,100.0,0,Prioritize for Clearing
JAIPUR CHOMU,2,268.5,268.5333333333333,100.0,0,Ignore
"Amangaon, Amangaon, MAHARASHTRA",2,268.3,268.31888888888886,100.0,0,Ignore
SAWAI MADHOPUR,4,268.0,243.975,100.0,0,Ignore
SRIKALAHASTI,2,267.9,267.875,100.0,0,Ignore
MALKAPUR,4,267.5,267.45,100.0,0,Ignore
AMB OFFICE,7,267.3,326.98333333333335,100.0,0,Prioritize for Clearing
BACHUPALLY,5,267.1,329.1,80.0,0,Prioritize for Clearing
MANGAON,5,266.1,279.46666666666664,100.0,0,Prioritize for Clearing
BHUSAWAL,10,266.0,341.625,80.0,1,Prioritize for Clearing
NIMBAHERA,5,266.0,304.26666666666665,80.0,1,Prioritize for Clearing
CHERTHALAI,2,266.0,265.9666666666667,100.0,0,Ignore
"Auraiya1, Auraiya, UTTAR PRADESH",3,265.7,281.5472222222222,100.0,0,Ignore
ALANGAD,2,265.7,265.69166666666666,100.0,0,Ignore
"PNQ/DNK-TML, PUNE, MAHARASHTRA",15,265.2,352.2138888888889,93.3,0,Prioritize for Clearing
NAMR,8,265.0,339.7794444444445,87.5,0,Prioritize for Clearing
"SURATKAL, SURATKAL, KARNATAKA",3,264.9,355.0566666666667,100.0,0,Ignore
PALASA,2,264.6,264.55833333333334,100.0,0,Ignore
JAISALMER,2,263.8,263.775,100.0,0,Ignore
"MIA Alwar, Alwar, RAJASTHAN",5,263.6,231.82305555555556,100.0,0,Prioritize for Clearing
NANDED,15,263.2,279.65,93.3,1,Prioritize for Clearing
"Tuni, Tuni, ANDHRA PRADESH",3,262.7,275.23805555555555,100.0,0,Ignore
MORENA EXPANSION,3,262.2,276.98333333333335,100.0,0,Ignore
THIC,35,262.0,322.79027777777776,91.4,0,Prioritize for Clearing
"BADLAPUR, Thane, MAHARASHTRA",12,261.7,291.72541666666666,91.7,0,Prioritize for Clearing
"Koregaon, Koregaon, MAHARASHTRA",3,261.5,326.835,100.0,0,Ignore
"Akola, Akola, MAHARASHTRA",9,261.4,306.02,100.0,0,Prioritize for Clearing
"Srirangapatna, Srirangapatna, KARNATAKA",1,261.3,261.3466666666667,100.0,0,Ignore
DARSI REACH,1,260.8,260.81666666666666,100.0,0,Ignore
"PNQ/JMR, PUNE, MAHARASHTRA",20,260.7,350.9122222222222,80.0,2,Prioritize for Clearing
"CJB/RTP-TML, Coimbatore, TAMIL NADU",5,260.6,327.04555555555555,80.0,0,Prioritize for Clearing
BISHNUPUR,11,260.1,259.35,100.0,0,Prioritize for Clearing
"PNQ/KTD, PUNE, MAHARASHTRA",7,259.8,210.6172222222222,100.0,0,Prioritize for Clearing
RAGHUNATHPUR,7,259.7,305.96666666666664,100.0,0,Prioritize for Clearing
"Ekma1, EKMA, BIHAR",1,259.4,259.44666666666666,100.0,0,Ignore
DHARMAVARAM,4,259.4,259.175,100.0,0,Ignore
BIR BILLING,4,259.1,301.35833333333335,100.0,0,Ignore
"Ratanpur Pali, RATANPURPALI, CHHATTISGARH",1,258.9,258.9275,100.0,0,Ignore
KADIRI,2,258.9,258.85833333333335,100.0,0,Ignore
"Khunti, Khunti, JHARKHAND",1,258.5,258.5136111111111,100.0,0,Ignore
BHADOHI,8,257.9,255.44166666666666,100.0,0,Prioritize for Clearing
RAMPUR BUSHAHR,5,257.8,325.78333333333336,80.0,0,Prioritize for Clearing
"Dodamarg, Dodamarg, MAHARASHTRA",1,257.7,257.7366666666667,100.0,0,Ignore
"OTTAPALAM, OTTAPALAM, KERALA",1,257.6,257.61277777777775,100.0,0,Ignore
THARANGAMBADI,1,257.4,257.3888888888889,100.0,0,Ignore
"ZUNHEBOTO, Zunheboto, NAGALAND",1,257.3,257.31583333333333,100.0,0,Ignore
"Cuddalore, Cuddalore, TAMIL NADU",3,257.3,306.1647222222222,100.0,0,Ignore
SHILLONG NONGMENSON,1,257.2,257.1666666666667,100.0,0,Ignore
"SRT/ADJ, Surat, GUJARAT",31,257.1,331.49,87.1,0,Prioritize for Clearing
"KER-SA-AZHIKODE, Kannur, KERALA",1,256.9,256.90277777777777,100.0,0,Ignore
"Osmanabad1, Osmanabad, MAHARASHTRA",2,256.5,256.4502777777778,100.0,0,Ignore
Gadoya kirana Store SURAT,1,256.5,256.5308333333333,100.0,0,Ignore
MANDVI,7,256.3,306.06666666666666,85.7,0,Prioritize for Clearing
"Hospet1, Hospet, KARNATAKA",3,256.1,329.8963888888889,100.0,0,Ignore
TRIVANDRUM (TRVH),2,256.1,256.07972222222224,100.0,0,Ignore
"GTR/LPM, Guntur, ANDHRA PRADESH",5,256.0,274.0311111111111,100.0,0,Prioritize for Clearing
"Tauni Devi, HAMIRPUR, HIMACHAL PRADESH",1,255.9,255.8686111111111,100.0,0,Ignore
BARPETA TOWN,1,255.9,255.86666666666667,100.0,0,Ignore
"Silapathar, Dhemaji, ASSAM",1,255.8,255.79638888888888,100.0,0,Ignore
"Gadchandur, Gadchandur, MAHARASHTRA",2,255.8,255.84541666666667,100.0,0,Ignore
"Aurangabad1 BH, Aurangabad BH, BIHAR",2,255.7,255.6776388888889,100.0,0,Ignore
CHINTHAMANI,6,255.3,271.7583333333333,100.0,0,Prioritize for Clearing
"Dhing, Dhing, ASSAM",1,254.9,254.87944444444443,100.0,0,Ignore
AMBALA WAREHOUSE PUD,1,254.7,254.65,100.0,0,Ignore
"Katangi, Katangi, MADHYA PRADESH",1,254.3,254.26055555555556,100.0,0,Ignore
WADA,2,254.2,254.19166666666666,100.0,0,Ignore
"Jais, Amethi, UTTAR PRADESH",1,253.9,253.865,100.0,0,Ignore
ORAI OFFICE,8,253.9,256.19166666666666,100.0,0,Prioritize for Clearing
"Phursungi, MANJARI, MAHARASHTRA",1,253.9,253.93277777777777,100.0,0,Ignore
"Noida/SPR, Delhi NCR, DELHI",16,253.9,298.5301388888889,81.3,0,Prioritize for Clearing
"Saraikela Kharswan, SARAIKELAKHARSWAN, JHARKHAND",1,253.9,253.92472222222221,100.0,0,Ignore
"Biaora1, Biaora, MADHYA PRADESH",3,253.4,327.2158333333333,100.0,0,Ignore
"Baghpat1, BAGHPAT, UTTAR PRADESH",1,252.5,252.5025,100.0,0,Ignore
KARUKACHAL,3,252.4,232.21666666666667,100.0,0,Ignore
MAHABUBABAD,1,252.4,252.39388888888888,100.0,0,Ignore
"PNQ/VRS-TML, PUNE, MAHARASHTRA",2,252.0,251.99458333333334,100.0,0,Ignore
"PARWANOO, Parwanoo, HIMACHAL PRADESH",1,251.9,251.8686111111111,100.0,0,Ignore
"Puttur, Puttur, ANDHRA PRADESH",4,251.7,302.39180555555555,100.0,0,Ignore
FIROZEPUR,6,251.6,289.85833333333335,100.0,0,Prioritize for Clearing
Meppadi,1,251.4,251.36527777777778,100.0,0,Ignore
PONDICHERRY,2,251.3,251.31347222222223,100.0,0,Ignore
"DEL/NOIDA-EHV, Delhi NCR, DELHI",24,251.3,282.98791666666665,79.2,0,Prioritize for Clearing
"PNQ/TLG, Telegaon, MAHARASHTRA",13,251.2,282.73,92.3,1,Prioritize for Clearing
"VEMAGIRI AP, Rajahmundry, ANDHRA PRADESH",1,251.0,250.95277777777778,100.0,0,Ignore
MOTIPUR,3,250.7,235.6,100.0,0,Ignore
"Henria, CONTAI, WEST BENGAL",3,250.4,353.20472222222224,66.7,1,Ignore
Konnagar,1,250.4,250.37666666666667,100.0,0,Ignore
Basugaon,1,250.3,250.26805555555555,100.0,0,Ignore
"Sultanpur, Sultanpur, UTTAR PRADESH",4,250.1,289.2759722222222,75.0,1,Ignore
CUTTACK,6,250.0,298.0420833333333,83.3,0,Prioritize for Clearing
Karnprayag,1,249.8,249.80083333333334,100.0,0,Ignore
"Payal, MACHIWARA, PUNJAB",3,249.7,249.69222222222223,100.0,0,Ignore
TIRURANGADI,1,249.3,249.3138888888889,100.0,0,Ignore
"Bandikui, Bandikui, RAJASTHAN",4,248.4,306.75805555555553,75.0,1,Ignore
SONARI,1,248.3,248.31222222222223,100.0,0,Ignore
KHATRA,2,248.2,248.23333333333335,100.0,0,Ignore
"THN/KLW-TML, Thane, MAHARASHTRA",3,248.1,273.68361111111113,100.0,0,Ignore
VIKARABAD REACH,4,248.1,240.83333333333334,100.0,0,Ignore
"ISNAPUR, ISNAPUR, TELANGANA",1,247.8,247.79222222222222,100.0,0,Ignore
SULTANPUR,13,247.8,258.01666666666665,100.0,0,Prioritize for Clearing
PATTI,12,247.2,277.8666666666667,100.0,0,Prioritize for Clearing
AMBAD,1,247.1,247.1075,100.0,0,Ignore
"VAZHUTHAKKAD, Trivandrum, KERALA",1,247.1,247.10777777777778,100.0,0,Ignore
"MAA/PAL-TML, Chennai, TAMIL NADU",18,246.5,280.3673611111111,88.9,1,Prioritize for Clearing
SHAHABAD MARKANDA,8,246.3,317.6833333333333,87.5,1,Prioritize for Clearing
CHOTILA,3,246.3,207.23333333333332,100.0,0,Ignore
"Jhajjar kotli, Jhajjar Kotli, JAMMU AND KASHMIR",2,246.3,246.2784722222222,100.0,0,Ignore
PITM,28,246.2,266.0788888888889,92.9,0,Prioritize for Clearing
"TadepalliGudem, Tadepalligudem, ANDHRA PRADESH",3,246.1,273.55555555555554,100.0,0,Ignore
WADI REACH,2,246.0,246.04166666666666,100.0,0,Ignore
"Hinganghat, Hinganghat, MAHARASHTRA",3,246.0,282.0522222222222,100.0,0,Ignore
PONNUR REACH,2,245.9,245.94166666666666,100.0,0,Ignore
BIAORA,5,245.5,255.26666666666668,100.0,0,Prioritize for Clearing
BANDERDEWA,3,245.5,253.58333333333334,100.0,0,Ignore
PARDI VALSAD,6,245.2,314.04166666666663,83.3,0,Prioritize for Clearing
GAJRAULA,7,245.2,323.78333333333336,100.0,0,Prioritize for Clearing
"CGL/MM-Nagar, Chengalpet, TAMIL NADU",2,244.9,244.94805555555553,100.0,0,Ignore
"Dargah Saida Kadal, DARGAH, JAMMU AND KASHMIR",3,244.8,349.24111111111114,100.0,0,Ignore
"BLR/CRM-TML, BANGALORE, KARNATAKA",11,244.7,306.06555555555553,81.8,0,Prioritize for Clearing
SILAPATHER,2,244.4,244.43333333333334,100.0,0,Ignore
WANAPARTHY REACH,4,244.4,300.67499999999995,100.0,0,Ignore
SHYAMNAGAR,1,244.2,244.21166666666667,100.0,0,Ignore
MEHRE,4,243.9,254.51666666666668,100.0,0,Ignore
B C ROAD,10,243.6,255.90833333333336,100.0,0,Prioritize for Clearing
PERUMBAVOOR,4,243.2,267.31666666666666,100.0,0,Ignore
SIDDHARTH NAGAR,5,242.8,254.08333333333334,100.0,0,Prioritize for Clearing
YAWATMAL OUTER,18,242.5,255.33333333333334,88.9,0,Prioritize for Clearing
"MAA/NAM-EHV, Chennai, TAMIL NADU",24,242.2,275.86513888888885,83.3,0,Prioritize for Clearing
RAJPURA,18,242.1,264.6166666666667,88.9,0,Prioritize for Clearing
"Badi Sadri, Badi Sadri, RAJASTHAN",3,241.9,352.9558333333333,66.7,1,Ignore
KOMPALLY PUD,4,241.8,243.86666666666667,100.0,0,Ignore
"Gurusarai, Gurusarai, UTTAR PRADESH",2,241.6,241.6148611111111,100.0,0,Ignore
"BLR/BRY-EHV, BANGALORE, KARNATAKA",61,241.6,306.0152777777778,75.4,0,Prioritize for Clearing
HOWRAH CITY,17,241.2,282.4166666666667,88.2,2,Prioritize for Clearing
"Yavatmal, Yavatmal, MAHARASHTRA",9,239.3,326.2261111111111,77.8,1,Prioritize for Clearing
VIT SERVICE CENTRE,16,239.3,245.41666666666669,93.8,0,Prioritize for Clearing
BAHADURGARH,2,239.1,239.06986111111112,50.0,0,Ignore
"AGR/KML, Agra, UTTAR PRADESH",10,238.8,269.38916666666665,100.0,0,Prioritize for Clearing
ATTUR,3,238.1,229.86666666666667,100.0,0,Ignore
GADHINGLAJ,4,238.1,232.45833333333331,100.0,0,Ignore
ARRAH OFFICE,4,238.0,231.85000000000002,100.0,0,Ignore
GUDIWADA REACH,5,237.6,233.61666666666667,80.0,0,Prioritize for Clearing
"BLR/KMP-EHV, BANGALORE, KARNATAKA",48,237.0,303.87416666666667,79.2,0,Prioritize for Clearing
"PNQ/BHO, PUNE, MAHARASHTRA",14,236.9,234.46402777777774,100.0,0,Prioritize for Clearing
"BLR/HSR-TML, BANGALORE, KARNATAKA",30,236.9,275.4738888888889,96.7,0,Prioritize for Clearing
"Purulia, PURULIA, WEST BENGAL",4,236.8,240.40708333333333,100.0,0,Ignore
ALIBAG,1,236.5,236.54638888888888,100.0,0,Ignore
"BOM/SA-MIR, Mumbai, MAHARASHTRA",34,236.4,290.5698611111111,82.4,2,Prioritize for Clearing
"Beltala, Balurghat, WEST BENGAL",1,236.3,236.30916666666667,100.0,0,Ignore
CHIKALTHANA,18,236.3,306.45,77.8,3,Prioritize for Clearing
"BOM/SA-Dharavi, Mumbai, MAHARASHTRA",3,235.9,226.4336111111111,100.0,0,Ignore
"Sargachi, Murshidabad, WEST BENGAL",2,235.7,235.66277777777776,100.0,0,Ignore
TANDA,9,235.4,279.1166666666667,100.0,0,Prioritize for Clearing
"Peddapalli1, Peddapalli, TELANGANA",1,235.3,235.27166666666668,100.0,0,Ignore
BARDOLI,9,235.2,279.05,88.9,0,Prioritize for Clearing
POCHAMPALLI,1,235.1,235.05,100.0,0,Ignore
"BLR/WHF-TML, BANGALORE, KARNATAKA",27,235.0,255.5425,100.0,0,Prioritize for Clearing
"Kondhwa, PUNE, MAHARASHTRA",14,234.9,277.4838888888889,85.7,0,Prioritize for Clearing
RAMGARH BDEL,16,234.6,294.8,93.8,1,Prioritize for Clearing
"Rupana, Rupana, PUNJAB",3,234.5,330.1719444444444,66.7,1,Ignore
"BLR/CRP-TML, BANGALORE, KARNATAKA",18,234.5,243.74124999999998,94.4,1,Prioritize for Clearing
DHOLPUR,6,234.2,218.21666666666667,100.0,0,Prioritize for Clearing
"Indora, Indora, HIMACHAL PRADESH",1,234.1,234.1486111111111,100.0,0,Ignore
MALOUT,10,234.1,256.16666666666663,90.0,0,Prioritize for Clearing
"HYD/MOU-TML, Hyderabad, TELANGANA",17,233.9,260.06388888888887,82.4,1,Prioritize for Clearing
DEHGAM,5,233.9,281.35,100.0,0,Prioritize for Clearing
"Dabaspet, Dabaspet, KARNATAKA",1,233.7,233.695,100.0,0,Ignore
"Piler, Piler, ANDHRA PRADESH",1,233.4,233.44361111111112,100.0,0,Ignore
"Mangaon, Mangaon, MAHARASHTRA",1,233.4,233.44583333333333,100.0,0,Ignore
AMADALAVALASA REACH,2,233.4,233.35833333333335,100.0,0,Ignore
NANDURA,1,233.3,233.28333333333333,100.0,0,Ignore
"BARPETA ROAD, BARPETA, ASSAM",4,233.2,258.5713888888889,100.0,0,Ignore
JAYSHINGPUR,2,233.2,233.24166666666667,100.0,0,Ignore
PANRUTI,1,233.2,233.21666666666667,100.0,0,Ignore
MANAPARAI,4,232.9,280.10833333333335,75.0,0,Ignore
"PDY/SA-ECR, PONDICHERRY, TAMIL NADU",2,232.9,232.89069444444448,100.0,0,Ignore
"OOTY, Ooty, TAMIL NADU",3,232.8,256.6297222222222,100.0,0,Ignore
"Salumber, Salumber, RAJASTHAN",1,232.8,232.80555555555554,100.0,0,Ignore
"Warud, Warud, MAHARASHTRA",3,232.7,257.8905555555556,66.7,0,Ignore
FARIDABAD (FDBD),1,232.6,232.57722222222222,100.0,0,Ignore
"SURAT/SRT, Surat, GUJARAT",18,232.5,241.34708333333333,94.4,1,Prioritize for Clearing
"BLR/SRM-TML, BANGALORE, KARNATAKA",37,232.3,252.07444444444445,94.6,1,Prioritize for Clearing
"SRIKONA, SRIKONA, ASSAM",1,232.2,232.19416666666666,100.0,0,Ignore
SHAHPUR,2,232.0,232.00833333333333,100.0,0,Ignore
ANAND,28,231.9,291.31625,85.7,0,Prioritize for Clearing
NARAYANPET,3,231.7,275.3666666666667,100.0,0,Ignore
"Naxalbari, NAXALBARI, WEST BENGAL",2,231.7,231.74027777777778,100.0,0,Ignore
"Danta Ramgarh, Dantaramgarh, RAJASTHAN",3,231.6,205.88194444444446,100.0,0,Ignore
TINDIVANAM,1,231.4,231.43333333333334,100.0,0,Ignore
AMTA,2,231.2,231.21666666666664,100.0,0,Ignore
"Chimur, Chimur, MAHARASHTRA",4,231.2,230.71666666666667,100.0,0,Ignore
KONDI SOLAPUR,3,231.1,228.73333333333332,100.0,0,Ignore
DAKSHIN BARASAT,5,231.1,207.9,100.0,0,Prioritize for Clearing
"Buldhana, Buldhana, MAHARASHTRA",1,230.9,230.94694444444445,100.0,0,Ignore
MANMAD,12,230.8,243.69166666666666,75.0,1,Prioritize for Clearing
"Ambejogai, Ambejogai, MAHARASHTRA",5,230.8,234.50055555555556,100.0,0,Prioritize for Clearing
MEDINIPUR,3,230.7,294.08944444444444,100.0,0,Ignore
HISSAR CANTONMENT,45,230.7,257.48333333333335,86.7,0,Prioritize for Clearing
BANAHATTI,2,230.6,230.625,100.0,0,Ignore
GUMLA,3,230.6,205.68333333333334,100.0,0,Ignore
"Tarapith, Rampurhat, WEST BENGAL",3,230.5,226.8802777777778,100.0,0,Ignore
KATNI,12,230.4,268.2583333333333,91.7,1,Prioritize for Clearing
"Mandvi, Mandvi, GUJARAT",1,230.2,230.16972222222222,100.0,0,Ignore
"Tumsar, Tumsar, MAHARASHTRA",6,230.2,256.0348611111111,83.3,1,Prioritize for Clearing
BALLY BDEL,42,229.9,235.95,90.5,3,Prioritize for Clearing
"DEL/SDL-EHV, New Delhi, DELHI",57,229.8,278.3652777777778,78.9,0,Prioritize for Clearing
INDAPUR,3,229.7,254.46666666666667,100.0,0,Ignore
INDUSTRIAL AREA WARE,1,229.5,229.46666666666667,100.0,0,Ignore
KUCHAMAN CITY,9,229.5,299.9166666666667,88.9,1,Prioritize for Clearing
SHIVPURI EXPANSION,14,229.5,257.60833333333335,92.9,1,Prioritize for Clearing
"PURSURAH, Pursurah, WEST BENGAL",2,229.3,229.25652777777776,100.0,0,Ignore
"Andal, Asansol, WEST BENGAL",3,229.3,328.50944444444445,66.7,0,Ignore
"Manmad, Manmad, MAHARASHTRA",3,229.2,306.8677777777778,100.0,0,Ignore
CHHOTAUDAIPUR,1,229.2,229.16666666666666,100.0,0,Ignore
"MAA/SEL-TML, Chennai, TAMIL NADU",28,228.8,255.9997222222222,85.7,1,Prioritize for Clearing
HALOL REACH,6,228.7,288.25,83.3,0,Prioritize for Clearing
MIRYALGUDA,5,228.7,277.48333333333335,100.0,0,Prioritize for Clearing
"Mungeli, Mungeli, CHHATTISGARH",1,228.5,228.45222222222222,100.0,0,Ignore
"PNQ/YWD1-TML, PUNE, MAHARASHTRA",9,228.2,279.08194444444445,88.9,0,Prioritize for Clearing
"HYD/NGL-TML, Hyderabad, TELANGANA",2,228.2,228.16305555555556,100.0,0,Ignore
"Sonakhali, Sonakhali, WEST BENGAL",1,228.2,228.16861111111112,100.0,0,Ignore
"Jawad, Jawad, MADHYA PRADESH",1,228.1,228.07194444444445,100.0,0,Ignore
"POOKKOTTUMPADAM, POOKKOTTUMPADAM, KERALA",1,228.1,228.12666666666667,100.0,0,Ignore
"NBM/NRL, Navi Mumbai, MAHARASHTRA",28,228.0,276.8538888888889,85.7,1,Prioritize for Clearing
"Sewla Kalan, Dehradun, UTTARAKHAND",6,227.9,242.92472222222221,83.3,0,Prioritize for Clearing
"Chachal, CHACHAL, WEST BENGAL",1,227.8,227.81805555555556,100.0,0,Ignore
Chapra,2,227.6,227.56944444444446,100.0,0,Ignore
Jaspur,1,227.4,227.35305555555556,100.0,0,Ignore
"Solan, Solan, HIMACHAL PRADESH",7,227.3,278.8636111111111,100.0,0,Prioritize for Clearing
"Malkharoda, Sakti, CHHATTISGARH",1,227.2,227.2188888888889,100.0,0,Ignore
TRICHY KK NAGAR,10,227.1,266.68333333333334,100.0,0,Prioritize for Clearing
"RSC/Rishikesh, Rishikesh, UTTARAKHAND",7,226.6,280.76222222222225,85.7,1,Prioritize for Clearing
"Haveri, Haveri, KARNATAKA",1,226.5,226.46666666666667,100.0,0,Ignore
"BLR/VAR-TML, BANGALORE, KARNATAKA",13,226.4,184.88194444444446,92.3,1,Prioritize for Clearing
"BOM/SA-Wadala, Mumbai, MAHARASHTRA",13,226.1,182.48055555555555,100.0,0,Prioritize for Clearing
"Manvi, Manvi, KARNATAKA",3,225.9,299.735,66.7,0,Ignore
MADDUR,3,225.9,234,100.0,0,Ignore
DWARKA (DWRK),2,225.8,225.7776388888889,100.0,0,Ignore
"ALG/AMU, Aligarh, UTTAR PRADESH",5,225.8,229.41472222222222,80.0,1,Prioritize for Clearing
NARAINGARH,12,225.7,230.075,100.0,0,Prioritize for Clearing
ROHA,1,225.7,225.73583333333335,100.0,0,Ignore
"Gubbi, Gubbi, KARNATAKA",2,225.7,225.66069444444446,100.0,0,Ignore
"Sujanpur Tira, SUJANPUR TIRA, HIMACHAL PRADESH",1,225.6,225.61305555555555,100.0,0,Ignore
"NORTH PARAVUR, Cochin, KERALA",5,225.3,208.15472222222223,100.0,0,Prioritize for Clearing
"KTN/Katni, Katni, MADHYA PRADESH",12,225.1,256.4263888888889,83.3,2,Prioritize for Clearing
TIRUPUR,10,224.9,277.0447222222222,80.0,0,Prioritize for Clearing
"BOM/SRE-EHV, Mumbai, MAHARASHTRA",9,224.6,186.8486111111111,100.0,0,Prioritize for Clearing
"Ajmer, Ajmer, RAJASTHAN",29,224.5,211.31694444444443,79.3,1,Prioritize for Clearing
"SARTHEBARI, BARPETA, ASSAM",3,224.4,299.40277777777777,66.7,1,Ignore
"Juhulane, Mumbai, MAHARASHTRA",162,224.4,252.7915277777778,85.2,7,Prioritize for Clearing
"Santacruz West, Mumbai, MAHARASHTRA",71,224.2,258.06333333333333,84.5,3,Prioritize for Clearing
Shahjhanpur,1,224.1,224.10083333333333,100.0,0,Ignore
"Banar, Banar, RAJASTHAN",3,224.0,257.2108333333333,100.0,0,Ignore
NORTH LAKHIMPUR,1,223.9,223.8947222222222,100.0,0,Ignore
KUSHALNAGAR,9,223.8,255.18333333333334,100.0,0,Prioritize for Clearing
"Chiplun1, Chiplun, MAHARASHTRA",5,223.5,277.3541666666667,100.0,0,Prioritize for Clearing
"HYD/YOU, Hyderabad, TELANGANA",14,223.2,303.4363888888889,78.6,2,Prioritize for Clearing
ELUC,15,223.2,256.00416666666666,100.0,3,Prioritize for Clearing
SHORNUR,10,222.9,233.03333333333333,90.0,0,Prioritize for Clearing
BALUGAON OFFICE,4,222.9,247.47500000000002,100.0,0,Ignore
UDAIPUR TRIPURA,3,222.8,229.63333333333333,100.0,0,Ignore
TORANAGAL,5,222.8,233.13333333333333,100.0,0,Prioritize for Clearing
MAHUA OFFICE,5,222.8,256.6,80.0,0,Prioritize for Clearing
KHOPOLI,16,222.7,230.59166666666667,87.5,0,Prioritize for Clearing
MOODBIDRI,12,222.5,242.41666666666669,91.7,0,Prioritize for Clearing
"Badnawar, Badnawar, MADHYA PRADESH",2,222.4,222.44375,100.0,1,Ignore
"Bhadreswar, Bhadreswar, WEST BENGAL",2,222.3,222.25652777777776,100.0,0,Ignore
NORTH LAKHIMPUR OFFICE,8,222.2,268.3,100.0,0,Prioritize for Clearing
"HYD/SRN-TML, Hyderabad, TELANGANA",8,222.0,207.01458333333335,100.0,0,Prioritize for Clearing
"MARIANI, Mariani, ASSAM",2,222.0,222.0265277777778,100.0,0,Ignore
NAVSARI,19,222.0,254.45,84.2,0,Prioritize for Clearing
GARHWA OFFICE,2,221.9,221.925,100.0,0,Ignore
BILLIMORA,22,221.9,196.81666666666666,86.4,0,Prioritize for Clearing
SILLOD,4,221.7,252.00833333333333,100.0,0,Ignore
"Jaynagar1, MADHUBANI, BIHAR",3,221.7,233.98222222222222,100.0,0,Ignore
"BOM/VIKHROLI-TML, Mumbai, MAHARASHTRA",8,221.4,302.31152777777777,75.0,1,Prioritize for Clearing
SARJAPURA,27,221.0,229.35,85.2,2,Prioritize for Clearing
"Shegaon MH, shegaon MH, MAHARASHTRA",5,220.9,283.22805555555556,100.0,0,Prioritize for Clearing
"CJB/SVP1-TML, Coimbatore, TAMIL NADU",7,220.8,281.25138888888887,71.4,0,Prioritize for Clearing
"MAA/TMB-EHV, Chennai, TAMIL NADU",11,220.8,282.1483333333333,81.8,0,Prioritize for Clearing
"HYD/BUP, Hyderabad, TELANGANA",9,220.6,181.76555555555555,100.0,0,Prioritize for Clearing
DHKE,40,220.4,231.94097222222223,92.5,0,Prioritize for Clearing
"Manalur, Manalur, KERALA",8,220.3,253.0623611111111,87.5,0,Prioritize for Clearing
"TALCHER, TALCHER, ORISSA",11,220.2,282.5861111111111,100.0,0,Prioritize for Clearing
NANDIGAMA,2,220.1,220.1272222222222,100.0,0,Ignore
BHONGIR,5,220.1,257.78333333333336,100.0,0,Prioritize for Clearing
"KNP/JMU, Kanpur, UTTAR PRADESH",6,219.6,231.86069444444445,83.3,0,Prioritize for Clearing
ELURU,7,219.6,227.98361111111112,100.0,0,Prioritize for Clearing
"CCU/BALLYGUNGE-TML, Kolkata, WEST BENGAL",9,219.5,251.94083333333333,77.8,1,Prioritize for Clearing
"COK/KAD-TML, Cochin, KERALA",7,219.5,224.48694444444445,100.0,0,Prioritize for Clearing
"Porbandar1, PORBANDAR, GUJARAT",5,219.4,329.5202777777778,60.0,0,Prioritize for Clearing
"Ongole, Ongole, ANDHRA PRADESH",4,219.2,267.5543055555556,75.0,0,Ignore
"Keshpur, Keshpur, ORISSA",3,219.2,253.51166666666666,100.0,0,Ignore
TAMLUK,8,219.1,211.02499999999998,100.0,0,Prioritize for Clearing
PARK STREET ETAIL CENTR,28,219.1,220.025,89.3,0,Prioritize for Clearing
"VIJ/VIJ, Vijayawada, ANDHRA PRADESH",19,219.0,255.28972222222222,94.7,1,Prioritize for Clearing
PARVATHIPURAM REACH,3,219.0,209.93333333333334,100.0,0,Ignore
BAIHATA CHARIALI,3,218.9,281.25,100.0,0,Ignore
BORSAD,10,218.6,230,100.0,0,Prioritize for Clearing
"MAA/UPM-TML, Chennai, TAMIL NADU",3,218.4,282.8238888888889,66.7,0,Ignore
"Udhna GJ, Surat, GUJARAT",78,218.1,219.69611111111112,85.9,3,Prioritize for Clearing
"BLR/RRN-TML, BANGALORE, KARNATAKA",13,218.1,250.54916666666668,92.3,1,Prioritize for Clearing
MARIKAL REACH,2,218.1,218.05,100.0,0,Ignore
SHIRUR RANJANGAON,6,218.1,232.59166666666664,100.0,0,Prioritize for Clearing
"Laxmangarh, Laxmangarh, RAJASTHAN",5,218.0,232.8336111111111,80.0,1,Prioritize for Clearing
DHONE,3,217.7,279.75,66.7,0,Ignore
BAVLA,8,217.6,233.13333333333333,87.5,0,Prioritize for Clearing
PALGHAR,14,217.6,207.08333333333334,85.7,0,Prioritize for Clearing
BALIAPAL OFFICE,5,217.5,233.9,100.0,0,Prioritize for Clearing
NAGOTHANE,3,217.5,230.98333333333332,66.7,0,Ignore
FATUHA,4,217.5,236.425,100.0,0,Ignore
Vittla,2,217.5,217.47708333333333,100.0,0,Ignore
"MAA/TMV-TML, Chennai, TAMIL NADU",7,217.5,210.3361111111111,85.7,0,Prioritize for Clearing
MANNARGHAT,2,217.4,217.35,100.0,0,Ignore
PERIYANAICKANPALAYAM,2,217.4,217.375,100.0,0,Ignore
RUPNAGAR,3,217.2,248.09083333333334,100.0,0,Ignore
"Guruvayur, Guruvayur, KERALA",3,217.0,256.8847222222222,66.7,0,Ignore
SAFDARJUNG ENCLAVE,7,217.0,204.56666666666666,85.7,0,Prioritize for Clearing
"BLR/SPA-TML, BANGALORE, KARNATAKA",14,216.9,261.71263888888893,78.6,0,Prioritize for Clearing
NAKODAR,9,216.9,232.56666666666666,77.8,0,Prioritize for Clearing
JHUNJHUNU,8,216.7,195.675,87.5,0,Prioritize for Clearing
PARBHANI,13,216.6,230.16666666666666,84.6,2,Prioritize for Clearing
"Picnic Garden-TML, Kolkata, WEST BENGAL",3,216.6,283.43444444444447,66.7,1,Ignore
"Karaikudi, KARAIKUDI, TAMIL NADU",3,216.6,185.13416666666666,100.0,0,Ignore
RAKHIAL PUD,8,216.6,253.13333333333333,100.0,0,Prioritize for Clearing
BARMER,11,216.0,249.15,90.9,0,Prioritize for Clearing
SAVARKUNDLA,2,216.0,216.0333333333333,100.0,0,Ignore
CHERPULASERRY,8,215.8,253.975,87.5,0,Prioritize for Clearing
"Chumukedima, Chumukidima, NAGALAND",4,215.7,229.00847222222222,100.0,0,Ignore
"Kashipur, Kashipur, UTTARAKHAND",9,215.7,283.50416666666666,77.8,2,Prioritize for Clearing
THALASSERY,9,215.7,251.03333333333333,88.9,0,Prioritize for Clearing
REWA,19,215.2,228.95,89.5,2,Prioritize for Clearing
SHIVDASPURA,6,215.2,244.20833333333331,83.3,0,Prioritize for Clearing
SATNA,13,215.1,234.48333333333332,92.3,0,Prioritize for Clearing
JEJURI,4,215.1,228.975,100.0,0,Ignore
Ahiyachak,2,215.1,215.0575,100.0,0,Ignore
NANDYAL,3,215.0,300.965,66.7,0,Ignore
PORBANDAR,22,214.9,209.03333333333336,90.9,0,Prioritize for Clearing
"Ramnagar2, Ramnagar, UTTARAKHAND",7,214.9,276.5394444444444,100.0,0,Prioritize for Clearing
PITHAMPUR,8,214.9,230.30833333333334,87.5,0,Prioritize for Clearing
EAST DELHI (EDLC),2,214.8,214.78805555555556,100.0,0,Ignore
VIJAYAPURA,26,214.7,233.25833333333333,84.6,0,Prioritize for Clearing
PALANPUR,16,214.6,206.65833333333333,100.0,0,Prioritize for Clearing
SIRKALI,5,214.5,185.05,80.0,0,Prioritize for Clearing
RAYACHOTY,5,214.5,257.71666666666664,100.0,0,Prioritize for Clearing
ANAND APEX/SFC CENTRE,2,214.3,214.31666666666666,100.0,0,Ignore
"BLR/MCL-TML, BANGALORE, KARNATAKA",21,214.3,161.24555555555557,85.7,0,Prioritize for Clearing
"Jainagar1, JAINAGAR JH, JHARKHAND",3,214.2,156.93194444444444,100.0,0,Ignore
"Barwani, Barwani, MADHYA PRADESH",6,214.0,193.00430555555556,100.0,0,Prioritize for Clearing
NARAYANKED REACH,4,213.9,265.5833333333333,75.0,0,Ignore
MEERUT,6,213.6,251.96736111111113,83.3,0,Prioritize for Clearing
BAIJNATH,3,213.5,182.3,100.0,0,Ignore
"Poonch Up, Poonch UP, UTTAR PRADESH",2,213.3,213.25986111111112,100.0,0,Ignore
"Seoni, Seoni, MADHYA PRADESH",6,213.2,240.64194444444445,66.7,2,Prioritize for Clearing
"BOM/BDP-TML, Mumbai, MAHARASHTRA",19,213.2,183.43083333333334,89.5,1,Prioritize for Clearing
CHURCHGATE,9,213.2,210.15,88.9,1,Prioritize for Clearing
"Eluru, Eluru, ANDHRA PRADESH",7,213.2,185.87722222222223,100.0,0,Prioritize for Clearing
MARIGAON OFFICE,3,213.2,227.13333333333333,100.0,0,Ignore
"BLR/KYN-TML, BANGALORE, KARNATAKA",36,212.9,219.39097222222222,88.9,0,Prioritize for Clearing
"HYD/SAI, Hyderabad, TELANGANA",31,212.7,254.8322222222222,77.4,2,Prioritize for Clearing
ANDHERI WEST S/C,31,212.6,258.31666666666666,67.7,2,Prioritize for Clearing
"ALLAPEY, Allapey, KERALA",3,212.6,280.14722222222224,100.0,0,Ignore
Annur,2,212.4,212.3722222222222,50.0,0,Ignore
SIRSA EXPANSION,18,212.3,229.69166666666666,77.8,0,Prioritize for Clearing
CHAIBASA,8,212.3,232.875,87.5,0,Prioritize for Clearing
"Sangli, Veeta, MAHARASHTRA",16,212.1,196.85805555555555,93.8,0,Prioritize for Clearing
"Loni Kalbhor, PUNE, MAHARASHTRA",2,211.9,211.92305555555555,100.0,0,Ignore
"Kolhui, Kolhui, UTTAR PRADESH",9,211.8,281.4766666666667,100.0,0,Prioritize for Clearing
PUNDRI,14,211.8,207.1,85.7,0,Prioritize for Clearing
BOUDH OFFICE,1,211.6,211.61666666666667,100.0,0,Ignore
RATLAM,24,211.6,196.5,83.3,1,Prioritize for Clearing
"MANGALORE, Mangalore, KARNATAKA",6,211.6,220.75583333333333,100.0,0,Prioritize for Clearing
"MAA/ANR-TML, Chennai, TAMIL NADU",45,211.6,258.7025,95.6,0,Prioritize for Clearing
KUMBAKONAM,8,211.3,194.99166666666667,87.5,0,Prioritize for Clearing
NUZVID,4,211.3,241.71666666666667,100.0,0,Ignore
"KNP IIT, Kanpur, UTTAR PRADESH",9,211.3,224.78416666666666,100.0,0,Prioritize for Clearing
"NGP/PVN-TML, Nagpur, MAHARASHTRA",9,211.1,277.5125,100.0,0,Prioritize for Clearing
NASIRABAD,1,211.0,210.95,100.0,0,Ignore
ANKOLA,1,211.0,211,100.0,0,Ignore
"Kasegaon, kasegaon, MAHARASHTRA",6,210.9,289.09125,83.3,1,Prioritize for Clearing
MAHARAJGANJ,12,210.9,255.025,83.3,0,Prioritize for Clearing
OMALUR,1,210.9,210.85,100.0,0,Ignore
JAGGAIAHPET,3,210.8,256.81666666666666,66.7,0,Ignore
LAXMANGARH,3,210.8,252,100.0,0,Ignore
"Rajkot, Rajkot, GUJARAT",25,210.8,185.3061111111111,92.0,1,Prioritize for Clearing
NANDIGAMA REACH,1,210.8,210.83333333333334,100.0,0,Ignore
BALLIA,15,210.8,184.73333333333332,100.0,0,Prioritize for Clearing
PONDA,14,210.7,208.47500000000002,92.9,0,Prioritize for Clearing
SIRSI,3,210.7,281.75,100.0,0,Ignore
"Raxual1, Raxual, BIHAR",3,210.6,234.91833333333332,100.0,0,Ignore
GOLA OFFICE,2,210.5,210.45833333333331,100.0,0,Ignore
"BLR/JGI-TML, BANGALORE, KARNATAKA",4,210.5,197.64402777777778,100.0,1,Ignore
"BOM/FRT, Mumbai, MAHARASHTRA",21,210.5,180.57055555555556,90.5,1,Prioritize for Clearing
BELWANDI,1,210.5,210.45,100.0,0,Ignore
Talegaon,3,210.4,227.43694444444444,66.7,0,Ignore
"Chirawa1, Chirawa, RAJASTHAN",2,210.4,210.44583333333333,100.0,0,Ignore
"ERUMELI, Pathanamthitta, KERALA",1,210.3,210.26833333333335,100.0,0,Ignore
"GKP/MRD, Gorakhpur, UTTAR PRADESH",13,210.2,256.8072222222222,61.5,2,Prioritize for Clearing
"4th MILE, DIMAPUR, NAGALAND",2,210.0,210.02958333333333,100.0,0,Ignore
"Singur, SINGUR, WEST BENGAL",1,210.0,210.0113888888889,100.0,0,Ignore
"Dhayari, Dhayari, MAHARASHTRA",5,210.0,180.43555555555557,100.0,0,Prioritize for Clearing
"Pali, Pali, RAJASTHAN",4,209.9,186.8026388888889,100.0,0,Ignore
"Jhabua, Jhabua, MADHYA PRADESH",2,209.9,209.8947222222222,100.0,0,Ignore
TALWANDI SABOO,6,209.8,256.60833333333335,83.3,1,Prioritize for Clearing
MEER,130,209.8,229.2086111111111,86.2,8,Prioritize for Clearing
MOOZHIKKAL,9,209.7,233.5,88.9,0,Prioritize for Clearing
"Bhatkal, Bhatkal, KARNATAKA",1,209.6,209.63694444444445,100.0,0,Ignore
Balangir,3,209.6,279.6816666666667,100.0,0,Ignore
"Limdi, Limdi, GUJARAT",1,209.6,209.57805555555555,100.0,0,Ignore
HIRIYUR,3,209.5,185.26666666666668,100.0,0,Ignore
KOKRAJHAR,1,209.5,209.46666666666667,100.0,0,Ignore
"KONWAR HANDIQUE GAON, Dibrugarh, ASSAM",1,209.5,209.5402777777778,100.0,0,Ignore
SINDHWA,1,209.5,209.45,100.0,0,Ignore
"Ghatshila, Ghatshila, JHARKHAND",3,209.4,274.82416666666666,66.7,1,Ignore
SATARA,31,209.4,232.68333333333334,83.9,0,Prioritize for Clearing
"Nirmal, NIRMAL, TELANGANA",1,209.4,209.40194444444444,100.0,0,Ignore
VIRAR WEST,64,209.3,245.74166666666667,84.4,2,Prioritize for Clearing
ANAKAPALLE,7,209.3,255.71666666666667,100.0,0,Prioritize for Clearing
ROHINI (RHNI),1,209.3,209.25,100.0,0,Ignore
"MAA/KBM, Chennai, TAMIL NADU",1,209.3,209.3413888888889,100.0,0,Ignore
IBRAHIMPATAM,3,209.3,208.45,100.0,0,Ignore
"Sakinaka, Mumbai, MAHARASHTRA",29,209.3,183.32583333333332,79.3,2,Prioritize for Clearing
"Amla, Amla, MADHYA PRADESH",3,209.2,201.8525,100.0,0,Ignore
"Khajurao MP, Khajurao MP, MADHYA PRADESH",1,209.1,209.1236111111111,100.0,0,Ignore
"Shahdol, Shahdol, MADHYA PRADESH",4,208.9,184.81166666666667,100.0,0,Ignore
"MELUR, MELUR, TAMIL NADU",1,208.8,208.83805555555554,100.0,0,Ignore
"Pratapgarh-RJ, PratapgarhRJ, RAJASTHAN",4,208.8,209.67236111111112,100.0,0,Ignore
"CCU/RMG-TML, Kolkata, WEST BENGAL",7,208.7,158.57416666666666,85.7,0,Prioritize for Clearing
PURI EXPANSION,19,208.5,231,84.2,2,Prioritize for Clearing
"Bilimora, Bilimora, GUJARAT",4,208.4,185.66444444444443,100.0,0,Ignore
"Chakiya, Chakiya, UTTAR PRADESH",3,208.2,302.6213888888889,66.7,0,Ignore
"Theog, THEOG, HIMACHAL PRADESH",1,208.1,208.0913888888889,100.0,0,Ignore
"Desuri, Desuri, RAJASTHAN",1,208.1,208.0677777777778,100.0,0,Ignore
"Fatorda, Margao, GOA",2,208.1,208.0823611111111,100.0,0,Ignore
BHAYANDER,58,208.0,208.06666666666666,89.7,3,Prioritize for Clearing
KUNDAPURA,14,207.9,208.625,92.9,0,Prioritize for Clearing
Janagaon,2,207.9,207.86513888888888,50.0,0,Ignore
LALGANJ,2,207.9,207.92055555555555,50.0,0,Ignore
LONAND,1,207.8,207.78333333333333,100.0,0,Ignore
SHADNAGAR,11,207.8,252.66666666666666,72.7,0,Prioritize for Clearing
"Surada, SURADA, ORISSA",1,207.8,207.7902777777778,100.0,0,Ignore
"Noida/PAL, Delhi NCR, DELHI",28,207.7,215.88597222222222,82.1,0,Prioritize for Clearing
THUCKALAY,1,207.6,207.58333333333334,100.0,0,Ignore
"Itarsi, Itarsi, MADHYA PRADESH",2,207.6,207.58541666666667,100.0,0,Ignore
JAIGON,8,207.5,205.72500000000002,87.5,0,Prioritize for Clearing
BHARUCH OFFICE,10,207.5,207.99166666666667,60.0,1,Prioritize for Clearing
Tirora,2,207.5,207.49041666666668,50.0,0,Ignore
RENUKOOT,12,207.4,231.18333333333334,100.0,0,Prioritize for Clearing
KOLENCHERRY,9,207.3,275.18333333333334,100.0,0,Prioritize for Clearing
Anand Tradars NAGPUR,2,207.1,207.08319444444444,100.0,0,Ignore
"CCU/Kakurgachi-TML, Kolkata, WEST BENGAL",11,207.1,274.92833333333334,90.9,1,Prioritize for Clearing
AGARMALWA,3,207.1,279.56666666666666,66.7,0,Ignore
"Mirik, MIRIK, WEST BENGAL",1,207.1,207.14305555555555,100.0,0,Ignore
MANGALGIRI,9,207.1,281.1666666666667,88.9,0,Prioritize for Clearing
SectorV Hub Kolkata,2,207.0,207.01375000000002,50.0,0,Ignore
HIREKERUR,1,207.0,206.95,100.0,0,Ignore
DWARIKA SERVICE CENTRE,36,207.0,235.00833333333333,86.1,1,Prioritize for Clearing
"Godhra, Godhra, GUJARAT",4,206.9,206.00666666666666,100.0,0,Ignore
HEBRI,2,206.8,206.825,100.0,0,Ignore
NABARANGPUR OFFICE,2,206.7,206.73333333333335,100.0,0,Ignore
"LKO/PKM1, Lucknow, UTTAR PRADESH",11,206.6,185.30944444444444,100.0,0,Prioritize for Clearing
"Dehra, Dehra, HIMACHAL PRADESH",1,206.6,206.62333333333333,100.0,0,Ignore
BUTIBORI,8,206.6,208.04166666666666,100.0,0,Prioritize for Clearing
IGATPURI,5,206.5,249.01666666666668,100.0,0,Prioritize for Clearing
"Kotputli, Kotputli, RAJASTHAN",3,206.4,161.23583333333335,100.0,0,Ignore
"Mandi City, Mandi City, HIMACHAL PRADESH",2,206.4,206.40986111111113,100.0,0,Ignore
SHAHDOL,4,206.2,218.36666666666667,100.0,0,Ignore
"Bazpur, Bazpur, UTTARAKHAND",1,206.1,206.05,100.0,0,Ignore
"Roorkee, Roorkee, UTTARAKHAND",8,205.8,219.55819444444444,75.0,0,Prioritize for Clearing
VINCHHIYA,1,205.8,205.8,100.0,0,Ignore
KAVALANDE,4,205.8,175.45833333333334,100.0,0,Ignore
"SILCHAR, Silchar, ASSAM",9,205.8,226.9597222222222,100.0,0,Prioritize for Clearing
MANJARI,13,205.6,183.98333333333332,84.6,0,Prioritize for Clearing
DHAMTARI,6,205.6,209.18333333333334,83.3,0,Prioritize for Clearing
TRPH,36,205.4,218.91569444444445,80.6,0,Prioritize for Clearing
"Barnala, Barnala, PUNJAB",8,205.2,206.38055555555553,87.5,0,Prioritize for Clearing
"HYD/MYP, Hyderabad, TELANGANA",12,205.1,184.63791666666668,75.0,0,Prioritize for Clearing
"Pehowa, Pehwa, HARYANA",1,205.1,205.14777777777778,100.0,0,Ignore
EZHUPUNNA,1,204.7,204.73333333333332,100.0,0,Ignore
GANGAVATHI,9,204.7,204.11666666666667,100.0,0,Prioritize for Clearing
BHACHAU,4,204.5,221.2,75.0,0,Ignore
"RSC/Tonk, Tonk, RAJASTHAN",2,204.4,204.4211111111111,50.0,0,Ignore
Baleswar,2,204.2,204.23819444444445,50.0,0,Ignore
PARADIP,1,204.0,203.96583333333334,100.0,0,Ignore
"BLR/MMD-TML, BANGALORE, KARNATAKA",13,203.8,256.0202777777778,76.9,0,Prioritize for Clearing
SIKANDRABAD,7,203.7,211.66666666666666,71.4,0,Prioritize for Clearing
KANHANGAD,1,203.5,203.48333333333332,100.0,0,Ignore
OKHLA (OKHL),4,203.5,190.59916666666666,100.0,0,Ignore
Dharmavaram,6,203.4,203.42333333333335,50.0,0,Prioritize for Clearing
ICHALKARANJI,26,203.4,181.93333333333334,88.5,0,Prioritize for Clearing
Tenali,2,203.3,203.2576388888889,50.0,0,Ignore
"SRT/KTG, Surat, GUJARAT",31,203.3,162.5313888888889,87.1,0,Prioritize for Clearing
"HALDIA, Haldia, WEST BENGAL",2,203.3,203.28416666666664,100.0,0,Ignore
Margherita,2,203.3,203.32986111111111,100.0,0,Ignore
ALLAHABAD,3,203.2,284.66055555555556,66.7,0,Ignore
BALANGIR,4,203.1,242.75,75.0,1,Ignore
"BHARUCH, Bharuch, GUJARAT",17,203.1,184.60972222222222,94.1,1,Prioritize for Clearing
BHANDARA,11,203.0,186.13333333333333,100.0,0,Prioritize for Clearing
"BLR/JPN-EHV, BANGALORE, KARNATAKA",64,203.0,303.93652777777777,65.6,0,Prioritize for Clearing
"GANNAVARAM, Gannavaram, ANDHRA PRADESH",2,202.9,202.8720833333333,100.0,0,Ignore
CHALAKUDY,4,202.7,232.18333333333334,75.0,0,Ignore
"VPT/MVP, Visakhapatnam, ANDHRA PRADESH",9,202.7,282.8611111111111,66.7,0,Prioritize for Clearing
"Saphale, Saphale, MAHARASHTRA",2,202.6,202.64430555555555,100.0,0,Ignore
"Jaysingpur, Jaysingpur, MAHARASHTRA",6,202.5,186.23222222222222,100.0,0,Prioritize for Clearing
MANDLA,8,202.4,244.10000000000002,87.5,0,Prioritize for Clearing
MAGARPATTA CITY PUD,23,202.4,254.55,95.7,1,Prioritize for Clearing
MADURAI BYE-PASS,20,202.4,217.84166666666667,90.0,0,Prioritize for Clearing
"Nasarapur MH, Nasrapur MH, MAHARASHTRA",2,202.3,202.28013888888887,100.0,0,Ignore
VERNA PUD,3,202.3,208.95,66.7,0,Ignore
ROHTAK,88,202.3,228.78291666666667,76.1,7,Prioritize for Clearing
"HYD/NAC-EHV, Hyderabad, TELANGANA",7,202.1,235.29666666666665,71.4,0,Prioritize for Clearing
KANNUR SERVICE CENTRE,8,201.9,222.40833333333336,75.0,1,Prioritize for Clearing
FARAKKA,3,201.9,233.11666666666667,66.7,0,Ignore
"Motihari, Motihari, BIHAR",9,201.9,208.45527777777778,88.9,1,Prioritize for Clearing
SUNDERGARH,1,201.9,201.86666666666667,100.0,0,Ignore
CHAMRAJNAGAR,3,201.7,279.6166666666667,100.0,0,Ignore
"Karunagal, KARUNAGAL, TAMIL NADU",1,201.7,201.70666666666668,100.0,0,Ignore
"Datiya, Datiya, MADHYA PRADESH",3,201.6,258.9838888888889,66.7,0,Ignore
"DEL/TLN, New Delhi, DELHI",67,201.6,185.6002777777778,80.6,1,Prioritize for Clearing
"KURUKSHETRA, KURUKSHETRA, HARYANA",21,201.5,233.2188888888889,90.5,1,Prioritize for Clearing
"BDH/Bhadohi, Bhadohi, UTTAR PRADESH",6,201.5,219.03555555555556,83.3,1,Prioritize for Clearing
"YAMUNANAGAR, Yamunanagar, HARYANA",29,201.2,162.26472222222222,89.7,2,Prioritize for Clearing
MACHILIPATNAM,18,201.2,220.375,88.9,0,Prioritize for Clearing
ETTUMANOOR,7,201.2,182.03333333333333,100.0,0,Prioritize for Clearing
AHMEDNAGAR ETAIL,4,201.0,197.25,100.0,0,Ignore
"BST/HBR-TML, Barasat, WEST BENGAL",3,201.0,184.85166666666666,66.7,0,Ignore
BEED OUTER,3,200.9,283.23333333333335,66.7,0,Ignore
"HYD/MPT, Hyderabad, TELANGANA",7,200.8,276.1094444444444,85.7,0,Prioritize for Clearing
NARSARAOPET,3,200.8,186.33333333333334,100.0,0,Ignore
SANGLI,41,200.7,205.3,82.9,3,Prioritize for Clearing
"GarhShankar, Garhshankar, PUNJAB",7,200.7,205.5522222222222,100.0,0,Prioritize for Clearing
NEEMUCH,12,200.7,202.96666666666664,75.0,0,Prioritize for Clearing
"Jaisinghpur, Jasingpur, HIMACHAL PRADESH",2,200.6,200.61319444444442,50.0,0,Ignore
"Chunawadh, Chunawadh, RAJASTHAN",2,200.5,200.5298611111111,100.0,0,Ignore
CANNING,6,200.4,184.88333333333333,100.0,0,Prioritize for Clearing
EXTN OF WEST DEL W/H,180,200.3,203.53333333333333,83.3,6,Prioritize for Clearing
PATNA ETAIL DA,3,200.2,226.78333333333333,66.7,1,Ignore
TIRUNELVELI,15,200.2,259.95,80.0,1,Prioritize for Clearing
"Thondamuthur, Thondamuthur, TAMIL NADU",2,200.1,200.13375,50.0,0,Ignore
RANCHI SERVICE CENTRE,12,200.0,205.84166666666667,75.0,0,Prioritize for Clearing
ALIPUR ETAIL DELIVERY,29,200.0,204.9,82.8,1,Prioritize for Clearing
"HYD/RDH, Hyderabad, TELANGANA",11,199.9,231.5225,90.9,0,Prioritize for Clearing
NARAINA,162,199.8,210.23333333333335,84.0,5,Prioritize for Clearing
VASAI APEX/SFC PUD,17,199.8,208.75,88.2,2,Prioritize for Clearing
KOTA EXPANSION,90,199.6,206.19166666666666,88.9,0,Prioritize for Clearing
EAST DELHI ETAIL,157,199.5,204.68333333333334,81.5,4,Prioritize for Clearing
"BLR/JBB-TML, BANGALORE, KARNATAKA",38,199.5,202.47194444444443,84.2,0,Prioritize for Clearing
CHIKBALLAPUR,6,199.5,183.81666666666666,100.0,0,Prioritize for Clearing
MANPADA SERVICE CENTRE,71,199.4,205.96666666666667,85.9,2,Prioritize for Clearing
"KNP/HJN, Kanpur, UTTAR PRADESH",5,199.4,204.51694444444445,80.0,1,Prioritize for Clearing
FAZILKA,12,199.4,230.4501388888889,100.0,0,Prioritize for Clearing
BARSHI,7,199.4,186.2,100.0,0,Prioritize for Clearing
SIKKA,9,199.4,186.33333333333334,88.9,0,Prioritize for Clearing
"Coochbehar, Cooch Behar, WEST BENGAL",3,199.3,233.28083333333333,100.0,0,Ignore
Orang,2,199.1,199.05819444444444,100.0,0,Ignore
HINJEWADI SERVICE CENTRE,111,199.0,203.98333333333332,84.7,0,Prioritize for Clearing
"KORBA, Korba, CHHATTISGARH",3,198.9,232.14833333333334,66.7,0,Ignore
HEBAL ROAD  CENTRE,40,198.9,206.15833333333336,87.5,1,Prioritize for Clearing
OOTY,16,198.9,251.34166666666667,87.5,0,Prioritize for Clearing
"PNQ/CHD-TML, PUNE, MAHARASHTRA",2,198.9,198.9375,50.0,0,Ignore
NEREDMET ETAIL,3,198.8,251.95,100.0,0,Ignore
ATMAKUR REACH,2,198.7,198.675,100.0,0,Ignore
"BLR/SA-BOMM, BANGALORE, KARNATAKA",15,198.7,185.31416666666667,66.7,1,Prioritize for Clearing
"PNQ/MUN-TML, PUNE, MAHARASHTRA",14,198.6,132.73833333333334,78.6,0,Prioritize for Clearing
NAJIBABAD,6,198.6,172.57500000000002,50.0,0,Prioritize for Clearing
"Pendra, Bilaspur, CHHATTISGARH",2,198.5,198.5323611111111,100.0,0,Ignore
"BLR/KRG-TML, BANGALORE, KARNATAKA",22,198.4,207.94694444444445,86.4,1,Prioritize for Clearing
CHANDIKHOL OFFICE,4,198.4,233.625,75.0,1,Ignore
HARIHAR,2,198.4,198.39166666666665,100.0,0,Ignore
KOCHI,22,198.4,227.725,81.8,2,Prioritize for Clearing
"BLR/CCH-TML, BANGALORE, KARNATAKA",27,198.2,183.50861111111112,81.5,2,Prioritize for Clearing
ZEHEERABAD,6,198.1,254.01666666666665,83.3,0,Prioritize for Clearing
"Palia, Palia UP, UTTAR PRADESH",2,197.9,197.92027777777778,100.0,0,Ignore
"KER/SA-Kanhangad, Kasargode, KERALA",3,197.9,203.89777777777778,100.0,1,Ignore
"Nakodar, Nakodar, PUNJAB",5,197.9,208.1938888888889,60.0,0,Prioritize for Clearing
NIDADAVOLE REACH,2,197.8,197.79166666666669,100.0,0,Ignore
"BLR/ECY-TML, BANGALORE, KARNATAKA",14,197.8,253.12,78.6,0,Prioritize for Clearing
GANDHINAGAR SAGAR,6,197.7,218.98333333333335,100.0,0,Prioritize for Clearing
ANDM,42,197.7,196.97736111111112,95.2,0,Prioritize for Clearing
"BLR/WHT-EHV, BANGALORE, KARNATAKA",88,197.6,280.50194444444446,83.0,0,Prioritize for Clearing
"Tandur, Tandur, TELANGANA",4,197.6,183.41472222222222,100.0,0,Ignore
DHARMAPURI,10,197.5,219.75833333333333,80.0,1,Prioritize for Clearing
SAYAJIGUNJ SERVICE CENTRE,91,197.5,205.98333333333332,89.0,0,Prioritize for Clearing
"Gurdaspur, Gurdaspur, PUNJAB",14,197.5,220.54930555555558,85.7,0,Prioritize for Clearing
BARNALA,24,197.4,196.81666666666666,79.2,0,Prioritize for Clearing
SAWANTWADI,2,197.4,197.4083333333333,100.0,0,Ignore
RAMANATHAPURAM,10,197.2,170.58333333333334,90.0,0,Prioritize for Clearing
"Unjha, Unjha, GUJARAT",4,197.2,192.77305555555557,100.0,0,Ignore
"ROH/Dehri, ROHTAS, BIHAR",2,197.1,197.09374999999997,100.0,0,Ignore
WAZIRPUR E-TAIL,160,196.9,185.35833333333335,82.5,7,Prioritize for Clearing
"Chaibasa, CHAIBASA, JHARKHAND",2,196.9,196.89916666666667,50.0,1,Ignore
KUMARSAIN,2,196.9,196.89166666666665,100.0,0,Ignore
GOVANDI MIX SC,43,196.8,205.91666666666666,72.1,2,Prioritize for Clearing
THENI,8,196.8,207.99166666666667,100.0,0,Prioritize for Clearing
"Lalsot, Lalsot, RAJASTHAN",2,196.7,196.74833333333333,50.0,0,Ignore
"Naseerabad, Nasirabad, RAJASTHAN",4,196.7,175.11638888888888,100.0,0,Ignore
"Salar, Salar, WEST BENGAL",2,196.6,196.60458333333332,100.0,0,Ignore
ATHANI,4,196.5,148.4,100.0,0,Ignore
SIWANI,2,196.4,196.35833333333335,50.0,0,Ignore
SIWAN OFFICE,6,196.4,185.8,100.0,0,Prioritize for Clearing
MUMBRA,19,196.4,255.7,84.2,3,Prioritize for Clearing
KHAJURAHO,3,196.4,204.25,66.7,0,Ignore
KHARGHAR,76,196.3,187.175,81.6,1,Prioritize for Clearing
"PNQ/NHR-TML, PUNE, MAHARASHTRA",19,196.2,158.24333333333334,63.2,3,Prioritize for Clearing
VERAVAL,4,196.1,209.50833333333333,100.0,0,Ignore
KAKKANAD,23,196.0,207.78333333333333,87.0,2,Prioritize for Clearing
HAVERI,10,195.7,241.625,80.0,0,Prioritize for Clearing
PURANPUR,7,195.7,279.3,71.4,0,Prioritize for Clearing
SANAWAD,7,195.7,184.6,85.7,0,Prioritize for Clearing
"DEL/UTN, New Delhi, DELHI",69,195.6,206.00444444444443,85.5,3,Prioritize for Clearing
KANDVALI BORVLI WST ETAIL,96,195.5,207.71666666666664,82.3,2,Prioritize for Clearing
NARSINGHPUR,2,195.4,195.39166666666665,100.0,0,Ignore
KANNAUJ,8,195.3,218.09166666666667,87.5,0,Prioritize for Clearing
PARATWADA,7,195.3,231.63333333333333,85.7,0,Prioritize for Clearing
KARNAL,73,195.3,184.66666666666666,84.9,0,Prioritize for Clearing
HANUMANGARH,10,195.3,219.06666666666666,90.0,0,Prioritize for Clearing
"Balesar, Balesar, RAJASTHAN",2,195.2,195.21694444444444,50.0,0,Ignore
"BLR/SKY-TML, BANGALORE, KARNATAKA",9,195.1,298.57166666666666,88.9,0,Prioritize for Clearing
BARWANI,8,195.1,251.81666666666666,62.5,0,Prioritize for Clearing
BHIWANDI FORWARD E-TAIL,34,195.1,244,88.2,1,Prioritize for Clearing
"Jagtial, Jagtial, TELANGANA",3,195.1,209.70194444444445,66.7,1,Ignore
HARIYALA PUD,3,195.1,229.68333333333334,100.0,0,Ignore
NGP PUD CENTER,23,195.0,205.73333333333332,91.3,0,Prioritize for Clearing
GAJUWAKA,22,195.0,194.39166666666665,86.4,1,Prioritize for Clearing
CHANDIGARH (CARH),7,195.0,229.97277777777776,100.0,0,Prioritize for Clearing
"Navsari, Navsari, GUJARAT",2,195.0,195.00347222222223,100.0,0,Ignore
BHADRAK,9,194.9,207.38,88.9,0,Prioritize for Clearing
JBLM,79,194.9,185.75333333333333,79.7,1,Prioritize for Clearing
"BATA/BUB-TML, BATANAGAR, WEST BENGAL",4,194.8,195.48180555555555,100.0,0,Ignore
Harda,2,194.7,194.74555555555557,50.0,0,Ignore
"HYD/SPT, Hyderabad, TELANGANA",19,194.7,156.28555555555556,84.2,2,Prioritize for Clearing
JAIPUR BAGRU,16,194.5,209.73333333333335,68.8,3,Prioritize for Clearing
"PURI1, Puri, ORISSA",16,194.5,253.5698611111111,75.0,1,Prioritize for Clearing
"AGR/TJN1, Agra, UTTAR PRADESH",7,194.5,136.79638888888888,100.0,0,Prioritize for Clearing
DELHI MUNDKA WAREHOUSE,2,194.5,194.53333333333333,50.0,0,Ignore
HOSAPETE,19,194.5,209.15,84.2,1,Prioritize for Clearing
KAGAL,3,194.5,184.25,66.7,1,Ignore
"Bari Brahmna, Jammu, JAMMU AND KASHMIR",2,194.4,194.39069444444445,100.0,0,Ignore
PALAMPUR,7,194.3,158.3,85.7,0,Prioritize for Clearing
BHILAI,107,194.2,225.43333333333334,91.6,0,Prioritize for Clearing
Pollachi,1,194.1,194.1175,100.0,1,Ignore
MUMMIDIVARAM REACH,5,194.1,185.01666666666668,80.0,0,Prioritize for Clearing
KOLLEGALA,3,194.0,231.45,66.7,0,Ignore
HAJIPUR OFFICE,18,194.0,185.25833333333333,88.9,0,Prioritize for Clearing
"Panipat, Panipat, HARYANA",26,193.9,172.82416666666666,84.6,1,Prioritize for Clearing
SELAQUI,4,193.7,169.85833333333335,100.0,0,Ignore
"Behraich, Behraich, UTTAR PRADESH",4,193.7,197.92291666666668,100.0,0,Ignore
BHARATPUR,10,193.6,255.20833333333334,70.0,0,Prioritize for Clearing
"Sitamau, Mandsaur, MADHYA PRADESH",2,193.5,193.53944444444446,100.0,0,Ignore
MULUND BHANDUP E-TAIL,119,193.5,185.65,88.2,1,Prioritize for Clearing
GADARWARA,5,193.4,185.41666666666666,80.0,0,Prioritize for Clearing
GOHANA,12,193.4,209.13333333333333,83.3,1,Prioritize for Clearing
AMRITSAR (AMRT),3,193.3,254.3425,66.7,0,Ignore
VASAI ROAD ETAIL,89,193.3,187.31666666666666,83.1,4,Prioritize for Clearing
"NAMAKKAL-TML, Namakkal, TAMIL NADU",2,192.9,192.85416666666666,50.0,0,Ignore
"LUD/EHV, Ludhiana, PUNJAB",15,192.9,255.90555555555557,80.0,0,Prioritize for Clearing
"Gopalganj, Gopalganj, BIHAR",6,192.8,183.63666666666666,50.0,0,Prioritize for Clearing
"HYD/NLK, Hyderabad, TELANGANA",10,192.6,164.44416666666666,80.0,0,Prioritize for Clearing
KHARADI - ETAIL,111,192.5,204.16666666666666,89.2,1,Prioritize for Clearing
"Krishnagiri1, Krishnagiri, TAMIL NADU",3,192.5,188.0247222222222,100.0,0,Ignore
GAZIPUR,11,192.5,210.56666666666666,90.9,1,Prioritize for Clearing
SIVAKASI,13,192.5,180.76666666666668,84.6,0,Prioritize for Clearing
"Kolhapur, Kolhapur, MAHARASHTRA",25,192.5,228.86027777777778,84.0,1,Prioritize for Clearing
"BLR/VKS-TML, BANGALORE, KARNATAKA",38,192.3,145.95027777777779,81.6,1,Prioritize for Clearing
FATEHNAGAR,3,192.2,186.23333333333332,100.0,0,Ignore
"Tibbi, TIBBI, RAJASTHAN",9,192.2,183.38083333333333,100.0,0,Prioritize for Clearing
NURPUR,5,192.2,108.68333333333334,80.0,0,Prioritize for Clearing
"Sahson, SAHSON, UTTAR PRADESH",2,192.2,192.24555555555557,50.0,0,Ignore
SIDHI,12,192.2,229.73333333333335,75.0,0,Prioritize for Clearing
"Shirpur, Shirpur, MAHARASHTRA",4,192.1,185.54375,75.0,0,Ignore
ALIPURDUAR OFFICE,18,192.1,206.10000000000002,88.9,0,Prioritize for Clearing
"Balrampur2, Balrampur, UTTAR PRADESH",2,192.0,192.02819444444444,100.0,0,Ignore
DHARWAD,33,191.9,207.65,78.8,0,Prioritize for Clearing
AZAMGARH,11,191.9,253.3,81.8,2,Prioritize for Clearing
Mallarpur,2,191.7,191.69375,50.0,0,Ignore
MYSURU RURAL,15,191.7,159.18333333333334,73.3,0,Prioritize for Clearing
LALITPUR,8,191.6,234.20833333333334,87.5,0,Prioritize for Clearing
NEW THIPPASANDRA,60,191.6,212.14166666666665,85.0,2,Prioritize for Clearing
GANR,126,191.6,194.23125,81.7,0,Prioritize for Clearing
Rajampet,2,191.6,191.57083333333333,50.0,0,Ignore
GWALIOR,81,191.5,206.46666666666667,80.2,0,Prioritize for Clearing
ROHINI ETAIL DELIVERIES,249,191.5,186.53333333333333,79.9,10,Prioritize for Clearing
BERHAMPORE,28,191.3,170.45833333333334,100.0,0,Prioritize for Clearing
Waidhan,2,191.2,191.23430555555555,100.0,0,Ignore
HARIDWAR,54,191.2,208.58333333333331,77.8,4,Prioritize for Clearing
TIKAMGARH,5,191.1,254.73333333333332,80.0,0,Prioritize for Clearing
"Suri1, Suri, WEST BENGAL",5,191.1,162.22055555555556,100.0,0,Prioritize for Clearing
SILVASSA,27,191.1,180.75,77.8,0,Prioritize for Clearing
SRI GANGANAGAR,2,191.1,191.10444444444445,50.0,0,Ignore
SANGHVI,119,190.9,185.1,84.9,1,Prioritize for Clearing
"Shahpur Chowk, DALTONGANJ, JHARKHAND",5,190.9,281.87944444444446,60.0,0,Prioritize for Clearing
ODHAV,27,190.8,183.3,92.6,0,Prioritize for Clearing
UMARIA,5,190.7,183.3,80.0,0,Prioritize for Clearing
"Thuruthicaud, Tiruvella, KERALA",2,190.7,190.69847222222225,100.0,0,Ignore
HINGOLI,7,190.5,205.28333333333333,100.0,0,Prioritize for Clearing
ASKA OFFICE,5,190.5,205.15,80.0,0,Prioritize for Clearing
"BLR/UTR-TML, BANGALORE, KARNATAKA",12,190.4,180.11194444444445,83.3,0,Prioritize for Clearing
"Kokrajhar, Kokrajhar, ASSAM",3,190.2,202.42472222222221,100.0,0,Ignore
"GWL/LSK, Gwalior, MADHYA PRADESH",22,190.1,181.9347222222222,68.2,1,Prioritize for Clearing
GIRWA,2,190.1,190.07,50.0,0,Ignore
Itarsi,4,190.1,184.85916666666665,50.0,0,Ignore
INDORE SFC/APEX PUD,3,190.1,182.31666666666666,66.7,0,Ignore
"Guna1, Guna, MADHYA PRADESH",5,190.0,209.43083333333334,100.0,0,Prioritize for Clearing
"MAA/SNR-EHV, Chennai, TAMIL NADU",10,190.0,276.4115277777778,60.0,0,Prioritize for Clearing
GHAZIABAD HUB,3,190.0,210.06666666666666,66.7,0,Ignore
KRISHNAI,3,189.9,158.76666666666668,100.0,0,Ignore
MUMBAI,42,189.9,218.8538888888889,66.7,0,Prioritize for Clearing
DNGR,390,189.9,184.5986111111111,80.5,13,Prioritize for Clearing
JHANSI,53,189.8,182.55,94.3,0,Prioritize for Clearing
BHOPAL,2,189.7,189.72291666666666,50.0,0,Ignore
"Zirakpur, MOHALI, PUNJAB",36,189.7,184.74055555555555,80.6,2,Prioritize for Clearing
KHEDA,2,189.6,189.62319444444444,50.0,0,Ignore
KANPUR,12,189.6,236.4138888888889,75.0,0,Prioritize for Clearing
"MAAPOD/EHV-TML, Chennai, TAMIL NADU",7,189.6,280.04,57.1,1,Prioritize for Clearing
JALNA,19,189.5,183.48333333333332,89.5,0,Prioritize for Clearing
VARTHUR,35,189.5,187.98333333333332,77.1,5,Prioritize for Clearing
"Morbi1, Morbi, GUJARAT",5,189.5,183.9127777777778,100.0,0,Prioritize for Clearing
SALEM,20,189.4,194.77180555555555,80.0,0,Prioritize for Clearing
KOLIABOR OFFICE,3,189.4,179.55,100.0,0,Ignore
KORUTLA REACH,4,189.4,186.35833333333332,50.0,0,Ignore
Bhilai,7,189.3,205.38583333333332,71.4,0,Prioritize for Clearing
MEMCO OFFICE,44,189.3,174.83333333333334,79.5,1,Prioritize for Clearing
MEMARI,10,189.2,194.325,100.0,0,Prioritize for Clearing
PASCHIM VIHAR ETAIL,213,189.2,182.08333333333334,81.7,3,Prioritize for Clearing
"AMD/SKJ-TML, Ahmedabad, GUJARAT",13,189.2,233.07472222222222,92.3,0,Prioritize for Clearing
gooty,2,189.2,189.22819444444445,50.0,0,Ignore
"Nagrota, Nagrota, JAMMU AND KASHMIR",4,189.1,189.11458333333334,50.0,1,Ignore
"Manipal, Manipal, KARNATAKA",8,189.1,216.23555555555555,87.5,1,Prioritize for Clearing
"DEL/EDL, New Delhi, DELHI",53,188.9,162.6186111111111,79.2,2,Prioritize for Clearing
POLLACHI,7,188.9,184.43333333333334,100.0,0,Prioritize for Clearing
KAVALI,7,188.8,207.81666666666666,85.7,0,Prioritize for Clearing
"IXG/NRT-TML, Belgaum, KARNATAKA",9,188.8,208.89777777777778,77.8,1,Prioritize for Clearing
"MORAN, Moran, ASSAM",2,188.7,188.66430555555553,100.0,0,Ignore
JHALAWAR,5,188.6,252.21666666666667,80.0,0,Prioritize for Clearing
ANCHAL,5,188.6,160.53333333333333,100.0,0,Prioritize for Clearing
"DEL/GTN, Delhi NCR, DELHI",47,188.6,178.51416666666665,80.9,4,Prioritize for Clearing
BALASORE,26,188.6,220.01347222222222,76.9,1,Prioritize for Clearing
AURH,100,188.4,170.0186111111111,85.0,4,Prioritize for Clearing
"KalyanWest, Kalyan, MAHARASHTRA",18,188.4,145.74888888888887,72.2,1,Prioritize for Clearing
JLND,201,188.2,206.48361111111112,86.1,8,Prioritize for Clearing
"HYD/CHA, Hyderabad, TELANGANA",7,188.2,227.32916666666668,100.0,0,Prioritize for Clearing
CHANDIGARH ETAIL DELIVERY,121,188.2,204.5,84.3,3,Prioritize for Clearing
"Edakochi, THOPPUMPADI, KERALA",3,188.1,158.25305555555556,100.0,0,Ignore
EDLC,444,188.0,196.18361111111113,80.9,11,Prioritize for Clearing
PIPLOD,6,188.0,207.775,83.3,0,Prioritize for Clearing
"THOPPUMPADI, THOPPUMPADI, KERALA",6,187.9,220.62986111111113,100.0,0,Prioritize for Clearing
"DEL/GDP, New Delhi, DELHI",51,187.8,185.06055555555557,80.4,3,Prioritize for Clearing
TIRUCHIRAPALLI CITY,15,187.8,230.76666666666668,86.7,1,Prioritize for Clearing
"TIRUNELVELI/WEST-TML, TIRUNELVELI, TAMIL NADU",7,187.7,231.67083333333332,85.7,1,Prioritize for Clearing
AKOLA,27,187.7,207.26666666666668,88.9,0,Prioritize for Clearing
VELACHERY,74,187.7,186.06666666666666,78.4,3,Prioritize for Clearing
CHANDRAN NAGAR,7,187.7,209.65,85.7,0,Prioritize for Clearing
CHAMPAWAT,4,187.6,228.5,100.0,0,Ignore
"NGP/VKN, Nagpur, MAHARASHTRA",37,187.6,181.59527777777777,97.3,0,Prioritize for Clearing
"Jalna, Jalna, MAHARASHTRA",12,187.6,218.88930555555555,83.3,1,Prioritize for Clearing
AMBIKAPUR,21,187.5,224.81666666666666,90.5,0,Prioritize for Clearing
Dasuya,2,187.5,187.54361111111112,100.0,0,Ignore
"Budbud1, Budbud, WEST BENGAL",2,187.4,187.4313888888889,50.0,1,Ignore
"Savarkundla, Savarkundla, GUJARAT",2,187.4,187.36138888888888,100.0,0,Ignore
"DEL/MVR, Delhi NCR, DELHI",56,187.0,220.5126388888889,80.4,0,Prioritize for Clearing
RAJAHMAHENDRAVARAM,25,187.0,209.98333333333332,84.0,0,Prioritize for Clearing
"Bina, Bina, MADHYA PRADESH",3,187.0,180.9188888888889,100.0,0,Ignore
"DEL/OKH2, Okhla, DELHI",10,186.9,170.30638888888888,90.0,0,Prioritize for Clearing
Bijnore,2,186.9,186.94805555555558,50.0,0,Ignore
LUCKNOW SITAPUR ROAD,75,186.9,203.03333333333333,82.7,3,Prioritize for Clearing
GAJAPATHINAGARAM REACH,5,186.8,187.75,80.0,1,Prioritize for Clearing
KUSHINAGAR,2,186.7,186.66666666666666,50.0,0,Ignore
"Idar1, Idar, GUJARAT",2,186.7,186.6940277777778,50.0,1,Ignore
FARIDABAD,10,186.7,249.77180555555555,70.0,0,Prioritize for Clearing
GAZOLE,2,186.7,186.67499999999998,50.0,0,Ignore
RUDRAPUR,64,186.7,185.08333333333334,90.6,3,Prioritize for Clearing
NAWALGARH,3,186.6,258.48333333333335,66.7,0,Ignore
VAPM,55,186.6,161.115,85.5,3,Prioritize for Clearing
"SANTHAMAGULURU, SANTHAMAGULURU, ANDHRA PRADESH",1,186.6,186.58666666666667,100.0,0,Ignore
"Chandauli, Chandauli, UTTAR PRADESH",1,186.6,186.55777777777777,100.0,0,Ignore
KELAMBAKKAM,58,186.5,192.09166666666664,87.9,0,Prioritize for Clearing
"DEL/GNA, Delhi NCR, DELHI",34,186.4,172.25125,73.5,2,Prioritize for Clearing
FATEHPUR,10,186.3,159.59166666666667,80.0,0,Prioritize for Clearing
Ponnampet,2,186.2,186.20277777777775,100.0,0,Ignore
"Karatagi, KARATAGI, KARNATAKA",1,186.2,186.24083333333334,100.0,0,Ignore
SIW-APX SFC ETAIL PUD,4,186.1,219.47500000000002,75.0,0,Ignore
MAHADEVAPURA INDUS. AREA,47,186.1,208.85,80.9,1,Prioritize for Clearing
DHANAURA,6,186.1,208.175,66.7,0,Prioritize for Clearing
HOOGLY BDEL,81,186.0,209,82.7,5,Prioritize for Clearing
CHHATTARPUR,11,186.0,207.78333333333333,100.0,0,Prioritize for Clearing
MAHESHTALA,33,186.0,186.45,84.8,2,Prioritize for Clearing
"Kukshi, Kukshi, MADHYA PRADESH",3,186.0,255.42083333333332,66.7,1,Ignore
"DEL/GDC, New Delhi, DELHI",44,186.0,171.80833333333334,77.3,3,Prioritize for Clearing
VELLAKOIL,1,186.0,185.98333333333332,100.0,0,Ignore
"BBN/BJB, Bhubaneswar, ORISSA",8,185.9,176.0348611111111,100.0,0,Prioritize for Clearing
CHANDRASHEKHARPUR REACH,10,185.8,215.4,90.0,0,Prioritize for Clearing
"Bc road1, BC Road, KARNATAKA",1,185.7,185.6638888888889,100.0,0,Ignore
"JMD/BGB-TML, Jamshedpur, JHARKHAND",3,185.7,183.5613888888889,100.0,0,Ignore
"Jalore, Jalore, RAJASTHAN",6,185.7,196.85680555555555,100.0,0,Prioritize for Clearing
"Vaishalinagar, Jaipur, RAJASTHAN",29,185.6,207.30555555555554,86.2,1,Prioritize for Clearing
KOZHENCHERRY,3,185.6,206.28333333333333,100.0,0,Ignore
THONDI,1,185.6,185.58333333333334,100.0,0,Ignore
HATHRAS,7,185.5,105.45,85.7,2,Prioritize for Clearing
BOKARO THARMAL,1,185.5,185.51666666666668,100.0,0,Ignore
KHADKI DELIVERY CENTER,155,185.5,201.56666666666666,85.2,1,Prioritize for Clearing
"Jasdan, Jasdan, GUJARAT",2,185.4,185.42527777777778,50.0,0,Ignore
"Bijnor1, Bijnor, UTTAR PRADESH",13,185.4,163.265,92.3,0,Prioritize for Clearing
AMBALAPUZHA,4,185.3,234.19166666666666,75.0,1,Ignore
"Poonch, POONCH, JAMMU AND KASHMIR",2,185.3,185.2786111111111,50.0,0,Ignore
"VILATHIKULAM, VILATHIKULAM, TAMIL NADU",3,185.3,155.64277777777778,66.7,0,Ignore
"HYD/NAL-TML, Hyderabad, TELANGANA",9,185.2,131.40333333333334,66.7,1,Prioritize for Clearing
THALTEJ ETAIL OFFICE,130,185.2,185.45833333333334,77.7,8,Prioritize for Clearing
PERNAMBUT,1,185.1,185.1288888888889,100.0,0,Ignore
"Sambalpur, Sambalpur, ORISSA",2,185.1,185.05569444444444,50.0,0,Ignore
SIURI,15,185.0,113.26666666666667,86.7,2,Prioritize for Clearing
MANGALAGANGOTHRI,7,185.0,161.91666666666666,85.7,1,Prioritize for Clearing
JMUN,67,185.0,185.29666666666665,83.6,0,Prioritize for Clearing
KASHIPUR,33,185.0,207.83333333333334,90.9,0,Prioritize for Clearing
"Chandannagar, Chandannagar, WEST BENGAL",10,185.0,174.00930555555556,80.0,1,Prioritize for Clearing
HANUMAN JUNCTION REACH,4,185.0,197.74166666666667,100.0,0,Ignore
"Kankipadu, KANKIPADU, ANDHRA PRADESH",5,184.9,163.60444444444445,100.0,0,Prioritize for Clearing
WAGHOLI HUB,3,184.9,252.11666666666667,100.0,0,Ignore
BULANDSHAHAR,27,184.9,179.68333333333334,81.5,0,Prioritize for Clearing
Vidisha,2,184.9,184.94305555555553,50.0,0,Ignore
"HARIHARA, Harihar, KARNATAKA",2,184.9,184.90625,100.0,0,Ignore
"Talala, Talala, GUJARAT",1,184.8,184.7536111111111,100.0,0,Ignore
NIZAMABAD,44,184.7,227.97500000000002,84.1,0,Prioritize for Clearing
TOWN ETAIL CENTRE,40,184.7,159.89166666666665,82.5,1,Prioritize for Clearing
KILPENNATHUR,1,184.7,184.73333333333332,100.0,0,Ignore
"KNP/JHI, Kanpur, UTTAR PRADESH",4,184.6,230.75611111111112,75.0,1,Ignore
GANESHAPURAM,3,184.5,112.76666666666667,100.0,0,Ignore
JALGAON,32,184.5,147.55833333333334,87.5,0,Prioritize for Clearing
PHALODI,6,184.5,194.85,66.7,1,Prioritize for Clearing
SOMANUR,1,184.5,184.48333333333332,100.0,0,Ignore
"Ratibad, Ratibad, MADHYA PRADESH",2,184.5,184.5126388888889,100.0,0,Ignore
"Rewari, Rewari, HARYANA",17,184.5,233.85083333333333,82.4,1,Prioritize for Clearing
JHAJJAR,21,184.4,209.2,71.4,2,Prioritize for Clearing
BANGALORE,28,184.3,180.26055555555556,85.7,0,Prioritize for Clearing
"BHAKARAPET, ROMPICHARLA, ANDHRA PRADESH",1,184.1,184.14166666666668,100.0,0,Ignore
"Bakshirhat, BAKSHIRHAT WB, WEST BENGAL",1,184.1,184.1136111111111,100.0,0,Ignore
"Duliajan, Duliajan, ASSAM",3,184.0,209.92027777777778,100.0,0,Ignore
BAGHPAT,13,183.9,187.15,76.9,2,Prioritize for Clearing
GUINDY SURFACE PUD,10,183.9,154.01666666666668,90.0,0,Prioritize for Clearing
HAUZ,185,183.8,203.93916666666667,75.1,5,Prioritize for Clearing
GARIA BDEL,33,183.8,138.65,69.7,3,Prioritize for Clearing
GONIGOPPA,9,183.7,229.75,88.9,0,Prioritize for Clearing
KAIJ,1,183.6,183.6,100.0,0,Ignore
"HYD/SNK, Hyderabad, TELANGANA",35,183.6,161.96027777777778,74.3,2,Prioritize for Clearing
CBVN,37,183.6,206.64583333333334,91.9,0,Prioritize for Clearing
"Talwara, Talwara, PUNJAB",1,183.6,183.64111111111112,100.0,0,Ignore
"HUBLI/SUB URB, Hubli, KARNATAKA",14,183.5,197.08263888888888,71.4,1,Prioritize for Clearing
BHANGAR OFFICE,5,183.4,231.33333333333334,80.0,0,Prioritize for Clearing
"Kandaghat, Kundaghat, HIMACHAL PRADESH",2,183.4,183.43902777777777,100.0,0,Ignore
"Tapukara, Tapukara, RAJASTHAN",1,183.3,183.2613888888889,100.0,0,Ignore
METTUPALAYAM,3,183.3,275.3833333333333,66.7,1,Ignore
EDAPPALLY,20,183.3,220.125,80.0,3,Prioritize for Clearing
"Osian, Osian, RAJASTHAN",1,183.3,183.28944444444446,100.0,0,Ignore
"Solapur, Solapur, MAHARASHTRA",14,183.3,181.76111111111112,85.7,1,Prioritize for Clearing
GOVINDPURA E TAIL DELIVER,90,183.2,158.16666666666669,86.7,0,Prioritize for Clearing
"Kalyani, KALYANI, WEST BENGAL",13,183.2,206.49,84.6,1,Prioritize for Clearing
NOIDA PHASE II ETAIL,141,183.2,181.5,76.6,2,Prioritize for Clearing
"Valsad, Valsad, GUJARAT",10,183.1,207.3069444444444,100.0,0,Prioritize for Clearing
ROSERA,3,183.0,108.70944444444444,66.7,0,Ignore
"Shivpuri DDNagar, SHIVPURI, MADHYA PRADESH",2,183.0,183.01319444444445,50.0,1,Ignore
Ghana,2,183.0,182.97694444444446,50.0,0,Ignore
"Dera Baba Nanak, Dera Baba Nanak, PUNJAB",1,183.0,182.9813888888889,100.0,0,Ignore
MULTAI,4,183.0,230.26666666666665,75.0,0,Ignore
MORBI E-TAIL CENTRE,41,182.9,208.63333333333333,73.2,7,Prioritize for Clearing
PARAVUR,3,182.9,252.8,66.7,0,Ignore
MADHAVARAM,31,182.8,210.95,77.4,0,Prioritize for Clearing
SIDM,67,182.8,159.3188888888889,95.5,1,Prioritize for Clearing
JAIPUR (JAIH),12,182.8,226.19486111111112,83.3,0,Prioritize for Clearing
HODAL,1,182.8,182.75,100.0,0,Ignore
"Kamrej, Surat, GUJARAT",3,182.7,229.2536111111111,66.7,1,Ignore
"Bahal, Loharu, HARYANA",1,182.7,182.74277777777777,100.0,0,Ignore
BHATINDA,1,182.6,182.61666666666667,100.0,0,Ignore
"Guntakal, GUNTAKAL, ANDHRA PRADESH",5,182.6,258.76694444444445,80.0,1,Prioritize for Clearing
CHIKKODI,3,182.5,210.63333333333333,100.0,0,Ignore
CHIRALA,3,182.5,203.46666666666667,100.0,0,Ignore
PARAMATHI VELLUR,1,182.4,182.43333333333334,100.0,0,Ignore
YADGIR,5,182.4,181.23333333333332,100.0,0,Prioritize for Clearing
"SHANKARAGATTA, SHIVAMOGGA, KARNATAKA",1,182.3,182.28472222222223,100.0,0,Ignore
ONGOLE,1,182.3,182.33333333333334,100.0,0,Ignore
HAPUR,36,182.3,159.29166666666669,83.3,0,Prioritize for Clearing
KHAR E-TAIL,111,182.3,185.13333333333333,82.9,3,Prioritize for Clearing
DELHI CANTONMENT,71,182.3,181.48333333333332,80.3,3,Prioritize for Clearing
NEEMRANA,13,182.2,183.03333333333333,61.5,3,Prioritize for Clearing
RAJANAGARAM REACH,3,182.2,111.26666666666667,100.0,0,Ignore
"Agra, Agra, UTTAR PRADESH",16,182.2,158.94805555555556,62.5,0,Prioritize for Clearing
MORENA,3,182.1,161.76666666666668,100.0,0,Ignore
Katihar,2,182.1,182.0726388888889,50.0,0,Ignore
"Jhalda, JHALDA, WEST BENGAL",1,182.1,182.065,100.0,0,Ignore
UDYOGVIHAR ETAIL CENTRE,56,182.1,170.23333333333335,87.5,1,Prioritize for Clearing
PKDR,29,182.1,182.11222222222221,79.3,0,Prioritize for Clearing
"Mulshi MH, PUNE, MAHARASHTRA",4,182.1,159.66555555555556,100.0,0,Ignore
VYARA,25,182.0,188.1,88.0,1,Prioritize for Clearing
"Multai, Multai, MADHYA PRADESH",1,182.0,182.0025,100.0,0,Ignore
ADAJAN,81,182.0,181.56666666666666,81.5,0,Prioritize for Clearing
HALDWANI,63,182.0,206.11666666666667,88.9,0,Prioritize for Clearing
YELAHANKA,43,181.9,182.73333333333332,81.4,1,Prioritize for Clearing
ADUR,1,181.9,181.85,100.0,0,Ignore
"Goshala, Goshala, ORISSA",2,181.9,181.8901388888889,50.0,0,Ignore
THIRUVANMIYUR,115,181.9,202.78333333333333,83.5,1,Prioritize for Clearing
"Merta, Merta, RAJASTHAN",2,181.9,181.88736111111112,100.0,0,Ignore
"IDR/MMT, Indore, MADHYA PRADESH",13,181.8,178.15305555555557,69.2,0,Prioritize for Clearing
BANSWADA,13,181.8,207.3,69.2,0,Prioritize for Clearing
BASIRHAT,11,181.6,159.81666666666666,100.0,0,Prioritize for Clearing
"Omerga, Omerga, MAHARASHTRA",1,181.6,181.5911111111111,100.0,0,Ignore
SINHAGAD,64,181.5,160.975,79.7,0,Prioritize for Clearing
RANGPO OFFICE,4,181.5,183.60000000000002,75.0,0,Ignore
VILLUPURAM,9,181.5,160.13333333333333,88.9,0,Prioritize for Clearing
KARJAN,8,181.4,208.125,87.5,0,Prioritize for Clearing
"Kodanchery, KODANCHERY, KERALA",2,181.4,181.44847222222225,100.0,0,Ignore
RAJENDRA PLACE,5,181.4,91.41666666666667,80.0,0,Prioritize for Clearing
PIMPRI AND CHINCHWAD,62,181.3,184.25,80.6,0,Prioritize for Clearing
"DEL/MBR, Delhi NCR, DELHI",70,181.3,162.52055555555555,72.9,6,Prioritize for Clearing
"Mungra Badshahpur, Mungra Badshahpur, UTTAR PRADESH",2,181.3,181.28486111111113,50.0,0,Ignore
"Palakol, Palakol, ANDHRA PRADESH",5,181.3,280.4002777777778,80.0,0,Prioritize for Clearing
"AGR/SKDR, Agra, UTTAR PRADESH",10,181.2,183.55083333333334,70.0,1,Prioritize for Clearing
GAUE,19,181.2,182.49944444444444,89.5,0,Prioritize for Clearing
MARTHANDAM,1,181.1,181.11666666666667,100.0,0,Ignore
"DEL/KLJ, New Delhi, DELHI",49,181.1,161.89305555555555,79.6,3,Prioritize for Clearing
TRICHUR SERVICE CENTRE,23,181.1,184.33333333333334,82.6,2,Prioritize for Clearing
SAMBHAL,13,181.1,183.33333333333334,76.9,0,Prioritize for Clearing
"Dhoraji, Dhoraji, GUJARAT",2,181.0,181.01277777777779,100.0,0,Ignore
PUTTAPARTHY,4,180.9,174.50833333333333,75.0,1,Ignore
CHATRAPUR,6,180.9,213.46513888888887,66.7,0,Prioritize for Clearing
MYSR,202,180.9,186.71625,80.7,11,Prioritize for Clearing
MNPL,59,180.9,204.12416666666667,76.3,0,Prioritize for Clearing
KUKATPALLY Y JUNCTION,86,180.8,197.55,76.7,11,Prioritize for Clearing
JALGAON APEX/SFC PUD,2,180.6,180.60833333333332,50.0,0,Ignore
"BLR/INR-TML, BANGALORE, KARNATAKA",15,180.6,177.1075,86.7,1,Prioritize for Clearing
PALI EXPANSION,18,180.6,182.39166666666665,94.4,0,Prioritize for Clearing
"Khapa, Buttibori, MAHARASHTRA",2,180.5,180.46555555555557,50.0,0,Ignore
"MOTHADAKA, AMARAVATHI, ANDHRA PRADESH",4,180.5,180.5165277777778,75.0,0,Ignore
SHYAMNAGAR BDEL,101,180.5,160.93333333333334,87.1,3,Prioritize for Clearing
ADYAR,47,180.5,180.98333333333332,83.0,0,Prioritize for Clearing
KAMREJ,9,180.5,258.28333333333336,66.7,2,Prioritize for Clearing
"MDU/PDR-TML, Madurai, TAMIL NADU",7,180.4,233.22972222222222,85.7,1,Prioritize for Clearing
DHAMNOD,7,180.3,158.05,100.0,0,Prioritize for Clearing
BURDWAN BDEL,35,180.3,161.01666666666668,74.3,6,Prioritize for Clearing
"RAHA, RAHA, ASSAM",2,180.2,180.1897222222222,50.0,0,Ignore
PALAM SERVICE CENTRE,39,180.1,182.28333333333333,74.4,6,Prioritize for Clearing
"Aburoad, Mount Abu, RAJASTHAN",5,179.9,232.99583333333334,80.0,0,Prioritize for Clearing
HASTHAMPATTY,18,179.9,207.49166666666667,83.3,3,Prioritize for Clearing
GANGANI,2,179.9,179.8990277777778,50.0,0,Ignore
BOKAKHAT,1,179.9,179.9477777777778,100.0,0,Ignore
JHILMIL E-TAIL CENTRE,120,179.9,170.83333333333331,83.3,2,Prioritize for Clearing
PAONTA SAHIB,18,179.9,181.35833333333335,83.3,1,Prioritize for Clearing
AUND,214,179.8,160.9725,79.4,8,Prioritize for Clearing
JAIPUR VIDHADHAR NAGAR,29,179.8,186.91666666666666,82.8,1,Prioritize for Clearing
KANGRA,40,179.8,184.22500000000002,77.5,0,Prioritize for Clearing
KODAD REACH,6,179.7,138.89166666666668,100.0,0,Prioritize for Clearing
"DEL/KMP1, New Delhi, DELHI",64,179.7,172.23569444444445,79.7,4,Prioritize for Clearing
"Kapasan, Kapasan, RAJASTHAN",8,179.7,208.68388888888887,62.5,3,Prioritize for Clearing
"Deopur, Nashik, MAHARASHTRA",7,179.6,231.45694444444445,85.7,0,Prioritize for Clearing
Kudligi,2,179.6,179.61875,50.0,0,Ignore
PARLI VAIJNATH,8,179.6,114.69166666666666,75.0,0,Prioritize for Clearing
"Katghora, Katgora, CHHATTISGARH",2,179.5,179.50652777777776,100.0,0,Ignore
NAVELIM,36,179.5,193.89166666666665,94.4,0,Prioritize for Clearing
"Dhar, Dhar, MADHYA PRADESH",3,179.4,157.95055555555555,100.0,0,Ignore
"Jalmahal, Jaipur, RAJASTHAN",1,179.4,179.36111111111111,100.0,0,Ignore
ASHTA,12,179.4,159.45833333333331,75.0,0,Prioritize for Clearing
"Bhanpura, Bhanpura, MADHYA PRADESH",3,179.3,182.60583333333332,100.0,0,Ignore
Bargarh,1,179.3,179.2925,100.0,0,Ignore
Bodarwar,1,179.3,179.32861111111112,100.0,0,Ignore
JALPAIGURI OFFICE,12,179.2,198.86666666666667,91.7,1,Prioritize for Clearing
"Sirmaur, Sirmaur, HIMACHAL PRADESH",3,179.2,207.76916666666668,100.0,0,Ignore
"Dhulian, Dhulian, WEST BENGAL",5,179.2,233.12527777777777,100.0,0,Prioritize for Clearing
TOSHAM,3,179.1,228.5,100.0,0,Ignore
RAMPUR,15,179.1,184.01666666666668,86.7,0,Prioritize for Clearing
HOWRAH SALKIA,59,179.1,186.96666666666667,81.4,4,Prioritize for Clearing
Lakhn,1,179.1,179.1286111111111,100.0,0,Ignore
Saidpur,2,178.9,178.8952777777778,50.0,0,Ignore
"RNC/BRT-TML, Ranchi, JHARKHAND",5,178.9,206.1861111111111,80.0,0,Prioritize for Clearing
"Nischintakoili, Cuttack, ORISSA",3,178.8,185.98,66.7,0,Ignore
SRIKAKULAM,15,178.8,209.5,80.0,0,Prioritize for Clearing
CHALISGAON,7,178.8,210.01666666666668,85.7,0,Prioritize for Clearing
ANTARIKSH,36,178.7,149.09166666666667,86.1,0,Prioritize for Clearing
"Narasaraopet1, Narasaraopet, ANDHRA PRADESH",5,178.6,204.96166666666667,80.0,1,Prioritize for Clearing
"Curchorem, Curchorem, GOA",3,178.5,158.76472222222222,66.7,0,Ignore
"Ekangar Sarai, Hilsa, BIHAR",2,178.5,178.50458333333333,100.0,0,Ignore
MASJID,46,178.4,204.68333333333334,73.9,3,Prioritize for Clearing
"IDR/RJN, Indore, MADHYA PRADESH",42,178.4,160.44444444444446,88.1,1,Prioritize for Clearing
VIGHYAN NAGAR COD CENTRE,68,178.4,159.73333333333335,85.3,1,Prioritize for Clearing
"Gola UP, GOLA UP, UTTAR PRADESH",3,178.4,139.20277777777778,100.0,0,Ignore
Dharmapuri,4,178.3,154.26805555555555,50.0,0,Ignore
DAUND,8,178.3,195.83333333333331,87.5,0,Prioritize for Clearing
BOKAJAN,1,178.2,178.20166666666665,100.0,0,Ignore
"MANDYA-TML, Mandya, KARNATAKA",4,178.2,148.3198611111111,100.0,0,Ignore
OKHLA E-TAIL DELIVERY EXT,84,178.2,182.675,77.4,3,Prioritize for Clearing
Koothattukulam,1,178.1,178.11527777777778,100.0,0,Ignore
"FARIDABAD, Delhi NCR, DELHI",21,178.1,161.9636111111111,85.7,0,Prioritize for Clearing
MADHEPURA OFFICE,8,178.0,169.02499999999998,75.0,0,Prioritize for Clearing
"CCU/SANTOSHPUR-TML, Kolkata, WEST BENGAL",7,178.0,154.4788888888889,100.0,0,Prioritize for Clearing
"DEL/GNA1, Delhi NCR, DELHI",23,178.0,132.455,78.3,3,Prioritize for Clearing
BURWAN,3,178.0,255,66.7,0,Ignore
MBY  E-TAIL CENTRE,133,178.0,184.91666666666666,78.2,9,Prioritize for Clearing
"Barhaj1, Barhaj UP, UTTAR PRADESH",2,178.0,178.0213888888889,100.0,0,Ignore
BHOWANIPORE BDEL,102,177.8,161.99166666666667,82.4,5,Prioritize for Clearing
BEGUSARAI OFFICE,9,177.8,155.13333333333333,100.0,0,Prioritize for Clearing
NANDED RURAL,6,177.7,181.7166666666667,66.7,0,Prioritize for Clearing
SAFDARJUNG ETAIL,126,177.7,162.40833333333336,76.2,1,Prioritize for Clearing
LASTMILE E-TAIL DELIVERY,128,177.7,163.25,75.0,4,Prioritize for Clearing
Jagatpur,2,177.7,177.67125,50.0,0,Ignore
KAUSHAMBI,4,177.7,216.475,100.0,0,Ignore
"NEY/SA-NVL, Cuddalore, TAMIL NADU",1,177.6,177.55833333333334,100.0,0,Ignore
"Jawala Arni, Arni, MAHARASHTRA",2,177.6,177.5675,50.0,0,Ignore
BHAVNAGAR,1,177.5,177.5388888888889,100.0,0,Ignore
"NGP/MNR, Nagpur, MAHARASHTRA",39,177.5,111.81861111111111,79.5,3,Prioritize for Clearing
AZADPUR ETAIL LOCATION,71,177.5,163.61666666666667,80.3,1,Prioritize for Clearing
Nizampet Village,2,177.3,177.28694444444443,50.0,0,Ignore
PMPC,339,177.3,159.97055555555556,85.0,2,Prioritize for Clearing
"MAA/CHL-TML, Chennai, TAMIL NADU",36,177.3,178.26166666666666,88.9,3,Prioritize for Clearing
GUNC,70,177.3,181.16000000000003,87.1,0,Prioritize for Clearing
URAN,18,177.2,157.18333333333334,77.8,0,Prioritize for Clearing
KANYAKUMARI,3,177.2,155.5,100.0,0,Ignore
SINNAR,7,177.2,157.85,71.4,0,Prioritize for Clearing
VIJAY,75,177.1,160.35,80.0,4,Prioritize for Clearing
NEW FRIENDS COLONY,86,177.1,160.84166666666667,79.1,4,Prioritize for Clearing
"Govindpur, GOVINDPUR, JHARKHAND",9,177.1,203.17111111111112,88.9,1,Prioritize for Clearing
"Piplia Mandi, Mandsaur, MADHYA PRADESH",2,177.1,177.06069444444444,100.0,0,Ignore
OGLC,23,177.0,209.53194444444443,73.9,0,Prioritize for Clearing
"CAR/KJR, Chandigarh, CHANDIGARH",13,177.0,180.84972222222223,92.3,0,Prioritize for Clearing
DEOGHAR OFFICE,10,177.0,133.43333333333334,80.0,0,Prioritize for Clearing
BALOTRA,6,177.0,119.75833333333334,83.3,0,Prioritize for Clearing
Rambagh,2,176.8,176.81708333333333,50.0,0,Ignore
KUNDLI,114,176.8,183.8,80.7,8,Prioritize for Clearing
"DEL/BGN, New Delhi, DELHI",48,176.8,180.5047222222222,83.3,3,Prioritize for Clearing
HABRA,20,176.7,148.05,85.0,2,Prioritize for Clearing
KOLAR GOLD FIELDS,7,176.7,139.16666666666666,85.7,1,Prioritize for Clearing
HAUZ KHAN (HAUZ),5,176.6,184.81416666666667,100.0,0,Prioritize for Clearing
"HYD/GCB, Hyderabad, TELANGANA",19,176.6,105.72833333333334,57.9,0,Prioritize for Clearing
"Mansa, Mansa, PUNJAB",7,176.6,161.625,85.7,0,Prioritize for Clearing
"Digha, Digha, WEST BENGAL",3,176.6,163.73388888888888,100.0,0,Ignore
PERUNDURAI,5,176.6,182.08333333333334,80.0,0,Prioritize for Clearing
"BOM/WRL, Mumbai, MAHARASHTRA",50,176.5,135.2163888888889,68.0,5,Prioritize for Clearing
INDORE,2,176.4,176.3847222222222,100.0,0,Ignore
Duliajan,2,176.4,176.41222222222223,100.0,0,Ignore
"CALICUT, Calicut, KERALA",6,176.4,170.87166666666664,50.0,0,Prioritize for Clearing
"Noida/GRC, Delhi NCR, DELHI",13,176.3,161.54333333333332,84.6,1,Prioritize for Clearing
VANASTHALIPURAM,21,176.2,188.91666666666666,85.7,2,Prioritize for Clearing
"Oras, Kudal, MAHARASHTRA",4,176.2,188.31597222222223,100.0,0,Ignore
KADM,144,176.2,158.37361111111113,80.6,9,Prioritize for Clearing
BURHANPUR,12,176.2,148.08333333333334,100.0,0,Prioritize for Clearing
"DombivliWest, Mumbai, MAHARASHTRA",14,176.2,169.87625,78.6,1,Prioritize for Clearing
BETUL OFFICE,8,176.1,184.63333333333333,75.0,1,Prioritize for Clearing
AMBERNATH,98,176.1,180.575,80.6,9,Prioritize for Clearing
KHAGARIA,7,176.0,204.43333333333334,100.0,0,Prioritize for Clearing
"Bhawanimandi, RAMGANJ MANDI, RAJASTHAN",2,176.0,175.95083333333332,100.0,0,Ignore
KURLA E-TAIL CENTRE,172,175.9,160.2,81.4,6,Prioritize for Clearing
"Nagercoil1, Nagercoil, TAMIL NADU",5,175.9,248.4275,60.0,0,Prioritize for Clearing
MANALI SERVICE CENTRE,19,175.9,185.38333333333333,78.9,0,Prioritize for Clearing
GUDIYATHAM,8,175.8,205.5,87.5,0,Prioritize for Clearing
DODBALLAPURA,19,175.8,42.766666666666666,68.4,1,Prioritize for Clearing
SAMALKHA,2,175.8,175.81666666666666,50.0,0,Ignore
Adarshnagar,29,175.7,175.02194444444444,62.1,0,Prioritize for Clearing
"Khed, Khed, MAHARASHTRA",2,175.7,175.65916666666666,50.0,0,Ignore
"UDAIPUR, Udaipur, RAJASTHAN",66,175.6,146.97583333333333,83.3,3,Prioritize for Clearing
"BLR/KRP-TML, BANGALORE, KARNATAKA",38,175.5,172.44958333333335,84.2,2,Prioritize for Clearing
"HYD/BPT, Hyderabad, TELANGANA",15,175.5,159.65805555555556,73.3,0,Prioritize for Clearing
VRNS,143,175.5,181.52083333333334,78.3,2,Prioritize for Clearing
JJ NAGAR,60,175.4,183.86666666666667,81.7,5,Prioritize for Clearing
REWARI,45,175.4,180.18333333333334,86.7,1,Prioritize for Clearing
BHADRAWATI,5,175.4,130.55,80.0,0,Prioritize for Clearing
GODHRA,21,175.3,179.76666666666668,81.0,0,Prioritize for Clearing
"Cortalim Verna, Goa, GOA",5,175.3,176.64166666666668,100.0,0,Prioritize for Clearing
NIPANI,3,175.3,209.35,100.0,0,Ignore
THURAIYURI,5,175.3,205.96666666666667,80.0,0,Prioritize for Clearing
JAMKHANDI,3,175.3,227.13333333333333,100.0,0,Ignore
TRIVANDRUM,5,175.2,230.3786111111111,100.0,0,Prioritize for Clearing
"Patran, Patran, PUNJAB",7,175.2,182.63972222222222,85.7,1,Prioritize for Clearing
RANGIA,3,175.1,162.05,100.0,0,Ignore
THODUPUZHA,10,175.1,196.39166666666665,90.0,0,Prioritize for Clearing
MANGROL,2,175.1,175.14166666666665,100.0,0,Ignore
IXMS,55,175.0,156.0263888888889,89.1,1,Prioritize for Clearing
Gobichettipalayam,4,175.0,159.25652777777776,50.0,0,Ignore
DATIA,7,174.9,162.25,100.0,0,Prioritize for Clearing
CHANGANACHERRY,11,174.8,207.33333333333334,81.8,2,Prioritize for Clearing
SANGUEM,1,174.7,174.69916666666666,100.0,0,Ignore
ANTOP HILL TRUCK TERMINAL,43,174.7,138.81666666666666,81.4,0,Prioritize for Clearing
MUMBAI AIRPORT WAREHOUSE,81,174.6,159.28333333333333,80.2,4,Prioritize for Clearing
"BBN/DDM-TML, Bhubaneswar, ORISSA",5,174.6,231.35055555555556,80.0,1,Prioritize for Clearing
SITARGANJ EXPANSION,6,174.5,181.19166666666666,83.3,0,Prioritize for Clearing
BHOPAL COD CENTRE,96,174.5,155.83333333333331,81.3,0,Prioritize for Clearing
"Karukachal, Kottiyam, KERALA",2,174.5,174.48680555555555,50.0,0,Ignore
"Lalitpur1, Lalitpur, UTTAR PRADESH",2,174.5,174.50930555555558,50.0,1,Ignore
BAREJA APEX/SFC PUD,5,174.5,183.51666666666668,80.0,0,Prioritize for Clearing
SWAROOP NAGAR COUNTER,37,174.5,183.65,91.9,0,Prioritize for Clearing
GONDIA,18,174.4,123.35833333333333,72.2,3,Prioritize for Clearing
SARBERA,7,174.3,234.58333333333334,100.0,0,Prioritize for Clearing
"Shah Talai, Shah Talai, HIMACHAL PRADESH",2,174.1,174.0822222222222,50.0,0,Ignore
"Karwi, Karwi, UTTAR PRADESH",7,174.1,160.65833333333333,71.4,2,Prioritize for Clearing
ABOHAR,11,174.1,184.18333333333334,72.7,0,Prioritize for Clearing
INDIRA NAGAR COUNTER,46,174.0,187.29166666666669,71.7,1,Prioritize for Clearing
CHEMBUR E-TAIL CENTRE,120,174.0,180.54166666666669,76.7,6,Prioritize for Clearing
"NGP/TEX, Nagpur, MAHARASHTRA",35,174.0,111.80305555555556,77.1,3,Prioritize for Clearing
ROORKEE,59,174.0,179.68333333333334,79.7,3,Prioritize for Clearing
"Hassan1, Hassan, KARNATAKA",6,174.0,172.66666666666666,83.3,0,Prioritize for Clearing
CHOPRA,2,173.9,173.85,50.0,1,Ignore
KARIMNAGAR,43,173.8,179.71666666666667,76.7,3,Prioritize for Clearing
"Bagru, Bagru, RAJASTHAN",12,173.7,170.84930555555556,75.0,1,Prioritize for Clearing
ULUBERIA BDEL,19,173.7,162.23333333333332,84.2,2,Prioritize for Clearing
"Rampura Phul, Rampura Phul, PUNJAB",5,173.7,135.42194444444445,100.0,0,Prioritize for Clearing
KALABURAGI,60,173.7,159.94166666666666,85.0,6,Prioritize for Clearing
BUDH VIHAR ETAIL DELIVERY,92,173.6,180.61666666666667,78.3,3,Prioritize for Clearing
"Palasa, Palasa, ANDHRA PRADESH",2,173.6,173.57388888888886,50.0,0,Ignore
"DEL/KMP, New Delhi, DELHI",82,173.6,149.87583333333333,81.7,6,Prioritize for Clearing
"MRT/GNG, Meerut, UTTAR PRADESH",17,173.6,114.17583333333333,82.4,2,Prioritize for Clearing
NASIK ETAIL,68,173.5,157.58333333333331,83.8,0,Prioritize for Clearing
"DEL/RGN, New Delhi, DELHI",65,173.5,178.29083333333332,84.6,1,Prioritize for Clearing
"Bhangar, Bhangar, WEST BENGAL",4,173.5,198.0088888888889,75.0,0,Ignore
SAHRANPUR OFFICE,91,173.4,182.58333333333334,80.2,6,Prioritize for Clearing
CHANDIGARH NEW EXPANSION,40,173.4,193.525,80.0,0,Prioritize for Clearing
LINK ROAD E-TAIL,175,173.4,161.41666666666666,75.4,10,Prioritize for Clearing
BHPL,169,173.3,184.16166666666666,84.6,1,Prioritize for Clearing
"Siliguri-TML, SILIGURI, WEST BENGAL",5,173.3,135.2397222222222,100.0,0,Prioritize for Clearing
RAEBARELI,22,173.2,170.45,68.2,3,Prioritize for Clearing
"Jhansi, Jhansi, UTTAR PRADESH",21,173.2,133.01555555555555,76.2,2,Prioritize for Clearing
BHUJ EXPANSION,24,173.2,89.9,79.2,1,Prioritize for Clearing
"DEL/GZB, Delhi NCR, DELHI",67,173.2,163.7072222222222,73.1,2,Prioritize for Clearing
"Sujangarh, Sujangarh, RAJASTHAN",3,173.2,233.0038888888889,100.0,0,Ignore
PIRANGUT,37,173.2,184.08333333333334,89.2,0,Prioritize for Clearing
"Panchkula, PANCHKULA, CHANDIGARH",39,173.1,158.3672222222222,74.4,4,Prioritize for Clearing
HINJEWADI PUD CENTRE,19,173.1,182.51666666666668,89.5,1,Prioritize for Clearing
RANIKHET,4,173.1,204.68333333333334,100.0,0,Ignore
"RNC/MBD-TML, Ranchi, JHARKHAND",7,173.0,163.955,85.7,0,Prioritize for Clearing
SHILLONG,41,173.0,184.35,85.4,2,Prioritize for Clearing
"Chennur, CHENNUR, TELANGANA",6,173.0,157.19833333333332,100.0,0,Prioritize for Clearing
YAMUNANAGAR,66,172.9,170.1,80.3,1,Prioritize for Clearing
"Lunavada, Lunavada, GUJARAT",2,172.9,172.86611111111108,50.0,0,Ignore
"OBRA, Obra, UTTAR PRADESH",3,172.9,233.66916666666665,100.0,0,Ignore
KAYAMKULAM,9,172.9,205.25,88.9,0,Prioritize for Clearing
"Bangana, Bangana, HIMACHAL PRADESH",2,172.9,172.8770833333333,100.0,0,Ignore
"KNP/VKN, Kanpur, UTTAR PRADESH",13,172.9,160.93166666666667,76.9,2,Prioritize for Clearing
RAJARAJESHWARI NAGAR,77,172.8,156.88333333333333,77.9,7,Prioritize for Clearing
MANDI NER CHOWK,34,172.7,195.125,82.4,1,Prioritize for Clearing
"Soraon, Soraon, UTTAR PRADESH",8,172.7,205.65986111111113,75.0,0,Prioritize for Clearing
"CHENGALPATTU TN, Chengalpet, TAMIL NADU",4,172.7,167.5448611111111,100.0,0,Ignore
REDHILLS,3,172.6,208.01666666666668,100.0,0,Ignore
KARELIBAUGH CENTRE,56,172.5,132.15,82.1,0,Prioritize for Clearing
TARDEO,179,172.5,155.8,86.6,1,Prioritize for Clearing
"DEL/LPN, New Delhi, DELHI",128,172.3,163.80430555555557,80.5,8,Prioritize for Clearing
"HOWLY, Howly, ASSAM",2,172.3,172.27541666666667,50.0,0,Ignore
"Santiniketan 1, BOLPUR, WEST BENGAL",5,172.3,138.04777777777778,80.0,1,Prioritize for Clearing
CHITTUR,4,172.3,190.45763888888888,75.0,0,Ignore
NAJAFGARH E-TAIL CENTER,128,172.2,164.06666666666666,74.2,3,Prioritize for Clearing
"ALD/SLR, Allahabad, UTTAR PRADESH",10,172.2,126.44833333333332,60.0,1,Prioritize for Clearing
HARIPAD,6,172.2,204.91666666666669,100.0,0,Prioritize for Clearing
"Raja Talab, Raja Talab, UTTAR PRADESH",6,172.2,156.80499999999998,50.0,0,Prioritize for Clearing
FERGUSON COLLEGE RD-ETAIL,152,172.1,178.61666666666667,73.7,0,Prioritize for Clearing
TIRUR,12,172.1,169.7,83.3,0,Prioritize for Clearing
"BLR/TKR-TML, BANGALORE, KARNATAKA",10,172.1,155.4051388888889,100.0,0,Prioritize for Clearing
"NASHIK, Nashik, MAHARASHTRA",30,172.1,109.5963888888889,73.3,2,Prioritize for Clearing
SINDHNUR,9,172.0,136.43333333333334,88.9,0,Prioritize for Clearing
"DEL/ASV1, New Delhi, DELHI",86,171.9,157.26666666666665,79.1,3,Prioritize for Clearing
RANEBENNUR,7,171.9,235.13333333333333,71.4,1,Prioritize for Clearing
"Chandigarh, Chandigarh, CHANDIGARH",23,171.8,159.23305555555555,82.6,3,Prioritize for Clearing
CONNAUGHT PLACE (CPLC),3,171.8,234.69416666666666,100.0,0,Ignore
RISHIKESH,60,171.7,160.50833333333333,88.3,2,Prioritize for Clearing
PARIMAL GARDEN E-TAIL,174,171.7,162.94166666666666,75.3,17,Prioritize for Clearing
"Makrana, MAKRANA, RAJASTHAN",2,171.6,171.57736111111112,50.0,1,Ignore
KIM,16,171.6,185.1948611111111,75.0,1,Prioritize for Clearing
SANTINIKETAN,11,171.5,138.28333333333333,100.0,0,Prioritize for Clearing
"Bhusawal City, Bhusawal, MAHARASHTRA",10,171.5,173.1186111111111,70.0,0,Prioritize for Clearing
MEDAK REACH,6,171.4,219.94166666666666,100.0,0,Prioritize for Clearing
"Kootupatha, PALAKKAD, KERALA",3,171.4,135.31972222222223,100.0,0,Ignore
PUNE WAREHOUSE,40,171.4,106.06666666666666,82.5,0,Prioritize for Clearing
"BLR/SA-BSK, BANGALORE, KARNATAKA",14,171.3,156.7798611111111,78.6,2,Prioritize for Clearing
"Tiroda, TIRODA, MAHARASHTRA",3,171.3,232.41805555555555,100.0,0,Ignore
MARANDA,19,171.3,111.9,84.2,0,Prioritize for Clearing
"BLR/NKH-TML, BANGALORE, KARNATAKA",18,171.2,122.16263888888889,77.8,0,Prioritize for Clearing
east godavari,4,171.1,160.16250000000002,75.0,0,Ignore
"Luhari, Luhari, HARYANA",7,171.1,112.47277777777778,85.7,1,Prioritize for Clearing
"Dharangathra, Dharangathra, GUJARAT",3,171.1,111.74638888888889,100.0,0,Ignore
KAKINADA E-TAIL CENTRE,36,171.1,171.33333333333331,88.9,0,Prioritize for Clearing
JABALPUR RURAL,70,171.0,159.03333333333333,95.7,0,Prioritize for Clearing
Perambalur,2,171.0,171.01458333333332,50.0,0,Ignore
DHAR,9,171.0,185.58333333333334,88.9,0,Prioritize for Clearing
FORT,167,170.9,159.3563888888889,81.4,6,Prioritize for Clearing
Baskhari Ambedkar Nagar,2,170.9,170.92944444444444,50.0,0,Ignore
FEROZEPUR,20,170.8,148.475,90.0,1,Prioritize for Clearing
TADIPATRI,6,170.8,169.3273611111111,66.7,0,Prioritize for Clearing
NNPM,326,170.8,134.3865277777778,89.9,2,Prioritize for Clearing
"Vijayamangalam, VIJAYAMANGALAM, TAMIL NADU",3,170.8,107.94638888888889,100.0,0,Ignore
"TIRUVELLA, Tiruvella, KERALA",4,170.8,173.02055555555555,75.0,0,Ignore
ULOOR SERVICE CENTRE,50,170.7,156.85833333333335,96.0,0,Prioritize for Clearing
ROURKELA,40,170.7,148.3,87.5,0,Prioritize for Clearing
KALAHANDI,12,170.7,176.10000000000002,100.0,0,Prioritize for Clearing
"JAI/JAI, Jaipur, RAJASTHAN",25,170.7,163.4686111111111,84.0,0,Prioritize for Clearing
PALLIPPURAM,6,170.7,208.39999999999998,83.3,0,Prioritize for Clearing
"Vadodara/AKT, VADODARA, GUJARAT",36,170.7,133.8676388888889,94.4,0,Prioritize for Clearing
FARIDABAD NIT,53,170.7,156.78333333333333,75.5,3,Prioritize for Clearing
"Mardah, Kasimabad, UTTAR PRADESH",2,170.6,170.57625000000002,100.0,0,Ignore
CUTTAK BLUE DART EXPRESS,53,170.6,180.48333333333332,81.1,8,Prioritize for Clearing
WAI,11,170.6,210.08333333333334,72.7,0,Prioritize for Clearing
"BTPS, Bokaro, JHARKHAND",2,170.6,170.6051388888889,100.0,0,Ignore
WARDHA,20,170.6,182.6,80.0,2,Prioritize for Clearing
HIMMATNAGAR,35,170.5,158.7,80.0,0,Prioritize for Clearing
AMRITSAR OUTER,7,170.5,157.21666666666667,57.1,1,Prioritize for Clearing
NARANPURA SERVICE CENTRE,52,170.5,172.65,82.7,6,Prioritize for Clearing
ALIGARH,101,170.4,178.78333333333333,78.2,0,Prioritize for Clearing
"Sangrur1, Sangrur, PUNJAB",5,170.4,112.8925,100.0,0,Prioritize for Clearing
PEDAPALLI REACH,8,170.3,161.325,62.5,0,Prioritize for Clearing
"Baraut, Baraut, UTTAR PRADESH",4,170.3,181.60791666666665,100.0,0,Ignore
BIHTA OFFICE,5,170.3,136.83333333333334,80.0,0,Prioritize for Clearing
RAJNANDGAON,18,170.3,158.61666666666667,100.0,0,Prioritize for Clearing
"Kishangarh, Kishangarh, RAJASTHAN",6,170.0,172.43930555555556,66.7,0,Prioritize for Clearing
DARBHANGA REACH,19,170.0,207.23333333333332,78.9,3,Prioritize for Clearing
GORAYA,5,169.9,184.53333333333333,60.0,0,Prioritize for Clearing
agnoor,2,169.7,169.66791666666666,50.0,0,Ignore
PCAR,358,169.6,133.2601388888889,86.6,6,Prioritize for Clearing
"Amtala1, Amtala, WEST BENGAL",2,169.6,169.5651388888889,100.0,0,Ignore
KURUKSHETRA,54,169.6,160.9,81.5,2,Prioritize for Clearing
POND,67,169.6,186.0613888888889,76.1,2,Prioritize for Clearing
Nasrullaganj,2,169.6,169.63555555555553,50.0,0,Ignore
DUMKA OFFICE,7,169.6,178.6,85.7,0,Prioritize for Clearing
Bijapur,2,169.5,169.47722222222222,50.0,0,Ignore
"BATANAGAR, BATANAGAR, WEST BENGAL",12,169.5,177.8025,75.0,0,Prioritize for Clearing
ASKN,225,169.4,182.76388888888889,78.7,14,Prioritize for Clearing
KARAIKUDI,17,169.4,162.48333333333332,94.1,0,Prioritize for Clearing
TRICHY APX/SFC PUD CENTRE,2,169.4,169.39166666666665,50.0,0,Ignore
FARIDKOT,12,169.4,147.44166666666666,83.3,0,Prioritize for Clearing
HAJO,3,169.3,255.15,66.7,1,Ignore
FIROZABAD,37,169.2,183.43333333333334,75.7,2,Prioritize for Clearing
PALAKODU,3,169.2,153.4,100.0,0,Ignore
ALWARPET,88,169.1,181.88333333333333,83.0,1,Prioritize for Clearing
"BLR/BLD-TML, BANGALORE, KARNATAKA",21,169.1,134.19194444444443,90.5,0,Prioritize for Clearing
VIMN,92,169.1,137.6348611111111,79.3,2,Prioritize for Clearing
BHIWANDI APEX/SFC,52,169.1,156.575,86.5,1,Prioritize for Clearing
SHOLINGANALLUR,54,169.1,169.93333333333334,87.0,0,Prioritize for Clearing
ZIRA,8,169.1,191.98333333333335,100.0,0,Prioritize for Clearing
JAMUI OFFICE,4,169.0,184,100.0,0,Ignore
SARDARSAHAR,3,169.0,91,100.0,0,Ignore
HITECH CITY KONDAPUR,4,169.0,140.86666666666667,50.0,0,Ignore
VAISHALI NAGAR,75,169.0,162.8,76.0,5,Prioritize for Clearing
MARATHALLI,162,168.9,158.95833333333331,74.1,9,Prioritize for Clearing
PRODDATHUR,27,168.9,162.01666666666668,96.3,0,Prioritize for Clearing
KARAKULAM,11,168.9,205.53333333333333,100.0,0,Prioritize for Clearing
Attabira,2,168.9,168.92361111111111,50.0,0,Ignore
"MUZAFFARPUR, Muzaffarpur, BIHAR",6,168.8,114.91097222222223,100.0,0,Prioritize for Clearing
KORAPUT OFFICE,16,168.8,185.08333333333331,87.5,0,Prioritize for Clearing
SONEPAT,4,168.8,127.20000000000002,100.0,0,Ignore
SAMBALPUR BDEL,31,168.8,186.96666666666667,80.6,3,Prioritize for Clearing
"BOM/KND, Mumbai, MAHARASHTRA",65,168.8,158.62666666666667,63.1,5,Prioritize for Clearing
"Kengeri, BANGALORE, KARNATAKA",15,168.7,41.7325,60.0,0,Prioritize for Clearing
"DEL/LDS, New Delhi, DELHI",71,168.7,156.92444444444445,80.3,4,Prioritize for Clearing
JAIPUR,156,168.6,161.28333333333333,78.8,5,Prioritize for Clearing
"BLR/HUL-TML, BANGALORE, KARNATAKA",44,168.6,135.57972222222222,77.3,1,Prioritize for Clearing
BARASAT,29,168.5,160.6,75.9,4,Prioritize for Clearing
"VPT/AKP, Visakhapatnam, ANDHRA PRADESH",6,168.5,179.35000000000002,83.3,0,Prioritize for Clearing
MUMBAI NORTH WAREHOUSE,116,168.4,85.40833333333333,87.9,4,Prioritize for Clearing
"Balussery, KOZHIKODE, KERALA",4,168.3,168.35791666666665,75.0,0,Ignore
UNNAO,12,168.3,183.89999999999998,66.7,0,Prioritize for Clearing
PNR SERVICE CENTRE,78,168.3,164.29166666666669,76.9,1,Prioritize for Clearing
"Edava, Edava, KERALA",6,168.3,156.60625000000002,50.0,0,Prioritize for Clearing
Vaijapur,2,168.2,168.15041666666667,50.0,0,Ignore
LBS ROAD - ETAIL,105,168.2,155.63333333333333,77.1,0,Prioritize for Clearing
HAZARIBAG OFFICE,25,168.2,163.63333333333333,80.0,1,Prioritize for Clearing
SATL,476,168.1,157.41861111111112,83.8,7,Prioritize for Clearing
"Ajjampura, AJJAMPUR, KARNATAKA",2,168.1,168.13,50.0,0,Ignore
GHAT ROAD OFFICE,112,168.1,157.55,80.4,0,Prioritize for Clearing
"Renukoot, Renukoot, UTTAR PRADESH",5,168.0,138.2263888888889,80.0,0,Prioritize for Clearing
"Chilakaluripeta, CHILAKALURIPETA, ANDHRA PRADESH",2,167.8,167.76125000000002,100.0,0,Ignore
TAMBARAM,33,167.8,180.35,78.8,2,Prioritize for Clearing
"AMD/BPL-TML, Ahmedabad, GUJARAT",22,167.8,185.09597222222223,81.8,0,Prioritize for Clearing
SRINAGAR GARHWAL,6,167.8,191.375,66.7,0,Prioritize for Clearing
MUKERIAN,8,167.7,137.7,87.5,0,Prioritize for Clearing
"Shirwal, Shirwal, MAHARASHTRA",4,167.7,137.0413888888889,75.0,1,Ignore
Jangareddygudem,2,167.7,167.7025,50.0,0,Ignore
TONK,5,167.7,209.7,80.0,1,Prioritize for Clearing
LUDI,328,167.7,156.94069444444443,76.5,8,Prioritize for Clearing
CHANDRYANGUTTA SVC,5,167.7,181.65,100.0,0,Prioritize for Clearing
FARRUKHABAD OFFICE,23,167.6,157.51666666666668,82.6,0,Prioritize for Clearing
NCM ETAIL CENTRE,77,167.6,156.16666666666666,77.9,2,Prioritize for Clearing
"Jamnipali, Jamnipali, CHHATTISGARH",4,167.6,126.545,75.0,0,Ignore
"Vadakkanchery, Vadakkenchery, KERALA",3,167.5,113.06055555555555,100.0,0,Ignore
NANDURBAR,11,167.5,107.66666666666667,72.7,2,Prioritize for Clearing
PAMTHEERAKAVE,7,167.4,158.9,100.0,0,Prioritize for Clearing
"Battisshirala, Battisshirala, MAHARASHTRA",2,167.3,167.27180555555557,100.0,0,Ignore
Hiryur,2,167.2,167.2461111111111,50.0,0,Ignore
"HYD/UPL-TML, Hyderabad, TELANGANA",12,167.1,182.27819444444444,75.0,0,Prioritize for Clearing
HRDN,55,167.1,110.60722222222222,89.1,0,Prioritize for Clearing
KADUR,6,167.1,171.04166666666669,83.3,0,Prioritize for Clearing
KONDHWA,90,167.1,136.79166666666669,76.7,0,Prioritize for Clearing
BHANDUP,51,167.0,157.65,80.4,3,Prioritize for Clearing
UMARGAM,3,167.0,184.56666666666666,100.0,0,Ignore
ADR BRANCH ETAIL,267,167.0,157.76666666666668,74.9,11,Prioritize for Clearing
SIRSA,4,167.0,154.45388888888888,75.0,0,Ignore
NLRC,18,166.8,136.31680555555556,72.2,0,Prioritize for Clearing
Machilipatnam,6,166.8,168.56055555555554,50.0,0,Prioritize for Clearing
SHRIRAMPUR,17,166.8,180.5,70.6,1,Prioritize for Clearing
KASARGOD,3,166.8,158.23333333333332,66.7,0,Ignore
MANGALORE COUNTER,17,166.7,160.61666666666667,82.4,0,Prioritize for Clearing
ETAH,14,166.7,195.55833333333334,85.7,0,Prioritize for Clearing
"Gwalior, Gwalior, MADHYA PRADESH",31,166.7,185.30583333333334,80.6,2,Prioritize for Clearing
UJJAIN RSP,34,166.6,148.31666666666666,70.6,4,Prioritize for Clearing
JAGDALPUR,3,166.5,183.6,100.0,0,Ignore
"MAA/POE, Chennai, TAMIL NADU",49,166.5,119.96416666666667,85.7,4,Prioritize for Clearing
"Badami, Badami, KARNATAKA",2,166.4,166.43125,100.0,0,Ignore
"AMD/MNG-TML, Ahmedabad, GUJARAT",35,166.4,113.41083333333333,77.1,0,Prioritize for Clearing
ALWAR,29,166.3,205.4,89.7,1,Prioritize for Clearing
ROPAR,18,166.3,147,77.8,1,Prioritize for Clearing
"Burhanpur, Burhanpur, MADHYA PRADESH",7,166.2,87.17611111111111,85.7,1,Prioritize for Clearing
KANNAD,3,166.2,205.7,100.0,0,Ignore
Naxalbari,2,166.1,166.11777777777777,50.0,0,Ignore
"Nimta-TML, Kolkata, WEST BENGAL",3,166.0,87.89194444444445,100.0,0,Ignore
SALEMPUR LAR,6,166.0,136.95833333333334,83.3,1,Prioritize for Clearing
MIDNAPORE,16,166.0,171.10833333333335,93.8,1,Prioritize for Clearing
MALAKPET EXT,25,166.0,164.65,72.0,3,Prioritize for Clearing
NAGPUR,144,165.9,175.5498611111111,79.2,1,Prioritize for Clearing
BDO E-TAIL SERVICE CENTRE,29,165.9,158.96666666666667,79.3,0,Prioritize for Clearing
"Telhara, Telhara, MAHARASHTRA",2,165.9,165.86069444444442,100.0,0,Ignore
Mangalagiri,2,165.9,165.91125000000002,50.0,0,Ignore
DOMBIVALI BDEL,133,165.9,155.65,82.7,5,Prioritize for Clearing
BHAGALPUR OFFICE,26,165.9,161.63333333333333,88.5,2,Prioritize for Clearing
"DEL/SPJ, New Delhi, DELHI",97,165.8,137.91555555555556,77.3,2,Prioritize for Clearing
CHIPLUN,5,165.8,210.96666666666667,80.0,1,Prioritize for Clearing
TARAPUR,33,165.8,158.61666666666667,90.9,0,Prioritize for Clearing
LAST MILE MANESAR,58,165.8,161.35833333333335,74.1,3,Prioritize for Clearing
"Bediya, Bediya, MADHYA PRADESH",14,165.7,137.1925,100.0,0,Prioritize for Clearing
"Aishmuqam, Anantnag, JAMMU AND KASHMIR",2,165.7,165.7434722222222,100.0,0,Ignore
BOPL,294,165.6,133.70583333333335,75.2,5,Prioritize for Clearing
"Brahmavar, BRAHMAVAR, KARNATAKA",2,165.6,165.56055555555557,100.0,0,Ignore
"Barabanki, Barabanki, UTTAR PRADESH",30,165.6,151.1375,73.3,4,Prioritize for Clearing
"Nangal Pb, Roopnagar, PUNJAB",3,165.6,154.12777777777777,100.0,0,Ignore
"LKO/RJP, Lucknow, UTTAR PRADESH",9,165.5,135.50444444444443,66.7,3,Prioritize for Clearing
SIBSAGAR,7,165.5,88.5,85.7,0,Prioritize for Clearing
"Bellary, Bellary, KARNATAKA",13,165.5,139.71583333333334,84.6,2,Prioritize for Clearing
"BHIWADI, BHIWADI, RAJASTHAN",14,165.4,147.73888888888888,85.7,0,Prioritize for Clearing
GOKAK,13,165.4,136.88333333333333,76.9,0,Prioritize for Clearing
JMLX,233,165.4,155.70694444444445,82.0,3,Prioritize for Clearing
KYMR,25,165.3,180.74416666666667,80.0,0,Prioritize for Clearing
"Repalle, Repalle, ANDHRA PRADESH",8,165.3,181.59694444444443,100.0,0,Prioritize for Clearing
CHURU,12,165.3,193.74166666666667,75.0,2,Prioritize for Clearing
"Rajkot/OMN, Rajkot, GUJARAT",10,165.2,135.67402777777778,100.0,0,Prioritize for Clearing
JHARGRAM,10,165.2,171.74166666666667,80.0,0,Prioritize for Clearing
SOLAPUR,63,165.1,137.18333333333334,77.8,6,Prioritize for Clearing
CHEVELLA REACH,7,165.1,182.38333333333333,85.7,0,Prioritize for Clearing
Nagercoil,14,165.1,157.84291666666667,57.1,0,Prioritize for Clearing
BHARUCH E TAIL,66,165.0,109.80000000000001,81.8,1,Prioritize for Clearing
"DEL/IPX, New Delhi, DELHI",146,165.0,147.4734722222222,78.1,8,Prioritize for Clearing
"Kumbakonam, Kumbakonam, TAMIL NADU",6,164.9,195.24902777777777,66.7,0,Prioritize for Clearing
ARARIA OFFICE,9,164.9,186.05,88.9,0,Prioritize for Clearing
Narasaraopet,10,164.9,145.7838888888889,50.0,0,Prioritize for Clearing
MHOW,12,164.8,159.21666666666667,91.7,0,Prioritize for Clearing
PORVORIM,16,164.8,121.99166666666666,93.8,0,Prioritize for Clearing
VASANTKUNJ COUNTER,127,164.8,178.98333333333332,76.4,11,Prioritize for Clearing
BHWE,337,164.8,153.74166666666667,80.7,27,Prioritize for Clearing
TINGRE NAGAR,89,164.8,162.01666666666668,79.8,0,Prioritize for Clearing
"DEL/GGN, Delhi NCR, DELHI",59,164.8,161.93333333333334,78.0,3,Prioritize for Clearing
LUCKNOW,10,164.7,128.69916666666666,70.0,0,Prioritize for Clearing
HABSIGUDA E-TAIL CENTRE,82,164.7,145.45833333333331,75.6,7,Prioritize for Clearing
ARPORA,8,164.6,179.075,87.5,0,Prioritize for Clearing
KOLHAPUR,89,164.5,158.6,78.7,6,Prioritize for Clearing
SAHEBGANJ OFFICE,6,164.5,147.10833333333332,83.3,0,Prioritize for Clearing
Beltola,2,164.5,164.52888888888887,50.0,0,Ignore
VALSAD,57,164.3,132.6,78.9,0,Prioritize for Clearing
"Anta, Anta, RAJASTHAN",1,164.2,164.2086111111111,100.0,0,Ignore
BHATKAL,9,164.2,112.51666666666667,66.7,0,Prioritize for Clearing
"Jangareddy Gudem, Jangareddy Gudem, ANDHRA PRADESH",4,164.2,152.10180555555556,100.0,0,Ignore
"Samalkot, Samalkot, ANDHRA PRADESH",6,164.2,178.89486111111114,66.7,2,Prioritize for Clearing
HARDA,10,164.2,180.08333333333334,80.0,0,Prioritize for Clearing
DLF E-TAIL CENTER,196,164.1,179.94166666666666,74.5,3,Prioritize for Clearing
"HYD/SBD-TML, Hyderabad, TELANGANA",3,164.1,159.1161111111111,100.0,0,Ignore
"Lonand, Lonand, MAHARASHTRA",3,164.1,154.98916666666668,100.0,0,Ignore
MANAVADAR,2,164.1,164.11083333333335,100.0,0,Ignore
"BLR/BRY-TML, BANGALORE, KARNATAKA",20,164.1,132.73611111111111,80.0,1,Prioritize for Clearing
"Unnao, Unnao, UTTAR PRADESH",7,164.0,135.5961111111111,71.4,0,Prioritize for Clearing
NEW DELHI,401,164.0,165.06833333333333,61.3,5,Prioritize for Clearing
QUEPEM,27,164.0,182.6,77.8,0,Prioritize for Clearing
SONP,248,164.0,153.2738888888889,75.0,11,Prioritize for Clearing
"MAA/VEL-TML, Chennai, TAMIL NADU",24,163.9,113.19833333333332,79.2,0,Prioritize for Clearing
"Sandila, sandila, UTTAR PRADESH",4,163.9,163.99333333333334,50.0,0,Ignore
ANUPPUR,5,163.9,157.63333333333333,100.0,0,Prioritize for Clearing
"GZB/MHN1, Delhi NCR, DELHI",18,163.9,125.23513888888888,61.1,3,Prioritize for Clearing
JALANDHAR (JLND),4,163.9,182.52472222222224,75.0,0,Ignore
"Bihta, Bihta, BIHAR",2,163.9,163.89111111111112,50.0,1,Ignore
Arni,2,163.9,163.92597222222224,50.0,0,Ignore
AMRAVATI,51,163.8,161.48333333333332,80.4,3,Prioritize for Clearing
JAGRAON,8,163.8,160.55833333333334,75.0,0,Prioritize for Clearing
GURAP,7,163.8,135.15,85.7,0,Prioritize for Clearing
CJAM,48,163.8,137.09027777777777,81.3,2,Prioritize for Clearing
Dehri,2,163.7,163.68263888888887,100.0,0,Ignore
PHALTAN,8,163.7,118.66666666666667,62.5,2,Prioritize for Clearing
JAM JODHPUR,2,163.7,163.70347222222225,50.0,0,Ignore
CHALLAKERE,7,163.6,139.2,71.4,1,Prioritize for Clearing
RANAGHAT,18,163.5,112.05833333333334,88.9,2,Prioritize for Clearing
"Cuttack, Cuttack, ORISSA",10,163.5,161.51944444444445,90.0,1,Prioritize for Clearing
"PNR/TKP-TML, Kannur, KERALA",4,163.4,136.65958333333333,100.0,0,Ignore
"MANALI-TML, Chennai, TAMIL NADU",2,163.4,163.35208333333335,100.0,0,Ignore
CUMBAM,8,163.3,183.47500000000002,75.0,0,Prioritize for Clearing
"Bhagabanpur, Bhagabanpur, WEST BENGAL",2,163.3,163.34958333333333,50.0,1,Ignore
NASIK HUB,13,163.3,201.91666666666666,76.9,0,Prioritize for Clearing
KRISHNAGAR,3,163.2,202.2175,100.0,0,Ignore
JHABUA,17,163.1,184.43333333333334,70.6,2,Prioritize for Clearing
ASANSOL BDEL,66,163.1,149.34166666666667,83.3,5,Prioritize for Clearing
RAJKOT COD CENTRE,127,163.1,156.71666666666667,81.1,1,Prioritize for Clearing
"DEL/WZB, Delhi NCR, DELHI",88,163.0,148.13680555555555,72.7,2,Prioritize for Clearing
ARIYALUR,1,163.0,162.98333333333332,100.0,0,Ignore
"DEL/DWA, New Delhi, DELHI",105,163.0,137.38777777777779,75.2,9,Prioritize for Clearing
RPUR,199,162.9,135.1027777777778,83.9,0,Prioritize for Clearing
TATL,198,162.9,115.19097222222223,76.8,13,Prioritize for Clearing
IXBH,184,162.9,159.84152777777777,83.7,5,Prioritize for Clearing
"SARABHAVARAM, YELESWARAM, ANDHRA PRADESH",4,162.8,133.39986111111114,75.0,0,Ignore
"Sultanpur Lodhi, SULTANPUR LODHI, PUNJAB",4,162.8,151.60444444444445,50.0,2,Ignore
BIKRAMGANJ OFFICE,2,162.8,162.81666666666666,100.0,0,Ignore
JAGUN,2,162.6,162.63333333333333,100.0,0,Ignore
"HYD/NSG, Hyderabad, TELANGANA",34,162.6,96.65208333333334,64.7,2,Prioritize for Clearing
BARABANKI E-TAIL,13,162.6,136.05,69.2,1,Prioritize for Clearing
VILE PARLE E-TAIL,116,162.6,135.75,79.3,3,Prioritize for Clearing
SRIKALAHASTI REACH,2,162.6,162.60000000000002,100.0,0,Ignore
"Banswada1, Banswada, TELANGANA",1,162.5,162.53722222222223,100.0,0,Ignore
KEONJHAR,7,162.5,159.86666666666667,85.7,0,Prioritize for Clearing
DEHRADUN EXPANSION,79,162.5,159.51666666666668,88.6,0,Prioritize for Clearing
BATHINDA,3,162.5,202.53027777777777,100.0,0,Ignore
AKHNOOR,12,162.4,147.80833333333334,83.3,0,Prioritize for Clearing
"Hosnagabad, Hoshangabad, MADHYA PRADESH",5,162.4,131.67277777777778,100.0,0,Prioritize for Clearing
BEOHARI,1,162.4,162.43333333333334,100.0,0,Ignore
"Anjugramam, Anjugramam, TAMIL NADU",1,162.4,162.36638888888888,100.0,0,Ignore
WALHEKARWADI,105,162.3,153.65,73.3,0,Prioritize for Clearing
DEWAS,17,162.3,205.48333333333332,76.5,0,Prioritize for Clearing
Yashwantpura,2,162.2,162.23555555555558,100.0,0,Ignore
BODUPPAL,28,162.2,182.26666666666665,75.0,1,Prioritize for Clearing
MULLANA,24,162.1,185.45833333333334,83.3,2,Prioritize for Clearing
Nandwai,2,162.1,162.09291666666667,50.0,0,Ignore
RAJULA,2,162.1,162.07500000000002,100.0,0,Ignore
SHEOHAR,2,162.1,162.09999999999997,50.0,0,Ignore
"Niwari, Niwari, MADHYA PRADESH",2,162.0,161.96305555555557,50.0,1,Ignore
SHIVPURI,3,162.0,140.05694444444444,66.7,0,Ignore
BDQH,450,162.0,107.58805555555556,75.3,14,Prioritize for Clearing
"SXR/HDP, Srinagar, JAMMU AND KASHMIR",16,161.8,196.04458333333332,87.5,1,Prioritize for Clearing
"Modipuram, MODIPURAM, UTTAR PRADESH",1,161.8,161.7927777777778,100.0,0,Ignore
"Bakewar, Bakewar, UTTAR PRADESH",1,161.8,161.80055555555555,100.0,0,Ignore
"Kapasan1, Kapasan, RAJASTHAN",4,161.7,124.95472222222222,100.0,0,Ignore
TNAGAR SERVICE CENTRE,77,161.7,162.18333333333334,74.0,4,Prioritize for Clearing
"Patan, Patan, GUJARAT",8,161.6,136.7698611111111,75.0,2,Prioritize for Clearing
KHALILABAD,9,161.6,91.35,66.7,1,Prioritize for Clearing
"Tirupur North, Tirupur, TAMIL NADU",6,161.6,137.2759722222222,100.0,0,Prioritize for Clearing
"Pandeerankavu, PANDEERANKAVU, KERALA",3,161.6,106.17388888888888,100.0,0,Ignore
PURASAWALKAM,25,161.5,112.56666666666666,68.0,1,Prioritize for Clearing
JOGBANI OFFICE,17,161.5,231.28333333333333,88.2,1,Prioritize for Clearing
"Katwa, KATWA, WEST BENGAL",4,161.5,170.76430555555555,100.0,0,Ignore
"Pauri Garhwal, Pauri Garhwal, UTTARAKHAND",2,161.5,161.50833333333333,50.0,0,Ignore
"Etawah, Etawah, UTTAR PRADESH",10,161.5,111.50444444444445,90.0,0,Prioritize for Clearing
KESHAV NAGAR,37,161.5,136.21666666666667,86.5,0,Prioritize for Clearing
"HYD/WAR-TML, Hyderabad, TELANGANA",22,161.5,147.80208333333334,81.8,0,Prioritize for Clearing
"Sirguppa, Sirguppa, KARNATAKA",1,161.4,161.37305555555557,100.0,0,Ignore
JETPUR,7,161.4,188.38194444444446,85.7,0,Prioritize for Clearing
NELLORE,53,161.3,160.98333333333332,75.5,2,Prioritize for Clearing
DEMOW,2,161.3,161.27499999999998,100.0,0,Ignore
"Jabalpur, Jabalpur, MADHYA PRADESH",11,161.2,181.20222222222222,72.7,3,Prioritize for Clearing
"MLR/KDY-TML, Mangalore, KARNATAKA",6,161.2,146.75722222222223,100.0,0,Prioritize for Clearing
"Pinjore1, Pinjore, HARYANA",7,161.1,162.94416666666666,85.7,1,Prioritize for Clearing
"MAATHUR, MAATHUR, TAMIL NADU",1,161.1,161.08027777777778,100.0,0,Ignore
PUSHKAR,5,161.1,184.6,100.0,0,Prioritize for Clearing
NSK CIDCO SERVICE CENTRE,32,161.0,158.55833333333334,84.4,0,Prioritize for Clearing
"Karwar, Karwar, KARNATAKA",5,161.0,158.1172222222222,80.0,0,Prioritize for Clearing
"CJB/SOUTH-TML, Coimbatore, TAMIL NADU",6,161.0,157.4176388888889,66.7,0,Prioritize for Clearing
"Losal, Losal, RAJASTHAN",1,160.9,160.85666666666665,100.0,0,Ignore
"Jassur, Jassur, HIMACHAL PRADESH",6,160.9,125.09458333333333,83.3,0,Prioritize for Clearing
Haldia,5,160.9,178.0288888888889,60.0,0,Prioritize for Clearing
JOGESHWARI ETAIL CENTRE,83,160.9,155.5,73.5,3,Prioritize for Clearing
"Nadbai, Nadbai, RAJASTHAN",1,160.9,160.9036111111111,100.0,0,Ignore
BHATINDA SERVICE CENTRE,56,160.8,160.675,76.8,0,Prioritize for Clearing
Kattumannarkovil,2,160.7,160.67513888888888,50.0,0,Ignore
Tumsar,4,160.7,161.38736111111115,50.0,0,Ignore
"Pathri, Manwath, MAHARASHTRA",1,160.7,160.72305555555556,100.0,0,Ignore
"IXG/STH-TML, Belgaum, KARNATAKA",12,160.7,155.67694444444444,83.3,1,Prioritize for Clearing
ILKAL,12,160.7,180.2,83.3,0,Prioritize for Clearing
"Kovilpatti, KOVILPATTI, TAMIL NADU",1,160.6,160.565,100.0,0,Ignore
"Noida/MRA, Delhi NCR, DELHI",41,160.6,136.9477777777778,61.0,2,Prioritize for Clearing
"Ichalkarnaji, Ichalkaranji, MAHARASHTRA",7,160.5,161.19361111111112,71.4,1,Prioritize for Clearing
KOLLAMPALAYAM,7,160.5,137.48333333333332,85.7,0,Prioritize for Clearing
SULTHAN BATHERY,1,160.5,160.5,100.0,0,Ignore
TUPTNI VASTI - HADAPSAR,70,160.5,157.84166666666667,81.4,0,Prioritize for Clearing
COONOOR,10,160.5,134.78333333333333,90.0,0,Prioritize for Clearing
"Pakala, PAKALA, ANDHRA PRADESH",2,160.5,160.51958333333332,100.0,0,Ignore
"Chakshu, Chakshu, RAJASTHAN",1,160.5,160.54194444444445,100.0,0,Ignore
"BLR/AVA-TML, BANGALORE, KARNATAKA",17,160.4,107.64305555555555,82.4,1,Prioritize for Clearing
VELLALORE PATINAM S/C,24,160.4,137.1,91.7,0,Prioritize for Clearing
SOLAN,28,160.4,190.85833333333335,78.6,0,Prioritize for Clearing
"DEL/NFG, New Delhi, DELHI",43,160.4,162.13166666666666,79.1,4,Prioritize for Clearing
"ORAI2, ORAI, UTTAR PRADESH",5,160.3,87.23527777777778,80.0,1,Prioritize for Clearing
"Barshi, Barshi, MAHARASHTRA",1,160.3,160.26916666666668,100.0,0,Ignore
TRIVANDRUM SERVICE CENTRE,33,160.3,135.68333333333334,93.9,0,Prioritize for Clearing
VIDYANAGAR,44,160.3,85.10833333333333,72.7,2,Prioritize for Clearing
TRVH,225,160.3,96.57555555555555,76.9,1,Prioritize for Clearing
COIMBATORE,67,160.3,154.35,79.1,3,Prioritize for Clearing
WARANGAL,5,160.2,156.14805555555554,80.0,0,Prioritize for Clearing
"manesar1, Delhi NCR, DELHI",38,160.2,160.64222222222224,71.1,1,Prioritize for Clearing
"BOM/MAT, Mumbai, MAHARASHTRA",25,160.2,162.00555555555556,84.0,0,Prioritize for Clearing
LANJA,5,160.2,159.8,100.0,0,Prioritize for Clearing
MOTIHARI OFFICE,8,160.2,198.575,87.5,1,Prioritize for Clearing
MANYATHA TECH PARK,78,160.2,157.86666666666667,79.5,4,Prioritize for Clearing
"DIGBOI, DIGBOI, ASSAM",1,160.1,160.05916666666667,100.0,0,Ignore
"KEONJHAR, KEONJHAR, ORISSA",8,160.1,133.44027777777777,50.0,0,Prioritize for Clearing
SNPD,266,160.0,83.87472222222222,71.8,10,Prioritize for Clearing
MRGO,83,160.0,156.82361111111112,79.5,3,Prioritize for Clearing
GOPALGANJ OFFICE,6,160.0,160.59166666666667,100.0,0,Prioritize for Clearing
"Marcel Goa, Marcel, GOA",1,160.0,159.98805555555555,100.0,0,Ignore
"ALGAPUR, Hailakandi, ASSAM",1,159.9,159.87444444444444,100.0,0,Ignore
VASCO COUNTER,12,159.9,155.88333333333333,83.3,0,Prioritize for Clearing
CHITTORGARH,14,159.9,161.2,57.1,5,Prioritize for Clearing
BANSDRONI,73,159.9,138.05,74.0,8,Prioritize for Clearing
"CCU/TOL, Kolkata, WEST BENGAL",52,159.9,145.9427777777778,80.8,4,Prioritize for Clearing
"MAA/POE-EHV, Chennai, TAMIL NADU",10,159.9,151.505,90.0,0,Prioritize for Clearing
BELAGAVI,111,159.9,158.18333333333334,83.8,3,Prioritize for Clearing
"Rengali, Rengali, ORISSA",2,159.9,159.90527777777777,100.0,0,Ignore
NGPR,246,159.8,99.28125,75.6,2,Prioritize for Clearing
HASTHINAPURAM E-TAIL,46,159.7,161.93333333333334,73.9,0,Prioritize for Clearing
KAKDWIP,3,159.7,157.91666666666666,100.0,0,Ignore
ELURU REACH,6,159.7,157.66666666666669,83.3,0,Prioritize for Clearing
BIDAR,22,159.7,184.77499999999998,77.3,0,Prioritize for Clearing
"Fuleswar, Fuleswar, WEST BENGAL",1,159.7,159.72222222222223,100.0,0,Ignore
TUMAKURU,32,159.6,109.58333333333333,65.6,1,Prioritize for Clearing
"Godavari Khani, Godavari Khani, TELANGANA",7,159.6,65.7088888888889,85.7,1,Prioritize for Clearing
KORBA,24,159.6,182.76666666666665,79.2,0,Prioritize for Clearing
"HYD/YAP, Hyderabad, TELANGANA",30,159.6,136.88402777777776,70.0,5,Prioritize for Clearing
BARPETA ROAD,8,159.6,160.89999999999998,87.5,0,Prioritize for Clearing
MANDI,2,159.6,159.60291666666666,50.0,0,Ignore
ETAWAH,24,159.5,132.30944444444447,79.2,3,Prioritize for Clearing
"Vadnagar, Vadnagar, GUJARAT",1,159.5,159.47,100.0,0,Ignore
OMR SERVICE CENTRE,7,159.5,182.46666666666667,85.7,0,Prioritize for Clearing
"Chanapora, Srinagar, JAMMU AND KASHMIR",8,159.4,123.53763888888889,87.5,0,Prioritize for Clearing
"Daroh, Daroh, HIMACHAL PRADESH",1,159.4,159.42166666666665,100.0,0,Ignore
"LalChowk, LAL CHOWK, JAMMU AND KASHMIR",18,159.3,75.99722222222223,83.3,2,Prioritize for Clearing
"AYOTHIYAPATTINAM, AYOTHIYAPATINAM, TAMIL NADU",1,159.3,159.2786111111111,100.0,0,Ignore
RAMNAGARA,12,159.3,110.19999999999999,91.7,0,Prioritize for Clearing
"MAA/MDV-EHV, Chengalpet, TAMIL NADU",13,159.3,57.91222222222222,92.3,0,Prioritize for Clearing
IDAR,6,159.3,137.27499999999998,100.0,0,Prioritize for Clearing
PEENYA COUNTER,31,159.3,155.31666666666666,71.0,2,Prioritize for Clearing
BARWALA,4,159.2,122.3,100.0,0,Ignore
Pilibhit,2,159.2,159.17555555555558,50.0,0,Ignore
MODINAGAR,25,159.1,162.45,76.0,2,Prioritize for Clearing
Dimapur,2,159.1,159.06263888888887,100.0,0,Ignore
sitapur,2,159.1,159.09180555555557,100.0,0,Ignore
"Sehore, Sehore, MADHYA PRADESH",2,159.1,159.07611111111112,100.0,0,Ignore
AMBASAMUDRAM,1,159.0,159.01666666666668,100.0,0,Ignore
"Shirur, Shirur, MAHARASHTRA",1,159.0,158.99722222222223,100.0,0,Ignore
Ahmadpur,2,159.0,158.98069444444442,50.0,0,Ignore
"Kottur, Kottur, KARNATAKA",2,159.0,158.98666666666665,50.0,0,Ignore
"LKO/CHK, Lucknow, UTTAR PRADESH",4,158.9,148.85527777777776,50.0,0,Ignore
SAKET  E-TAIL DELIVERY,124,158.9,162.48333333333335,75.8,11,Prioritize for Clearing
BANASHANKARI,90,158.9,146.075,76.7,5,Prioritize for Clearing
Parli Vaijinath,2,158.8,158.82833333333332,50.0,0,Ignore
Raxaul,2,158.8,158.78291666666667,50.0,0,Ignore
PATHANKOT COUNTER,47,158.7,159.03333333333333,80.9,0,Prioritize for Clearing
RATNAGIRI,27,158.7,161.6,74.1,2,Prioritize for Clearing
SHIKARIPUR,7,158.7,111.76666666666667,100.0,0,Prioritize for Clearing
"DEL/SLG, Delhi NCR, DELHI",30,158.7,148.0990277777778,70.0,2,Prioritize for Clearing
"RSC/Tarn Taran Sahib, Tarn Taran Sahib, PUNJAB",7,158.7,163.62083333333334,85.7,1,Prioritize for Clearing
"Beas, BEAS, PUNJAB",10,158.7,120.65041666666667,70.0,2,Prioritize for Clearing
GUINDY,79,158.6,134.65,75.9,3,Prioritize for Clearing
RAYGADA REACH,16,158.6,146.55,87.5,1,Prioritize for Clearing
Thiruvallur,4,158.6,139.4598611111111,75.0,0,Ignore
CUDDALORE,5,158.5,186.48333333333332,80.0,1,Prioritize for Clearing
Kanakpura,1,158.5,158.4688888888889,100.0,0,Ignore
"Khambalia, Khambhalia, GUJARAT",2,158.5,158.46694444444447,50.0,0,Ignore
GZBD,502,158.5,99.95541666666666,72.9,13,Prioritize for Clearing
"DKU, Kalyan, MAHARASHTRA",36,158.5,72.64777777777778,75.0,1,Prioritize for Clearing
"TRV/KNA, Trivandrum, KERALA",5,158.3,152.59416666666667,100.0,0,Prioritize for Clearing
VYTL,122,158.3,89.42222222222222,77.0,3,Prioritize for Clearing
"Puthucode, ALATHUR, KERALA",1,158.2,158.15777777777777,100.0,0,Ignore
HASSAN,28,158.2,102.9,64.3,1,Prioritize for Clearing
NAGERCOIL,10,158.2,147.01666666666665,70.0,0,Prioritize for Clearing
MUVVALAVANIPALEM,55,158.2,138.65,74.5,5,Prioritize for Clearing
CSVN,5,158.2,189.33277777777778,60.0,1,Prioritize for Clearing
MAYAPURI (MAYA),1,158.2,158.2461111111111,100.0,0,Ignore
SXR AIRPORT CENTRE,1,158.2,158.16666666666666,100.0,0,Ignore
Saravanampatti / Coimbatore,13,158.1,174.73888888888888,53.8,0,Prioritize for Clearing
"Chirimiri, Chirimiri, CHHATTISGARH",1,158.1,158.1275,100.0,0,Ignore
DABHOI,1,158.1,158.06666666666666,100.0,0,Ignore
JADAVPUR - COD,62,158.1,138.31666666666666,72.6,9,Prioritize for Clearing
HALDIA,25,158.1,154.45,88.0,0,Prioritize for Clearing
TUNC,1,158.0,157.99444444444444,100.0,0,Ignore
Kollegala,2,158.0,158.03305555555556,50.0,0,Ignore
"NBM/NBM, Navi Mumbai, MAHARASHTRA",61,157.9,90.44694444444444,78.7,4,Prioritize for Clearing
"SXR/RNW, Srinagar, JAMMU AND KASHMIR",21,157.9,123.73305555555555,95.2,0,Prioritize for Clearing
"Khusrupur, Khusrupur, BIHAR",2,157.9,157.8809722222222,50.0,0,Ignore
"Hansi, Hansi, HARYANA",4,157.9,168.11416666666665,75.0,1,Ignore
BANSWARA,2,157.9,157.89222222222222,50.0,0,Ignore
VARACHHA ETAIL INBOUND,50,157.9,108.65,80.0,0,Prioritize for Clearing
"Betul, Betul, MADHYA PRADESH",6,157.9,159.69111111111113,100.0,0,Prioritize for Clearing
BEHALA CHOWRASTA,67,157.9,137.95,82.1,6,Prioritize for Clearing
BARRACKPORE BDEL,69,157.9,138.26666666666668,78.3,7,Prioritize for Clearing
SARJAPUR ROAD,75,157.8,116.4,77.3,6,Prioritize for Clearing
JATNI,14,157.8,162.89166666666665,71.4,3,Prioritize for Clearing
FARIDABAD NEHAR PAR,97,157.8,134.81666666666666,74.2,8,Prioritize for Clearing
"Surajgarh, Surajgarh, RAJASTHAN",2,157.8,157.8173611111111,100.0,0,Ignore
VRS APEX/SFC PUD,2,157.7,157.71666666666664,100.0,0,Ignore
MIRAN SAHIB,19,157.7,138.21666666666667,78.9,0,Prioritize for Clearing
"Mundi, Mundi, MADHYA PRADESH",1,157.7,157.68,100.0,0,Ignore
DANDELI,1,157.6,157.58333333333334,100.0,0,Ignore
"Ratlam, Ratlam, MADHYA PRADESH",13,157.6,108.70083333333334,76.9,2,Prioritize for Clearing
"Valase Satara, Satara, MAHARASHTRA",9,157.5,112.90333333333334,77.8,0,Prioritize for Clearing
LUDHIANA CITY,178,157.5,123.18333333333334,79.2,3,Prioritize for Clearing
AMBEJOGAI,5,157.5,65.88333333333334,80.0,1,Prioritize for Clearing
MORADABAD EXPANSION,9,157.4,160.25,100.0,0,Prioritize for Clearing
AMRITSAR,117,157.4,136.7,70.1,7,Prioritize for Clearing
JAJPUR,13,157.4,163.38333333333333,84.6,1,Prioritize for Clearing
RAM MURTHY NAGAR,95,157.3,109.18333333333334,75.8,1,Prioritize for Clearing
KUNIGAL,1,157.3,157.31666666666666,100.0,0,Ignore
KARUNAGAPALLY,23,157.3,179.13333333333333,82.6,0,Prioritize for Clearing
"Howrah, BATANAGAR, WEST BENGAL",10,157.3,107.37236111111112,70.0,3,Prioritize for Clearing
"Dahanu, Dahanu, MAHARASHTRA",3,157.3,158.9575,66.7,0,Ignore
"LAKHIMPURKHIRI, Lakhimpur Khiri, UTTAR PRADESH",7,157.3,132.20361111111112,71.4,2,Prioritize for Clearing
"KANCHIPURAM TN, KANCHIPURAM, TAMIL NADU",4,157.3,133.04736111111112,75.0,0,Ignore
"Vrinadavan Lko, Lucknow, UTTAR PRADESH",7,157.2,90.1913888888889,85.7,1,Prioritize for Clearing
"RNC/KDR, Ranchi, JHARKHAND",11,157.2,65.7936111111111,72.7,1,Prioritize for Clearing
"Mandsaur, Mandsaur, MADHYA PRADESH",3,157.2,183.60416666666666,66.7,0,Ignore
"Pallipalayam, Erode, TAMIL NADU",5,157.1,104.13416666666667,100.0,0,Prioritize for Clearing
ITO SERV CENTRE-JALANDHAR,68,157.1,136.20833333333334,75.0,2,Prioritize for Clearing
KALYAN BDEL,58,157.1,157.7,81.0,4,Prioritize for Clearing
LAKHIMPUR KHERI,16,157.1,181.60833333333335,93.8,0,Prioritize for Clearing
KATTAKADA,4,157.1,175.225,75.0,0,Ignore
"IXG/CTY-TML, Belgaum, KARNATAKA",4,157.0,139.20597222222221,100.0,0,Ignore
PRATAPGARH,9,157.0,205.63333333333333,77.8,0,Prioritize for Clearing
OUTER-LUDHIANA,32,157.0,134.95833333333331,75.0,0,Prioritize for Clearing
CTKE,66,157.0,113.23416666666667,78.8,0,Prioritize for Clearing
"CTK/JGP, Cuttack, ORISSA",3,157.0,160.99138888888888,100.0,0,Ignore
CANK,35,156.9,106.48305555555555,82.9,2,Prioritize for Clearing
THARAD,7,156.8,156.85,71.4,0,Prioritize for Clearing
TINSUKIA,10,156.8,123.76666666666667,100.0,0,Prioritize for Clearing
"Bomdila, Bomdila, ARUNACHAL PRADESH",4,156.8,115.85416666666667,50.0,0,Ignore
"Paratwadda, Paratwadda, MAHARASHTRA",8,156.8,104.23624999999998,50.0,1,Prioritize for Clearing
Palacode,2,156.7,156.6511111111111,50.0,0,Ignore
"Mandar, Mandar, JHARKHAND",3,156.7,87.99444444444444,100.0,0,Ignore
"HISSAR, Hissar, HARYANA",36,156.7,157.94069444444443,72.2,2,Prioritize for Clearing
"Sarkaghat, Sarkaghat, HIMACHAL PRADESH",1,156.7,156.68027777777777,100.0,0,Ignore
NAVI MUMBAI,5,156.6,9.9675,40.0,0,Prioritize for Clearing
"EDAPPAL, EDAPPAL, KERALA",3,156.6,159.53972222222222,100.0,0,Ignore
"Agacaim Verna, Goa, GOA",3,156.5,63.039722222222224,100.0,0,Ignore
Pavagada,2,156.5,156.4986111111111,50.0,0,Ignore
Hunsur,2,156.5,156.51902777777778,50.0,0,Ignore
ATMAKUR,1,156.5,156.53333333333333,100.0,0,Ignore
"Gandhidham, Gandhidham, GUJARAT",25,156.4,108.70444444444445,68.0,0,Prioritize for Clearing
Hukkeri,2,156.4,156.40152777777774,50.0,0,Ignore
"Dahina, DAHINA, HARYANA",7,156.4,134.3275,71.4,0,Prioritize for Clearing
"Ambegaon, PUNE, MAHARASHTRA",8,156.4,146.8838888888889,87.5,0,Prioritize for Clearing
Diamondharbour,1,156.3,156.27083333333334,100.0,0,Ignore
Mauganj,2,156.3,156.3259722222222,50.0,0,Ignore
BELLUR,3,156.3,157.20916666666668,66.7,0,Ignore
Madanapallee,9,156.3,38.471944444444446,55.6,0,Prioritize for Clearing
Raebareili,2,156.3,156.25055555555556,50.0,0,Ignore
CPLC,261,156.2,89.17888888888889,69.3,5,Prioritize for Clearing
OKHLA E-TAIL DELIVERY,152,156.2,156.11666666666667,73.0,8,Prioritize for Clearing
Saraipalli,2,156.2,156.20583333333332,50.0,0,Ignore
"PNQ/DPR, PUNE, MAHARASHTRA",31,156.2,57.586666666666666,77.4,0,Prioritize for Clearing
Hatia,2,156.0,156.01597222222222,50.0,0,Ignore
"Anantnag1, Anantnag, JAMMU AND KASHMIR",5,156.0,228.9688888888889,60.0,1,Prioritize for Clearing
MIRM,161,155.9,65.89222222222222,70.2,4,Prioritize for Clearing
BARBIL OFFICE,16,155.9,145.63333333333333,93.8,0,Prioritize for Clearing
BHATAPARA,3,155.8,137.06666666666666,100.0,0,Ignore
GIRIDIH OFFICE,8,155.8,149.40833333333333,75.0,2,Prioritize for Clearing
SULUR,7,155.8,35.983333333333334,71.4,0,Prioritize for Clearing
GOREGAON JOGESHWARI ETAIL,82,155.8,113.6,73.2,2,Prioritize for Clearing
"Baramulla JK, Baramulla, JAMMU AND KASHMIR",5,155.7,87.265,100.0,0,Prioritize for Clearing
"Shrirampur WB, Shrirampur WB, WEST BENGAL",1,155.7,155.68416666666667,100.0,0,Ignore
"Haldwani, Haldwani, UTTARAKHAND",42,155.7,135.49013888888888,71.4,2,Prioritize for Clearing
Nanjangud,2,155.7,155.72944444444443,50.0,0,Ignore
REHABARI OFFICE,58,155.7,121.88333333333333,72.4,0,Prioritize for Clearing
MAHALAKSHMI PURAM  ETAIL,163,155.7,113.53333333333333,71.2,15,Prioritize for Clearing
VIJAYAMANGALAM,6,155.6,152.37861111111113,50.0,0,Prioritize for Clearing
NASIK ROAD,18,155.6,122.56666666666666,72.2,0,Prioritize for Clearing
"Dharmshala, Dharmshala, HIMACHAL PRADESH",26,155.6,157.00180555555556,84.6,0,Prioritize for Clearing
RAGHUNATHGANJ,13,155.6,159.85,92.3,0,Prioritize for Clearing
BLR ETAIL PROCESSING UNIT,49,155.5,110.68333333333334,75.5,4,Prioritize for Clearing
MOKOKCHUNG,6,155.5,157.225,100.0,0,Prioritize for Clearing
Azamgarh,2,155.5,155.46694444444444,50.0,0,Ignore
"Rewa MP, Rewa, MADHYA PRADESH",24,155.5,103.85708333333334,70.8,2,Prioritize for Clearing
Bhongir,2,155.5,155.48624999999998,50.0,0,Ignore
BKC ETAIL,84,155.5,123.20000000000002,81.0,6,Prioritize for Clearing
"Gondia, Gondia, MAHARASHTRA",3,155.4,136.135,100.0,0,Ignore
ULWA,17,155.4,185.71666666666667,76.5,4,Prioritize for Clearing
PALANI,5,155.4,161.63333333333333,100.0,0,Prioritize for Clearing
Simdega,1,155.4,155.44833333333332,100.0,0,Ignore
MADHURAWADA REACH,21,155.4,162.26666666666668,81.0,1,Prioritize for Clearing
HONNAVARA,8,155.3,136.16666666666669,100.0,0,Prioritize for Clearing
"MiranSahib1, Miran Sahib, JAMMU AND KASHMIR",13,155.2,134.97916666666666,84.6,0,Prioritize for Clearing
"Tirupathi, Tirupati, ANDHRA PRADESH",5,155.2,114.54305555555555,60.0,0,Prioritize for Clearing
"Midnapore, MIDNAPORE, WEST BENGAL",8,155.1,172.34680555555556,100.0,0,Prioritize for Clearing
NAD KOTHA ROAD,21,155.1,178.46666666666667,76.2,3,Prioritize for Clearing
TOLICHOWKI E-TAIL CENTRE,79,155.1,137.45,67.1,3,Prioritize for Clearing
Hardoi,4,155.0,154.485,50.0,0,Ignore
NALIYA,4,155.0,158.61666666666667,75.0,0,Ignore
SILIGURI,68,155.0,156.05,76.5,7,Prioritize for Clearing
SHAMLI,31,155.0,158.78333333333333,64.5,0,Prioritize for Clearing
Bhattiprolu,2,154.9,154.86513888888888,50.0,0,Ignore
CHANDIGARH,9,154.8,249.46083333333334,55.6,0,Prioritize for Clearing
Kuppam,2,154.8,154.84652777777777,50.0,0,Ignore
"Turvekere, TURVEKERE, KARNATAKA",2,154.8,154.80708333333337,100.0,0,Ignore
Kusumgram,4,154.8,131.46833333333333,50.0,0,Ignore
GBTE,66,154.7,82.26763888888888,80.3,1,Prioritize for Clearing
MALUMICHAMPATTI,16,154.7,135.18333333333334,81.3,0,Prioritize for Clearing
SOUKYA ROAD,48,154.7,112.46666666666667,77.1,1,Prioritize for Clearing
NANPURA SERVICE CENTRE,151,154.7,108.76666666666667,82.8,0,Prioritize for Clearing
NASHIK,9,154.6,153.33805555555554,66.7,0,Prioritize for Clearing
"Shri Dungargarh, Shri Dungargarh, RAJASTHAN",4,154.6,182.97833333333332,75.0,1,Ignore
VIJA,160,154.6,112.67,77.5,17,Prioritize for Clearing
"MAA/ICF-TML, Chennai, TAMIL NADU",39,154.6,87.23638888888888,74.4,1,Prioritize for Clearing
"Hanskhali, Hanskhali, WEST BENGAL",2,154.6,154.6284722222222,100.0,0,Ignore
KHARIAR,5,154.6,157.98333333333332,80.0,0,Prioritize for Clearing
"DEL/BDR, New Delhi, DELHI",89,154.5,156.9411111111111,78.7,5,Prioritize for Clearing
ANTARIKSH BHAVAN,31,154.5,160.95,80.6,2,Prioritize for Clearing
"PDY/SA-WTT, PONDICHERRY, TAMIL NADU",8,154.4,99.8436111111111,50.0,0,Prioritize for Clearing
"SONIPAT, Panipat, HARYANA",25,154.4,179.13555555555556,60.0,1,Prioritize for Clearing
"Bhadravati MH, Chandrapur, MAHARASHTRA",2,154.4,154.39180555555555,100.0,0,Ignore
"Naina Devi, Naina devi, HIMACHAL PRADESH",2,154.3,154.34569444444446,100.0,0,Ignore
VAPI,43,154.3,132.26666666666668,81.4,0,Prioritize for Clearing
"Kendrapara, Kendrapara, ORISSA",5,154.3,159.63194444444446,80.0,0,Prioritize for Clearing
NOHAR,10,154.3,149.625,70.0,1,Prioritize for Clearing
KOTDWAR,13,154.3,157.53333333333333,84.6,0,Prioritize for Clearing
"Nawanshahr, Nawansahar, PUNJAB",9,154.3,111.74055555555556,88.9,0,Prioritize for Clearing
JUNAGADH,20,154.3,101.91666666666667,70.0,4,Prioritize for Clearing
Bhiwandi,4,154.2,141.65847222222223,75.0,0,Ignore
NARNAUL,6,154.2,158.59166666666667,83.3,0,Prioritize for Clearing
Mogaltur,4,154.1,149.32708333333332,75.0,0,Ignore
Tiruvallur,2,154.1,154.11305555555558,50.0,0,Ignore
DAMODAR NAGAR,16,154.1,147.98333333333335,81.3,2,Prioritize for Clearing
ADHR,727,154.0,90.53111111111112,79.5,28,Prioritize for Clearing
"Malerkotla, Malerkotla, PUNJAB",12,154.0,136.7288888888889,91.7,0,Prioritize for Clearing
AURAIYA,13,154.0,108.16666666666667,76.9,0,Prioritize for Clearing
"ARN/SA-CPT, Tiruvannamalai, TAMIL NADU",2,154.0,154.0011111111111,100.0,0,Ignore
BHUJ,32,154.0,135.06875,81.3,0,Prioritize for Clearing
"Uluberia, HOWRAH, WEST BENGAL",5,154.0,161.7536111111111,100.0,0,Prioritize for Clearing
"DEL/SANGAMVIHAR, New Delhi, DELHI",38,153.9,151.72652777777776,63.2,7,Prioritize for Clearing
"Ramtek, Ramtek, MAHARASHTRA",2,153.9,153.93319444444444,100.0,0,Ignore
Kharagpur,6,153.9,144.05861111111108,50.0,0,Prioritize for Clearing
DEORIA,10,153.9,143.85,90.0,0,Prioritize for Clearing
"Hazira, Surat, GUJARAT",9,153.9,114.46194444444444,77.8,1,Prioritize for Clearing
ADONI,2,153.8,153.7775,50.0,0,Ignore
MUDHOL,2,153.8,153.79166666666669,100.0,0,Ignore
AIRPORT SERVICE CENTRE,24,153.7,123.75833333333333,70.8,1,Prioritize for Clearing
MURTIZAPUR,3,153.7,185.78333333333333,66.7,1,Ignore
CARH,380,153.7,83.67083333333333,76.8,23,Prioritize for Clearing
Jorhat,4,153.7,136.4763888888889,75.0,0,Ignore
VZGP,226,153.6,86.34777777777778,76.1,16,Prioritize for Clearing
MAHBUB NAGAR,28,153.6,111.38333333333333,71.4,3,Prioritize for Clearing
DAMOH,5,153.6,135.38333333333333,80.0,0,Prioritize for Clearing
"Sultana, Sultana, RAJASTHAN",2,153.6,153.59388888888887,100.0,0,Ignore
ROHINI SERVICE CENTRE,21,153.6,165.3,71.4,2,Prioritize for Clearing
"Manuguru, MANUGURU, TELANGANA",4,153.6,153.61208333333332,75.0,0,Ignore
SELAIYUR,43,153.5,129.93333333333334,69.8,2,Prioritize for Clearing
Tiruporur,2,153.5,153.54,50.0,0,Ignore
BADDI,25,153.5,158.41666666666666,80.0,0,Prioritize for Clearing
"Dabhara, DABHARA, CHHATTISGARH",2,153.4,153.35347222222222,100.0,0,Ignore
"DHOLAI, Dholai, ASSAM",2,153.3,153.29347222222225,100.0,0,Ignore
KESHOD,11,153.3,45.67472222222222,81.8,2,Prioritize for Clearing
"DEL/MTN, New Delhi, DELHI",61,153.2,136.33,72.1,7,Prioritize for Clearing
SAMASTIPUR OFFICE,11,153.1,133,81.8,1,Prioritize for Clearing
DUMDUM COD CENTRE,81,153.0,157.91666666666666,79.0,10,Prioritize for Clearing
DINDIGUL,14,153.0,74.66666666666666,57.1,2,Prioritize for Clearing
ISLAMPUR,3,153.0,155.1,66.7,0,Ignore
"CCU/PFK- TML, Kolkata, WEST BENGAL",8,152.9,149.78680555555556,87.5,1,Prioritize for Clearing
"BLR/SKL-TML, BANGALORE, KARNATAKA",12,152.9,95.27277777777778,91.7,0,Prioritize for Clearing
"DEL/JPR, New Delhi, DELHI",119,152.8,138.385,76.5,8,Prioritize for Clearing
"Krishnanagar1, Krishnanagar, WEST BENGAL",5,152.8,162.06444444444443,100.0,0,Prioritize for Clearing
"Vansda, Vansda, GUJARAT",4,152.7,154.32777777777778,75.0,1,Ignore
Metpally,2,152.6,152.61152777777775,50.0,0,Ignore
KULLU,17,152.6,160.05,100.0,0,Prioritize for Clearing
"MarolMH, Mumbai, MAHARASHTRA",47,152.6,91.13861111111112,76.6,3,Prioritize for Clearing
R T NAGAR SERVICE CENTRE,56,152.6,115.71666666666667,73.2,5,Prioritize for Clearing
GANDIPET,42,152.6,148.26666666666665,69.0,3,Prioritize for Clearing
"DEL/MGK, New Delhi, DELHI",33,152.5,156.23666666666668,75.8,3,Prioritize for Clearing
BASWESHWAR NAGAR,61,152.5,108.43333333333334,70.5,5,Prioritize for Clearing
PANCHKULA,77,152.4,109.55,75.3,3,Prioritize for Clearing
"Somarpet, SOMARPET, KARNATAKA",1,152.4,152.3675,100.0,0,Ignore
SANGAREDDY,10,152.3,157.25833333333333,70.0,0,Prioritize for Clearing
"MAVELIKERA, Mavelikera, KERALA",5,152.3,104.86111111111111,100.0,0,Prioritize for Clearing
SJEX,274,152.2,112.25472222222223,70.1,7,Prioritize for Clearing
"TSK/DDM, Doomdooma, ASSAM",2,152.2,152.19,50.0,0,Ignore
ALVA,245,152.2,87.12361111111112,75.9,5,Prioritize for Clearing
KISHANGANJ OFFICE,13,152.2,181.96666666666667,84.6,2,Prioritize for Clearing
MFPE,62,152.2,90.92416666666668,83.9,3,Prioritize for Clearing
"Puthanathani, PUTHANATHANI, KERALA",4,152.2,150.3826388888889,100.0,0,Ignore
"Canacona, Goa, GOA",19,152.2,156.39888888888888,100.0,0,Prioritize for Clearing
"NIDADAVOLE, NIDADAVOLE, ANDHRA PRADESH",1,152.1,152.05638888888888,100.0,0,Ignore
"Khalispur, Khalispur, BIHAR",3,152.1,114.86277777777778,100.0,0,Ignore
"HYD/BWN, Hyderabad, TELANGANA",18,152.0,66.65986111111111,66.7,1,Prioritize for Clearing
AHD COD CENTER,135,152.0,114.36666666666666,68.1,8,Prioritize for Clearing
GARIVIDI REACH,3,152.0,112.86666666666666,100.0,0,Ignore
"Kanti, Kanti, BIHAR",7,152.0,181.95805555555555,85.7,0,Prioritize for Clearing
DALE,218,151.9,82.99430555555554,77.1,12,Prioritize for Clearing
"DEL/SKR, New Delhi, DELHI",97,151.8,137.2975,81.4,7,Prioritize for Clearing
"Changanassery, Kuttanad, KERALA",2,151.8,151.80083333333334,50.0,1,Ignore
"Bantwal1, Bantwal, KARNATAKA",3,151.7,180.93527777777777,66.7,0,Ignore
Puttaparthi,2,151.7,151.7136111111111,100.0,0,Ignore
"Durg, DURG, CHHATTISGARH",12,151.6,159.94125,100.0,0,Prioritize for Clearing
Nalagarh,4,151.6,110.47180555555556,50.0,0,Ignore
"VPT/SVP, Visakhapatnam, ANDHRA PRADESH",11,151.5,42.160555555555554,72.7,0,Prioritize for Clearing
"RSC/Jind, JIND, HARYANA",3,151.5,209.37444444444444,66.7,0,Ignore
BASHEERBAGH E-TAIL CENTRE,59,151.5,91.05,72.9,4,Prioritize for Clearing
BHIMAVARAM,11,151.4,109.01666666666667,81.8,0,Prioritize for Clearing
KISHANGARH,14,151.4,162.525,64.3,4,Prioritize for Clearing
THNM,323,151.4,83.89527777777778,79.9,12,Prioritize for Clearing
"Tasgaon, Tasgaon, MAHARASHTRA",2,151.4,151.37472222222223,100.0,0,Ignore
MARAIMALAI NAGAR,20,151.4,157.50833333333333,65.0,0,Prioritize for Clearing
MANSA,13,151.4,161.53333333333333,69.2,4,Prioritize for Clearing
"Bardoli, Bardoli, GUJARAT",4,151.4,89.81041666666667,100.0,0,Ignore
MANJERI,1,151.3,151.26111111111112,100.0,0,Ignore
Virar,11,151.3,18.190277777777776,45.5,0,Prioritize for Clearing
GRND,509,151.2,84.32027777777778,67.4,20,Prioritize for Clearing
"AshokNagar, Ashoknagar, MADHYA PRADESH",5,151.2,134.05083333333334,100.0,0,Prioritize for Clearing
"RSC/Jhunjhunu, Jhunjhunu, RAJASTHAN",5,151.2,158.60888888888888,80.0,1,Prioritize for Clearing
"Serampore, Hooghly, WEST BENGAL",15,151.2,130.27805555555557,80.0,1,Prioritize for Clearing
ARANI,6,151.2,185.69166666666666,83.3,0,Prioritize for Clearing
"Kaliaganj, KALIAGANJ, WEST BENGAL",2,151.1,151.13750000000002,50.0,0,Ignore
TIRUMANGALAM,4,151.1,124.08333333333334,75.0,0,Ignore
KALYANI BDEL,61,151.0,114.33333333333333,80.3,7,Prioritize for Clearing
"Beri, Beri, HARYANA",2,151.0,150.95805555555557,100.0,0,Ignore
NEELAMBUR,19,151.0,82.15,78.9,0,Prioritize for Clearing
UDHAMPUR,18,151.0,170.825,88.9,0,Prioritize for Clearing
ZIRAKHPUR,93,151.0,159.68333333333334,74.2,10,Prioritize for Clearing
AMBATTUR,36,150.9,145.39999999999998,72.2,1,Prioritize for Clearing
"HYD/KDP-TML, Hyderabad, TELANGANA",68,150.8,110.4638888888889,69.1,2,Prioritize for Clearing
JHILMIL INDUSTRIAL AREA,34,150.8,168.49166666666667,82.4,3,Prioritize for Clearing
"CCU/Kestopur-TML, Kolkata, WEST BENGAL",9,150.8,63.78055555555556,66.7,0,Prioritize for Clearing
"Dimapur, DIMAPUR, NAGALAND",20,150.8,146.89249999999998,90.0,0,Prioritize for Clearing
"JMD/MNG, Jamshedpur, JHARKHAND",11,150.7,115.97111111111111,72.7,1,Prioritize for Clearing
GOLA GORAKHNATH,9,150.7,113,88.9,0,Prioritize for Clearing
MALAPPURAM,8,150.6,171.28333333333333,62.5,0,Prioritize for Clearing
"LUD/FPT, Ludhiana, PUNJAB",8,150.6,162.06208333333336,62.5,1,Prioritize for Clearing
THRISSUR,12,150.6,92.41569444444445,91.7,0,Prioritize for Clearing
"Balachaur, Balachaur, PUNJAB",4,150.4,129.1876388888889,75.0,0,Ignore
"Asangaon, Asangaon, MAHARASHTRA",3,150.3,50.35,100.0,1,Ignore
ATCHUTAPURAM,3,150.3,180.88333333333333,100.0,0,Ignore
"TURA/RST, Tura, MEGHALAYA",6,150.3,115.35208333333333,66.7,0,Prioritize for Clearing
"Hapur, Hapur, UTTAR PRADESH",19,150.3,137.40527777777777,68.4,4,Prioritize for Clearing
"DarjeelingA, Darjeeling, WEST BENGAL",12,150.2,158.03736111111112,83.3,0,Prioritize for Clearing
MATHURA OFFICE,80,150.1,144.55,80.0,4,Prioritize for Clearing
WARDHANNAPET REACH,9,150.0,25.116666666666667,55.6,0,Prioritize for Clearing
SHIVAMOGGA,29,150.0,137.01666666666668,86.2,2,Prioritize for Clearing
MANDYA,16,149.9,135.14166666666668,68.8,0,Prioritize for Clearing
PEN,8,149.9,161.34166666666667,75.0,1,Prioritize for Clearing
"Mokama, Mokama, BIHAR",2,149.9,149.91666666666669,100.0,0,Ignore
NABHA,5,149.9,112.06666666666666,60.0,0,Prioritize for Clearing
AMETHI,13,149.9,113.38333333333334,69.2,1,Prioritize for Clearing
"Wagholi, PUNE, MAHARASHTRA",14,149.9,75.02194444444444,85.7,0,Prioritize for Clearing
KOPPAL,6,149.7,112.18333333333334,83.3,1,Prioritize for Clearing
"Shamakhunta, Shamakhunta, ORISSA",1,149.7,149.71916666666667,100.0,0,Ignore
CHARKHI DADRI,12,149.7,95.99166666666667,83.3,0,Prioritize for Clearing
DHROL,8,149.7,58.45,62.5,2,Prioritize for Clearing
BADAMI,5,149.7,234.2,80.0,0,Prioritize for Clearing
MAU,16,149.6,162.05833333333334,87.5,1,Prioritize for Clearing
"Math Laxmipur, Bareilly, UTTAR PRADESH",14,149.6,135.66375,64.3,3,Prioritize for Clearing
NIRMAL,7,149.5,161.85,57.1,0,Prioritize for Clearing
"Botad, Botad, GUJARAT",10,149.5,159.74041666666665,80.0,1,Prioritize for Clearing
GHATAL,4,149.4,146,100.0,0,Ignore
"Sukma, Sukma, CHHATTISGARH",3,149.3,132.25444444444443,100.0,0,Ignore
DERABASSI,28,149.3,112.30000000000001,78.6,0,Prioritize for Clearing
SEONI,17,149.2,155.48333333333332,76.5,3,Prioritize for Clearing
AURANGABAD,61,149.2,157.5,78.7,6,Prioritize for Clearing
Pithoragarh,2,149.2,149.20180555555555,100.0,0,Ignore
"Wadi1, Nagpur, MAHARASHTRA",7,149.1,100.3175,100.0,0,Prioritize for Clearing
IBRAHIMPATNAM,4,149.1,138.1,100.0,0,Ignore
"MEHERPUR, Silchar, ASSAM",2,149.1,149.05138888888888,50.0,1,Ignore
Nilanga,2,149.0,149.02888888888887,50.0,0,Ignore
"Mauganj, Mauganj, MADHYA PRADESH",2,149.0,149.0434722222222,50.0,0,Ignore
KHEDA EXPANSION,6,149.0,124.725,83.3,1,Prioritize for Clearing
GOMN,406,149.0,86.23694444444445,73.4,0,Prioritize for Clearing
RAM NAGAR -UTTARANCHA,13,149.0,109.65,84.6,0,Prioritize for Clearing
KURUMASSERY,4,149.0,135.70833333333331,100.0,0,Ignore
SHAMSHABAD,11,148.9,162.41666666666666,72.7,0,Prioritize for Clearing
VIJAYAWADA COUNTER,14,148.9,115.2,71.4,0,Prioritize for Clearing
Dhandhuka,2,148.9,148.9359722222222,50.0,0,Ignore
PICNIC GARDEN,32,148.8,110.825,71.9,4,Prioritize for Clearing
GANNAVARAM,9,148.8,184.11666666666667,66.7,0,Prioritize for Clearing
"HYD/RCI, Hyderabad, TELANGANA",10,148.7,69.71902777777777,60.0,0,Prioritize for Clearing
LONI KALBHOR,11,148.7,63.78333333333333,72.7,0,Prioritize for Clearing
Gaurella,2,148.7,148.67402777777778,50.0,0,Ignore
"Vrindawan, Vrindawan, UTTAR PRADESH",8,148.6,146.10541666666666,62.5,0,Prioritize for Clearing
POLR,10,148.6,124.90666666666667,80.0,0,Prioritize for Clearing
"Bacheli, BACHELI, CHHATTISGARH",2,148.6,148.565,50.0,0,Ignore
RAIGARH,22,148.6,159.10833333333335,86.4,1,Prioritize for Clearing
LUCKNOW SERVICE CENTRE,271,148.5,115.11666666666666,75.6,15,Prioritize for Clearing
Gadag,2,148.5,148.54402777777779,50.0,0,Ignore
KATWA,9,148.5,109.63333333333334,77.8,0,Prioritize for Clearing
"BOM/BYCULLA-TML, Mumbai, MAHARASHTRA",10,148.4,99.6848611111111,80.0,0,Prioritize for Clearing
ENIKEPADU,2,148.4,148.36666666666667,100.0,0,Ignore
Navi Mumbai,6,148.3,145.16958333333332,50.0,0,Prioritize for Clearing
"Asansol2, Asansol, WEST BENGAL",10,148.2,159.93125,70.0,1,Prioritize for Clearing
RAIGANJ OFFICE,15,148.2,136.71666666666667,86.7,0,Prioritize for Clearing
JALANDHAR BYPASS SC,69,148.2,110.63333333333334,62.3,7,Prioritize for Clearing
"Cherpu, CHERPU, KERALA",3,148.2,88.82055555555556,100.0,0,Ignore
AMALAPURAM,3,148.2,107.78333333333333,66.7,0,Ignore
"AMD/ASV, Ahmedabad, GUJARAT",36,148.2,82.37680555555556,66.7,2,Prioritize for Clearing
VIZIANAGARAM,13,148.1,140.53333333333333,76.9,1,Prioritize for Clearing
KURNOOL JUNCTION,43,148.1,135.48333333333332,79.1,2,Prioritize for Clearing
"Udgir MIDC, Udgir, MAHARASHTRA",4,148.0,142.43541666666664,100.0,0,Ignore
MAJIWADA ETAIL OFFICE,324,148.0,91.05,76.9,12,Prioritize for Clearing
NAYAGARH,6,148.0,137.475,83.3,0,Prioritize for Clearing
"Saraipali, Basna, CHHATTISGARH",4,147.9,100.77069444444444,50.0,0,Ignore
PENDURTHI,10,147.9,113.67500000000001,70.0,2,Prioritize for Clearing
"SriGanganagar, Sriganganagar, RAJASTHAN",18,147.9,125.26541666666667,83.3,3,Prioritize for Clearing
"Veeta, Veeta, MAHARASHTRA",6,147.9,111.71055555555556,83.3,0,Prioritize for Clearing
UJIRE,4,147.9,124.55833333333334,100.0,0,Ignore
"Nagina, Nagina, UTTAR PRADESH",11,147.8,64.82972222222222,81.8,1,Prioritize for Clearing
CHHINDWARA EXPANSION,16,147.8,86.23333333333333,87.5,1,Prioritize for Clearing
EGMORE,44,147.7,88.1,77.3,1,Prioritize for Clearing
"Shambhal, Shambhal, UTTAR PRADESH",2,147.7,147.66666666666669,100.0,0,Ignore
BHAVNAGAR SERVICE CENTRE,28,147.7,78.55,67.9,0,Prioritize for Clearing
"HYD/ABS, Hyderabad, TELANGANA",21,147.7,87.86805555555556,76.2,0,Prioritize for Clearing
SHIVMANDIR OFFICE,32,147.6,168.18333333333334,78.1,1,Prioritize for Clearing
"JLD/JUC, Jalandhar, PUNJAB",21,147.6,184.45583333333335,61.9,5,Prioritize for Clearing
"Sri Ramapuram, Sri Rampuram, TAMIL NADU",3,147.6,69.78694444444444,66.7,0,Ignore
"Depalpur, Depalpur, MADHYA PRADESH",2,147.5,147.46416666666664,100.0,0,Ignore
"Vidisha, VIDISHA, MADHYA PRADESH",12,147.5,99.35222222222222,75.0,2,Prioritize for Clearing
"Vuyyuru1, Vuyyur, ANDHRA PRADESH",5,147.4,112.06527777777778,80.0,0,Prioritize for Clearing
ANNA NAGAR,57,147.4,138.13333333333333,70.2,4,Prioritize for Clearing
WALUJ PUD,7,147.4,29.05,71.4,0,Prioritize for Clearing
MALBAZAR OFFICE,11,147.3,134.86666666666667,90.9,0,Prioritize for Clearing
"Hingna, Nagpur, MAHARASHTRA",3,147.3,137.23111111111112,100.0,0,Ignore
Mandya,2,147.3,147.28486111111113,50.0,0,Ignore
BRAJRAJ NAGAR,7,147.3,161.93333333333334,85.7,0,Prioritize for Clearing
UDAIPUR E-TAIL,162,147.3,111.41666666666666,75.9,5,Prioritize for Clearing
HOWA,166,147.3,87.42666666666668,83.1,11,Prioritize for Clearing
SHIRDI,7,147.3,113.53333333333333,71.4,0,Prioritize for Clearing
Bhalukpong,2,147.3,147.32930555555555,50.0,0,Ignore
HSR E-TAIL CENTRE,111,147.2,92.75,71.2,13,Prioritize for Clearing
MORINDA,18,147.2,168.59166666666667,61.1,0,Prioritize for Clearing
"CCU/GARIA-TML, Kolkata, WEST BENGAL",12,147.2,121.84041666666667,83.3,1,Prioritize for Clearing
ATTIBELE,6,147.2,134.58333333333334,83.3,0,Prioritize for Clearing
Dinhata,2,147.2,147.21875,100.0,0,Ignore
YLKA,438,147.2,89.185,77.4,8,Prioritize for Clearing
"RAJAHMUNDRY, Rajahmundry, ANDHRA PRADESH",8,147.1,133.26708333333335,62.5,0,Prioritize for Clearing
"Maa/RED, Chennai, TAMIL NADU",5,147.1,156.27083333333334,80.0,0,Prioritize for Clearing
UDHAM SINGH NAGAR,2,147.1,147.0727777777778,50.0,0,Ignore
PMC WAREHOUSE,12,147.0,36.18333333333333,66.7,1,Prioritize for Clearing
Kumbakonam,4,147.0,118.61458333333334,50.0,0,Ignore
JAMMU OUTER AREA,47,147.0,112.71666666666667,70.2,7,Prioritize for Clearing
BHADRAVATHI,5,147.0,114.43333333333334,80.0,1,Prioritize for Clearing
"Rayadurgam, RAYADURGAM, ANDHRA PRADESH",3,146.9,111.07777777777778,100.0,0,Ignore
"Athagarh, Athagarh, ORISSA",3,146.9,89.10055555555556,100.0,0,Ignore
JAWHAR,4,146.9,130.45041666666665,75.0,1,Ignore
OTTAPALAM,4,146.9,182.15,75.0,0,Ignore
ARMOOR,14,146.9,96.75833333333333,100.0,0,Prioritize for Clearing
"MORENA, Morena, MADHYA PRADESH",9,146.9,134.59777777777776,66.7,1,Prioritize for Clearing
NOIDA-ETAIL DELIVERY/RTO,186,146.8,98.71666666666667,68.8,8,Prioritize for Clearing
"Sirhind, Patiala, PUNJAB",5,146.8,160.29416666666665,100.0,1,Prioritize for Clearing
Narayanpet,2,146.8,146.75166666666667,100.0,0,Ignore
KOZHIKODE,10,146.7,112.70416666666667,60.0,0,Prioritize for Clearing
MADINAGUDA E-TAIL CENTRE,42,146.7,148.80833333333334,81.0,5,Prioritize for Clearing
"RSC/Machilipatnam, Machilipatnam, ANDHRA PRADESH",2,146.7,146.66847222222222,100.0,0,Ignore
MALEGAON,17,146.6,107.48333333333333,70.6,0,Prioritize for Clearing
"BOM/SA-VRA, Virar, MAHARASHTRA",20,146.6,99.63888888888889,80.0,1,Prioritize for Clearing
"Gandhinagar, Gandhinagar, GUJARAT",32,146.5,108.34069444444444,71.9,3,Prioritize for Clearing
BADAUN,23,146.5,107.26666666666667,82.6,0,Prioritize for Clearing
"BHO/SA-NMB, Bhopal, MADHYA PRADESH",9,146.5,159.0211111111111,66.7,0,Prioritize for Clearing
"MAA/ADY-TML, Chennai, TAMIL NADU",38,146.4,89.90291666666667,78.9,2,Prioritize for Clearing
MARADU,3,146.4,160.36666666666667,66.7,0,Ignore
AMRELI,13,146.4,112.63333333333334,76.9,1,Prioritize for Clearing
J P NAGAR SERVICE CENTRE,87,146.4,111.56666666666666,69.0,9,Prioritize for Clearing
"PNQ/MGR, PUNE, MAHARASHTRA",31,146.4,29.236666666666668,51.6,0,Prioritize for Clearing
DHARAPURAM,2,146.4,146.38333333333333,100.0,0,Ignore
NAYUDUPET,2,146.4,146.39166666666665,100.0,0,Ignore
"Santipur1, Santipur, WEST BENGAL",8,146.3,99.80180555555555,62.5,1,Prioritize for Clearing
"Phalodi, Phalodi, RAJASTHAN",5,146.2,23.33361111111111,40.0,1,Prioritize for Clearing
Mulugu,2,146.2,146.21513888888887,50.0,0,Ignore
BHADRACHALAM REACH,6,146.2,120.67499999999998,83.3,0,Prioritize for Clearing
CHOS,46,146.2,138.00597222222223,80.4,1,Prioritize for Clearing
KALAMB,2,146.1,146.07694444444442,50.0,0,Ignore
NOIDA,5,146.1,165.425,60.0,0,Prioritize for Clearing
PUDUKKOTTAI,8,146.1,158.39166666666665,87.5,0,Prioritize for Clearing
"THN/GHO, Thane, MAHARASHTRA",107,146.0,85.345,72.9,3,Prioritize for Clearing
"SHL/NGR, Shillong, MEGHALAYA",18,145.9,145.85680555555555,100.0,0,Prioritize for Clearing
"Mandla, Mandla, MADHYA PRADESH",2,145.8,145.76680555555555,100.0,0,Ignore
"Assolna, Margao, GOA",10,145.8,161.50194444444446,100.0,0,Prioritize for Clearing
TTCR,16,145.8,182.77499999999998,68.8,0,Prioritize for Clearing
WASHIM,2,145.8,145.78333333333333,100.0,0,Ignore
"BLR/SRN-TML, BANGALORE, KARNATAKA",41,145.7,111.66222222222223,75.6,1,Prioritize for Clearing
"Malbazar, Malbazar, WEST BENGAL",10,145.7,125.15625,80.0,1,Prioritize for Clearing
"AIZWAL, AIZAWL, MIZORAM",3,145.7,41.80777777777778,100.0,0,Ignore
NAGAUR,12,145.6,157.525,66.7,0,Prioritize for Clearing
MUNDRA,17,145.6,83.5,76.5,0,Prioritize for Clearing
KARAD,12,145.4,113.10833333333333,75.0,1,Prioritize for Clearing
HUNSUR,9,145.4,112.18333333333334,77.8,2,Prioritize for Clearing
NAGARI,6,145.3,148.31666666666666,50.0,1,Prioritize for Clearing
"AMDPLD, Ahmedabad, GUJARAT",70,145.3,84.73458333333333,70.0,3,Prioritize for Clearing
VIRUDHUNAGAR,8,145.3,99.45833333333333,50.0,1,Prioritize for Clearing
"SURAT/ROC-TML, Surat, GUJARAT",22,145.3,91.82458333333334,68.2,1,Prioritize for Clearing
DADRI,20,145.2,47.59166666666667,65.0,0,Prioritize for Clearing
CHENGAM,2,145.2,145.17444444444445,100.0,0,Ignore
SHAJAPUR,7,145.2,157.66666666666666,71.4,1,Prioritize for Clearing
THAMBU CHETTY PALYA,105,145.2,111.63333333333334,67.6,8,Prioritize for Clearing
NJARACKAL,2,145.1,145.1,100.0,0,Ignore
Chittoor,8,145.1,20.14375,37.5,0,Prioritize for Clearing
"Hardoi, Hardoi, UTTAR PRADESH",5,145.1,84.36805555555556,100.0,0,Prioritize for Clearing
VALANCHERY,3,145.1,157.31666666666666,66.7,0,Ignore
BHIND,6,145.0,125.00833333333333,66.7,1,Prioritize for Clearing
Hoogly,10,145.0,139.7527777777778,60.0,0,Prioritize for Clearing
KHEDBRAHMMA,2,145.0,144.97041666666667,50.0,0,Ignore
KANPUR OFFICE,28,144.9,98.06666666666666,78.6,0,Prioritize for Clearing
"PALA, PALA, KERALA",2,144.9,144.9388888888889,50.0,0,Ignore
PARAMAKUDI,4,144.9,138.68333333333334,75.0,1,Ignore
GOBICHETTIPALAYAM,2,144.9,144.875,100.0,0,Ignore
CHALLAPALLI REACH,8,144.8,79.28333333333333,100.0,0,Prioritize for Clearing
PATNA ANISABAD PUD,48,144.8,124.15833333333333,68.8,4,Prioritize for Clearing
MEHSANA,60,144.7,90.30000000000001,63.3,0,Prioritize for Clearing
"GAU/KYQ, Guwahati, ASSAM",35,144.7,60.8075,80.0,1,Prioritize for Clearing
"DEL/MKA, Delhi NCR, DELHI",49,144.7,108.05972222222222,71.4,4,Prioritize for Clearing
PANJIM,45,144.6,134.8,75.6,0,Prioritize for Clearing
Forbisganj,4,144.6,114.74375,50.0,0,Ignore
"Limbodi, LIMBODI, MADHYA PRADESH",5,144.6,111.04055555555556,60.0,1,Prioritize for Clearing
BIHARSHARIF OFFICE,19,144.5,112.71666666666667,89.5,0,Prioritize for Clearing
"HWH/MDN-TML, HOWRAH, WEST BENGAL",3,144.5,86.10083333333333,100.0,0,Ignore
"RKL-TML, ROURKELA, ORISSA",16,144.5,126.16111111111113,87.5,0,Prioritize for Clearing
"KCP/SA-ORK, KANCHIPURAM, TAMIL NADU",4,144.5,134.90125,100.0,0,Ignore
Malvinagar,5,144.5,23.989722222222223,40.0,0,Prioritize for Clearing
PANCHAVATI ETAIL,40,144.5,50.96666666666667,65.0,0,Prioritize for Clearing
"Mandigovindgarh, Mandigovindgarh, PUNJAB",12,144.5,110.72625000000001,58.3,1,Prioritize for Clearing
Ariyalur,2,144.4,144.42833333333334,50.0,0,Ignore
CHINSURAH,2,144.3,144.3109722222222,50.0,0,Ignore
VISHAKAPATNAM,26,144.3,109.28333333333333,76.9,1,Prioritize for Clearing
"KAMBADUR, KAMBADUR, ANDHRA PRADESH",2,144.2,144.21819444444444,50.0,0,Ignore
"Ranpur, RANPUR, GUJARAT",4,144.2,105.53,75.0,0,Ignore
"Karad, Karad, MAHARASHTRA",12,144.2,95.70472222222222,66.7,1,Prioritize for Clearing
BALESHWAR,2,144.2,144.19736111111112,50.0,0,Ignore
SLTE,514,144.2,71.05805555555555,72.8,22,Prioritize for Clearing
Kattappana,2,144.2,144.16847222222225,50.0,0,Ignore
"MAA/TMB-TML, Chennai, TAMIL NADU",12,144.1,119.98708333333335,83.3,1,Prioritize for Clearing
"KANDHUKUR, Kandukur, ANDHRA PRADESH",2,144.0,144.04180555555556,50.0,0,Ignore
VADODARA,102,144.0,122.36527777777778,69.6,13,Prioritize for Clearing
MIRZAPUR,16,143.9,133.91666666666669,81.3,0,Prioritize for Clearing
CNNR,25,143.9,28.97,52.0,2,Prioritize for Clearing
VADAPALANI,79,143.9,107.56666666666666,77.2,7,Prioritize for Clearing
Mukkam,2,143.9,143.87236111111113,50.0,0,Ignore
"Mullanpur, MULLANPUR, PUNJAB",6,143.9,96.53319444444443,66.7,0,Prioritize for Clearing
LAKE AREA NUNGAMBAKKAM,132,143.9,86.45833333333334,75.0,2,Prioritize for Clearing
"Chatra, Chatra, JHARKHAND",7,143.9,181.74194444444444,71.4,0,Prioritize for Clearing
BARAMATI,6,143.8,144.36666666666667,83.3,0,Prioritize for Clearing
"Hubli, Hubli, KARNATAKA",19,143.8,91.56,63.2,3,Prioritize for Clearing
Ujjain,15,143.7,21.304444444444446,46.7,0,Prioritize for Clearing
MYSORE,2,143.7,143.65597222222223,50.0,0,Ignore
Singh Furniture DEHRADUN,2,143.7,143.66902777777779,50.0,0,Ignore
"MAA/SDP-TML, Chennai, TAMIL NADU",25,143.7,41.214444444444446,72.0,3,Prioritize for Clearing
MSRS,202,143.7,70.78055555555555,75.2,3,Prioritize for Clearing
"BHO/ASK, Bhopal, MADHYA PRADESH",36,143.6,74.01374999999999,80.6,1,Prioritize for Clearing
NAGAON OFFICE,10,143.6,147.1,80.0,0,Prioritize for Clearing
"DEL/IMT, Delhi NCR, DELHI",10,143.5,89.63930555555555,70.0,1,Prioritize for Clearing
"Miyanwala, Doiwala, UTTARAKHAND",7,143.4,43.13361111111111,71.4,2,Prioritize for Clearing
"Rajgurunagar, Rajgurunagar, MAHARASHTRA",3,143.4,37.43194444444445,66.7,0,Ignore
GAUR CITY OFFICE,148,143.3,91.53333333333333,71.6,2,Prioritize for Clearing
AMBEDKAR CHOWK PUD CENTER,46,143.1,82.14166666666667,91.3,0,Prioritize for Clearing
"Pradhannagar, SILIGURI, WEST BENGAL",7,143.1,113.13972222222222,85.7,0,Prioritize for Clearing
"BLR/YLK-TML, BANGALORE, KARNATAKA",35,143.1,128.5011111111111,68.6,1,Prioritize for Clearing
"HYD/MSD-TML, Hyderabad, TELANGANA",19,143.1,83.11305555555556,68.4,1,Prioritize for Clearing
"Rewarathera, Rewa, MADHYA PRADESH",4,142.8,123.70847222222221,100.0,0,Ignore
GONDA,23,142.8,62.333333333333336,73.9,0,Prioritize for Clearing
MOSHI,58,142.8,89.69166666666666,77.6,0,Prioritize for Clearing
"CAR/NGN, Chandigarh, CHANDIGARH",26,142.8,99.34486111111111,76.9,0,Prioritize for Clearing
GADWAL,4,142.8,154.80833333333334,100.0,0,Ignore
"PODALAKUR, PODALAKUR, ANDHRA PRADESH",2,142.7,142.68930555555556,100.0,0,Ignore
"MLR/MGN-TML, Mangalore, KARNATAKA",7,142.7,65.60055555555556,100.0,0,Prioritize for Clearing
"Gagal, GAGAL, HIMACHAL PRADESH",6,142.7,114.3548611111111,66.7,0,Prioritize for Clearing
PILIBHIT,18,142.6,112.29166666666666,77.8,2,Prioritize for Clearing
Kodad,4,142.6,145.75833333333335,50.0,0,Ignore
BHAVINI,6,142.5,98.88333333333333,100.0,0,Prioritize for Clearing
"Kulti, KULTI, WEST BENGAL",4,142.5,136.41805555555555,75.0,0,Ignore
GAUTAM BUDDHA NAGAR,27,142.5,163.9188888888889,59.3,1,Prioritize for Clearing
"CCU/PATULI-TML, Kolkata, WEST BENGAL",18,142.4,133.83472222222224,72.2,2,Prioritize for Clearing
"HYD/MLK, Hyderabad, TELANGANA",12,142.4,131.46583333333334,75.0,0,Prioritize for Clearing
BALURGHAT ULTRA FRUGAL,8,142.4,121.675,75.0,0,Prioritize for Clearing
"DEL/NDL, New Delhi, DELHI",64,142.4,114.81930555555556,78.1,6,Prioritize for Clearing
RAIPUR E-TAIL,154,142.3,108.06666666666666,87.0,0,Prioritize for Clearing
"Dhuri, Dhuri, PUNJAB",6,142.3,157.40916666666666,83.3,1,Prioritize for Clearing
MDME,176,142.3,69.49361111111111,77.3,16,Prioritize for Clearing
"RSC/Ujjain, Ujjain, MADHYA PRADESH",27,142.3,108.54527777777778,81.5,4,Prioritize for Clearing
"Sarnath, VARANASI, UTTAR PRADESH",8,142.3,136.38597222222222,62.5,1,Prioritize for Clearing
TIRUVALLUR REACH,9,142.3,158.83333333333334,88.9,0,Prioritize for Clearing
Ongole,6,142.2,94.7325,50.0,0,Prioritize for Clearing
Peddapally,2,142.2,142.23333333333332,50.0,0,Ignore
"Rahuri, Rahuri, MAHARASHTRA",2,142.2,142.22055555555556,100.0,0,Ignore
JADCHERALA,15,142.2,111.91666666666667,93.3,0,Prioritize for Clearing
JALANDHAR SERVICE CENTRE,47,142.1,86.71666666666667,74.5,3,Prioritize for Clearing
Bolangir,2,142.1,142.11027777777778,50.0,0,Ignore
SECUNDERABAD,45,142.0,112.48333333333333,75.6,2,Prioritize for Clearing
BALARAMAPURAM,11,142.0,110.26666666666667,81.8,1,Prioritize for Clearing
"HYD/CTL, Hyderabad, TELANGANA",12,142.0,96.1725,83.3,0,Prioritize for Clearing
"BATHERY, bathery, KERALA",2,141.9,141.8848611111111,100.0,0,Ignore
SURATGARH,7,141.9,109.48333333333333,85.7,0,Prioritize for Clearing
BNRS,185,141.9,61.35888888888889,65.9,14,Prioritize for Clearing
CTHR,48,141.8,43.338750000000005,62.5,8,Prioritize for Clearing
LOWER PAREL,114,141.8,113.29166666666666,78.1,6,Prioritize for Clearing
"Perambalur, Perambalur, TAMIL NADU",11,141.8,13.506944444444445,45.5,0,Prioritize for Clearing
Tadepalligudem,6,141.8,62.51277777777778,50.0,0,Prioritize for Clearing
Ponnur,4,141.7,141.65763888888887,50.0,0,Ignore
VARKALA,8,141.7,135.74166666666667,87.5,0,Prioritize for Clearing
"Kaithal, Kaithal, HARYANA",19,141.6,159.40277777777777,78.9,3,Prioritize for Clearing
MAYNAGURI,2,141.6,141.61583333333334,50.0,0,Ignore
"ETTUMANOOR, Kottayam, KERALA",3,141.5,61.66277777777778,66.7,0,Ignore
SRIPERUMBUDUR,14,141.5,131.54166666666669,71.4,0,Prioritize for Clearing
"KALPETTA, KALPETTA, KERALA",2,141.5,141.46875,100.0,0,Ignore
BBNE,122,141.4,98.19708333333332,82.0,0,Prioritize for Clearing
JAUNPUR,21,141.4,112.9,81.0,0,Prioritize for Clearing
"MAA/TPM-TML, Chennai, TAMIL NADU",9,141.4,62.68972222222222,66.7,0,Prioritize for Clearing
Sonbhadra,4,141.4,132.61916666666667,75.0,0,Ignore
DIDWANA,11,141.4,178.88333333333333,72.7,0,Prioritize for Clearing
TRZ SERVICE CENTRE,29,141.4,110,89.7,0,Prioritize for Clearing
"PARAVUR, PARAVUR, KERALA",2,141.3,141.32875,100.0,0,Ignore
"HYD/CDN, Hyderabad, TELANGANA",14,141.3,57.45583333333333,50.0,0,Prioritize for Clearing
Kalyani,4,141.3,118.00041666666665,50.0,0,Ignore
PERINTALMANNA,7,141.2,182.41666666666666,71.4,1,Prioritize for Clearing
"DEL/JWN, New Delhi, DELHI",98,141.2,86.69583333333333,76.5,7,Prioritize for Clearing
KALLETTUMKARA,6,141.2,86.60833333333333,83.3,1,Prioritize for Clearing
M I ROAD OFFICE,44,141.2,83.00833333333333,68.2,1,Prioritize for Clearing
DEESA,9,141.2,134.71666666666667,77.8,0,Prioritize for Clearing
"ALD/MPT, Allahabad, UTTAR PRADESH",13,141.2,138.31277777777777,84.6,1,Prioritize for Clearing
BODHAN REACH,4,141.2,105.24166666666666,50.0,0,Ignore
EGMORE MINI HUB,7,141.2,61.766666666666666,57.1,0,Prioritize for Clearing
JIND,22,141.2,111.93333333333334,72.7,2,Prioritize for Clearing
NILAKOTTAI,2,141.1,141.125,100.0,0,Ignore
Chikmagalur,6,141.1,84.46166666666667,50.0,0,Prioritize for Clearing
Deoria,2,141.1,141.05527777777777,100.0,0,Ignore
Shorapur,5,141.0,30.676388888888887,60.0,0,Prioritize for Clearing
"ROURKELA, ROURKELA, ORISSA",11,141.0,137.35777777777778,72.7,1,Prioritize for Clearing
Sevoor,4,141.0,99.19749999999999,50.0,0,Ignore
"Karauli, Karauli, RAJASTHAN",4,141.0,129.88416666666666,75.0,0,Ignore
ANJAR,15,141.0,109.86666666666666,80.0,2,Prioritize for Clearing
PARADEEP E-TAIL,7,140.9,111.4,100.0,0,Prioritize for Clearing
HOSUR,48,140.8,61.016666666666666,64.6,1,Prioritize for Clearing
"DEL/BHN, Delhi NCR, DELHI",34,140.8,70.48611111111111,61.8,4,Prioritize for Clearing
"Bhuna, Bhuna, HARYANA",5,140.8,28.66027777777778,60.0,1,Prioritize for Clearing
"DEL/RKP, New Delhi, DELHI",117,140.7,67.42805555555556,70.1,10,Prioritize for Clearing
Champawa,6,140.7,125.56708333333333,100.0,0,Prioritize for Clearing
TIRUKALUKUNDRAM REACH,4,140.6,122.32499999999999,100.0,0,Ignore
NAGROTAR,5,140.6,158.48333333333332,60.0,2,Prioritize for Clearing
NARIMAN POINT,3,140.6,90.1,100.0,0,Ignore
PRAYAGRAJ,113,140.5,109.81666666666666,67.3,15,Prioritize for Clearing
KHARAR E-TAIL,125,140.5,85.5,88.8,1,Prioritize for Clearing
Sunam,4,140.5,136.13430555555556,50.0,0,Ignore
TADONG ETAIL,11,140.4,85.05,90.9,2,Prioritize for Clearing
NAHARKATIA,6,140.4,121.775,66.7,0,Prioritize for Clearing
KARUR,15,140.4,113.53333333333333,80.0,1,Prioritize for Clearing
Sambalpur,16,140.4,90.67875000000001,62.5,0,Prioritize for Clearing
"Shri Madhopur, Shri Madhopur, RAJASTHAN",3,140.3,112.35944444444445,100.0,0,Ignore
"Vadodara/KRB, VADODARA, GUJARAT",28,140.3,97.61611111111111,82.1,0,Prioritize for Clearing
"Haldaur, Haldaur, UTTAR PRADESH",5,140.2,111.7611111111111,100.0,0,Prioritize for Clearing
"Rambi Bazar, RAMBI BAZAR, WEST BENGAL",3,140.2,181.29583333333332,100.0,0,Ignore
"Joginder Nagar, Joginder Nagar, HIMACHAL PRADESH",2,140.2,140.16972222222222,50.0,0,Ignore
"ASIFABAD TG, Asifabad, TELANGANA",2,140.1,140.125,50.0,0,Ignore
"Sitamarhi1, SITAMARHI, BIHAR",10,140.1,109.2148611111111,80.0,1,Prioritize for Clearing
GONDAL,9,140.1,107.81666666666666,66.7,1,Prioritize for Clearing
"Baddi, Baddi, HIMACHAL PRADESH",1,140.0,140.03277777777777,100.0,0,Ignore
DHARAMPUR,18,140.0,124.32499999999999,66.7,3,Prioritize for Clearing
NSKH,130,140.0,80.945,85.4,1,Prioritize for Clearing
"Borkheda, Kota, RAJASTHAN",20,140.0,85.0525,70.0,1,Prioritize for Clearing
kurnool,7,139.9,18.315,42.9,0,Prioritize for Clearing
JMDE,70,139.9,87.48833333333333,67.1,3,Prioritize for Clearing
FATEHGARH SAHIB,48,139.8,110.14166666666668,75.0,5,Prioritize for Clearing
JAIPUR MALVIYA NAGAR,107,139.8,109.26666666666667,68.2,4,Prioritize for Clearing
LUDHIANA,7,139.8,115.1525,57.1,0,Prioritize for Clearing
"Umarkhed, Umarkhed, MAHARASHTRA",1,139.8,139.84722222222223,100.0,0,Ignore
"SIVSAGAR, SIVSAGAR, ASSAM",11,139.8,158.58805555555554,72.7,0,Prioritize for Clearing
"MYS/RRN, Mysore, KARNATAKA",20,139.7,54.455,50.0,6,Prioritize for Clearing
"BLR/JYM-TML, BANGALORE, KARNATAKA",19,139.7,90.54916666666666,78.9,0,Prioritize for Clearing
BIKANER,48,139.7,78.50833333333333,60.4,5,Prioritize for Clearing
"NEDUMKANDAM, Kattapana, KERALA",2,139.6,139.62652777777777,100.0,2,Ignore
GGN E-TAIL DELIVERIES,250,139.6,89.525,64.8,14,Prioritize for Clearing
MALAKPET E-TAIL CENTRE,7,139.6,179.23333333333332,71.4,1,Prioritize for Clearing
Malumichampatti,8,139.6,91.21652777777777,62.5,0,Prioritize for Clearing
"Boisar, Boisar, MAHARASHTRA",8,139.6,105.47291666666666,87.5,0,Prioritize for Clearing
NEYVELI,6,139.6,107.71402777777777,83.3,1,Prioritize for Clearing
"CCU/Noapara-TML, Kolkata, WEST BENGAL",10,139.5,122.89013888888888,80.0,1,Prioritize for Clearing
MUZAFFARNAGAR,61,139.5,88.16666666666667,77.0,6,Prioritize for Clearing
"Ferozepur, Ferozepur, PUNJAB",16,139.4,92.21152777777777,56.3,2,Prioritize for Clearing
"Falna, Falna, RAJASTHAN",2,139.4,139.36472222222224,50.0,0,Ignore
EX WASHIM,2,139.3,139.29166666666669,50.0,0,Ignore
DARJEELING,12,139.3,91.725,66.7,0,Prioritize for Clearing
EMBASSY GOLF LINK,14,139.3,82.025,57.1,0,Prioritize for Clearing
"Palwal, Palwal, HARYANA",15,139.3,89.78861111111111,73.3,3,Prioritize for Clearing
TIRUVARUR,4,139.3,128.01666666666668,50.0,0,Ignore
DARJEELING OFFICE,2,139.2,139.175,50.0,0,Ignore
"Udhampur, Udhampur, JAMMU AND KASHMIR",5,139.2,24.85222222222222,60.0,1,Prioritize for Clearing
New Delhi,460,139.1,29.89902777777778,50.2,3,Prioritize for Clearing
Ranaghat,4,139.1,139.32847222222222,50.0,0,Ignore
"Balangir1, Balangir, ORISSA",8,139.1,137.01083333333332,87.5,0,Prioritize for Clearing
SUNDERGARH OFFICE,9,139.1,109.66666666666667,100.0,0,Prioritize for Clearing
"DEL/RHN1, New Delhi, DELHI",126,139.0,115.00874999999999,74.6,14,Prioritize for Clearing
"BLR/RMN-TML, BANGALORE, KARNATAKA",32,139.0,58.53041666666667,78.1,0,Prioritize for Clearing
PALASIA SERVICE CENTRE,161,139.0,109.61666666666666,66.5,9,Prioritize for Clearing
DHARAVI,48,139.0,89.71666666666667,75.0,4,Prioritize for Clearing
"Umaria, Umaria, MADHYA PRADESH",4,138.9,105.42458333333335,75.0,1,Ignore
"CCU/DDM, Kolkata, WEST BENGAL",38,138.9,131.07916666666665,68.4,4,Prioritize for Clearing
PALONCHA,5,138.9,88.05,100.0,0,Prioritize for Clearing
"RSC/Banswara, Banswara, RAJASTHAN",5,138.9,153.75611111111112,80.0,1,Prioritize for Clearing
JALAUN,3,138.8,109.85555555555555,66.7,0,Ignore
bhayander,9,138.8,26.182222222222222,55.6,0,Prioritize for Clearing
Matigara,3,138.7,12.960555555555555,33.3,1,Ignore
MAINPURI,15,138.7,111.68333333333334,66.7,3,Prioritize for Clearing
"Kalchini, Kalchini, WEST BENGAL",1,138.7,138.67222222222222,100.0,0,Ignore
DMLR,325,138.6,85.86972222222222,75.1,17,Prioritize for Clearing
"Vavvakkavu, Karunagappally, KERALA",4,138.6,136.48611111111111,75.0,0,Ignore
"Faridkot, Faridkot, PUNJAB",12,138.6,147.10916666666668,75.0,2,Prioritize for Clearing
BAHADURGARH REACH,39,138.6,87.8,64.1,1,Prioritize for Clearing
"Jalalpur, Jalalpur, UTTAR PRADESH",1,138.6,138.63083333333333,100.0,0,Ignore
"DEL/PLM, New Delhi, DELHI",112,138.5,92.41708333333332,68.8,6,Prioritize for Clearing
JAORA,2,138.5,138.45833333333334,50.0,1,Ignore
"BBN/IRC, Bhubaneswar, ORISSA",10,138.4,101.86277777777778,80.0,0,Prioritize for Clearing
JODHPUR,169,138.4,121.91666666666667,68.6,7,Prioritize for Clearing
MUGHALSARAI,11,138.4,133.58333333333334,54.5,0,Prioritize for Clearing
CHAMPA,13,138.3,87.88333333333334,69.2,3,Prioritize for Clearing
VKND,247,138.3,53.51,67.2,18,Prioritize for Clearing
"BOM/MAZ-TML, Mumbai, MAHARASHTRA",27,138.3,39.00944444444445,63.0,2,Prioritize for Clearing
DALKHOLA OFFICE,4,138.3,102,75.0,1,Ignore
"Kurud, Dhamtari, CHHATTISGARH",10,138.3,114.57402777777779,90.0,0,Prioritize for Clearing
"Ghatagaon, GHATAGAON, ORISSA",1,138.2,138.21527777777777,100.0,0,Ignore
RANPUR OFFICE,4,138.2,113.225,75.0,1,Ignore
AMBUR,7,138.2,89.53333333333333,57.1,0,Prioritize for Clearing
"Jaitaran, Jaitaran, RAJASTHAN",2,138.0,137.95666666666668,50.0,0,Ignore
"JEYPORE OD, Jeypore, ORISSA",8,138.0,78.13125,87.5,1,Prioritize for Clearing
HOSHIARPUR ETAIL / PICKUP,16,138.0,99.1,62.5,0,Prioritize for Clearing
TIRUCHIRAPPALLI,2,138.0,137.95041666666665,50.0,0,Ignore
BIDADI,8,137.9,43.68333333333334,62.5,0,Prioritize for Clearing
"MAA/KDM-TML, Chennai, TAMIL NADU",24,137.8,48.86708333333333,83.3,2,Prioritize for Clearing
"MAA/NAM, Chennai, TAMIL NADU",39,137.8,85.37916666666666,69.2,1,Prioritize for Clearing
"Gharghoda, Gharghoda, CHHATTISGARH",2,137.8,137.84680555555556,50.0,0,Ignore
CHIKHLI,6,137.7,135.50833333333333,83.3,0,Prioritize for Clearing
WAIDHAN,8,137.7,122.525,75.0,0,Prioritize for Clearing
UNA,8,137.7,134.18333333333334,62.5,0,Prioritize for Clearing
Palanpur,9,137.7,25.693055555555556,55.6,0,Prioritize for Clearing
"BOM/SA-BND, Mumbai, MAHARASHTRA",20,137.6,37.38722222222222,70.0,1,Prioritize for Clearing
"Jamnagar, Jamnagar, GUJARAT",19,137.6,111.79055555555556,68.4,1,Prioritize for Clearing
SIVAGANGAI,7,137.6,113.71666666666667,57.1,0,Prioritize for Clearing
Behala Hub Kolkata,4,137.6,122.14986111111112,50.0,0,Ignore
MALAD WEST ETAIL CENTER,99,137.5,87.65,71.7,5,Prioritize for Clearing
GHAZIABAD (GZBD),3,137.5,162.86527777777778,100.0,0,Ignore
"Deori, Deori, MADHYA PRADESH",2,137.5,137.51166666666666,50.0,0,Ignore
KATRA,12,137.4,54.400000000000006,58.3,2,Prioritize for Clearing
THANE,35,137.4,93.76944444444445,80.0,1,Prioritize for Clearing
KHND,269,137.4,63.219166666666666,85.9,12,Prioritize for Clearing
ULSOOR,30,137.4,90.85833333333332,66.7,0,Prioritize for Clearing
"Jaigaon, Jaigaon, WEST BENGAL",4,137.3,135.18819444444443,75.0,1,Ignore
Adyal,2,137.3,137.29888888888888,50.0,0,Ignore
"Visnagar, Vadnagar, GUJARAT",6,137.3,102.31708333333333,50.0,0,Prioritize for Clearing
RAJAHMUNDRY,8,137.3,92.23555555555556,62.5,2,Prioritize for Clearing
"Ozhar MIG, Ozhar, MAHARASHTRA",2,137.3,137.29194444444445,50.0,1,Ignore
KELEWADI,4,137.2,101.94166666666666,75.0,0,Ignore
MALDA OFFICE,4,137.1,133.825,100.0,0,Ignore
"Chakradharpur, CHAKRADHARPUR, JHARKHAND",2,137.1,137.07208333333332,50.0,0,Ignore
PANNA,4,137.0,77.81666666666666,100.0,0,Ignore
"PONNERI-TML, Chennai, TAMIL NADU",5,137.0,88.07444444444444,60.0,0,Prioritize for Clearing
"Memaari, Memari, WEST BENGAL",3,137.0,135.5886111111111,66.7,1,Ignore
Ramtek,2,136.9,136.88416666666666,50.0,0,Ignore
PANIPAT,4,136.8,77.23986111111111,75.0,0,Ignore
"JMU/JNP, Jammu, JAMMU AND KASHMIR",13,136.8,107.44805555555556,76.9,1,Prioritize for Clearing
"Vijapur, Vijapur, GUJARAT",2,136.8,136.7816666666667,50.0,0,Ignore
KHAMMAM,16,136.8,98.43333333333334,68.8,2,Prioritize for Clearing
YELAHANKA PICKUP AND DELI,6,136.8,34.25833333333333,66.7,0,Prioritize for Clearing
SAMBA,6,136.7,137.725,66.7,0,Prioritize for Clearing
ASSAND,12,136.7,121.125,83.3,1,Prioritize for Clearing
Nahan,2,136.7,136.65652777777777,100.0,0,Ignore
CHANNRAYAPATNA,5,136.7,24.8,60.0,1,Prioritize for Clearing
KUNDRA,3,136.7,138.88333333333333,100.0,0,Ignore
"Desaigaon, DESAIGAON, MAHARASHTRA",8,136.6,110.84583333333333,87.5,0,Prioritize for Clearing
"Diganji, Atpadi, MAHARASHTRA",1,136.6,136.64388888888888,100.0,0,Ignore
THIRTHAHALLI,3,136.6,85.66666666666667,66.7,0,Ignore
"SAPEKHATI, SAPEKHATI, ASSAM",2,136.6,136.62319444444444,50.0,0,Ignore
BINA,3,136.5,113.15,100.0,0,Ignore
SHEOGANJ AND SUMERPUR,1,136.5,136.5,100.0,0,Ignore
Vedaranyam,3,136.5,30.698333333333334,66.7,0,Ignore
"Salasar, Salasar, RAJASTHAN",5,136.5,22.5225,40.0,1,Prioritize for Clearing
DIMAPUR,48,136.4,99.56666666666666,79.2,0,Prioritize for Clearing
"Goalpokher, Goalpokher, WEST BENGAL",1,136.4,136.37944444444443,100.0,0,Ignore
ANKLESHWAR,23,136.4,109.86666666666666,69.6,0,Prioritize for Clearing
"Bathinda, Bhatinda, PUNJAB",16,136.4,123.92180555555555,62.5,1,Prioritize for Clearing
BIRPARA,7,136.4,87.9,71.4,0,Prioritize for Clearing
ELECTRONIC CITY COUNTER,111,136.3,89.3,69.4,9,Prioritize for Clearing
CUNNINGHAM,147,136.2,109.18333333333334,72.1,12,Prioritize for Clearing
"Anjar, Anjar, GUJARAT",6,136.2,76.95763888888888,50.0,0,Prioritize for Clearing
Virudhunagar,9,136.2,33.515277777777776,55.6,0,Prioritize for Clearing
SHMH,163,136.2,85.50138888888888,63.2,0,Prioritize for Clearing
PERUMANALLUR ROAD,2,136.2,136.19166666666666,50.0,0,Ignore
"PATIALA, Patiala, PUNJAB",48,136.2,113.02250000000001,68.8,6,Prioritize for Clearing
"Vadodara/WGD, VADODARA, GUJARAT",23,136.1,85.90194444444444,82.6,0,Prioritize for Clearing
"NGN1, Nagaon, ASSAM",5,136.1,138.48194444444445,80.0,0,Prioritize for Clearing
MALEGAON BUDRUK,2,136.0,136.03333333333333,100.0,0,Ignore
CHROMPET,86,135.9,96.33333333333334,66.3,7,Prioritize for Clearing
LABBAIKUDIKADU,1,135.9,135.92916666666667,100.0,0,Ignore
"RNC/DRW-TML, Ranchi, JHARKHAND",1,135.9,135.89527777777778,100.0,0,Ignore
"Gumla1, Gumla, JHARKHAND",2,135.8,135.78236111111113,50.0,1,Ignore
"VEMBAYAM, Trivandrum, KERALA",3,135.8,159.72722222222222,100.0,0,Ignore
"Vallah, AMRITSAR, PUNJAB",10,135.8,56.69111111111111,70.0,0,Prioritize for Clearing
GHUMARWIN,7,135.8,158.51666666666668,57.1,0,Prioritize for Clearing
CGDM,50,135.7,42.3825,72.0,0,Prioritize for Clearing
"Chomu, Chomu, RAJASTHAN",1,135.7,135.73666666666668,100.0,0,Ignore
"SONAPUR, Sonapur, ASSAM",6,135.7,111.79069444444445,50.0,0,Prioritize for Clearing
BISWANATH CHARIALI,2,135.7,135.65833333333333,100.0,0,Ignore
AGRA,340,135.7,54.664027777777775,79.7,16,Prioritize for Clearing
SIRICILLA,8,135.6,60.599999999999994,87.5,0,Prioritize for Clearing
KODINAR,2,135.6,135.58333333333331,50.0,0,Ignore
"Mumbai Central, Mumbai, MAHARASHTRA",40,135.6,72.12097222222222,80.0,3,Prioritize for Clearing
"COK/EKC, Cochin, KERALA",26,135.5,123.81416666666667,88.5,4,Prioritize for Clearing
"Magam, Magam, JAMMU AND KASHMIR",5,135.5,79.12833333333333,60.0,1,Prioritize for Clearing
GAURIBIDANUR,3,135.5,136.05,66.7,0,Ignore
FAIZABAD,40,135.5,136.45833333333331,70.0,4,Prioritize for Clearing
DAUSA,8,135.4,101.875,50.0,4,Prioritize for Clearing
"Bilaspur HP, Bilaspur HP, HIMACHAL PRADESH",5,135.4,29.952222222222222,60.0,0,Prioritize for Clearing
"URVAKONDA, URVAKONDA, ANDHRA PRADESH",1,135.4,135.36055555555555,100.0,0,Ignore
"Ram Tirath, AMRITSAR, PUNJAB",3,135.4,158.01194444444445,100.0,0,Ignore
"Kalyanpur, Sultanpur, UTTAR PRADESH",1,135.4,135.36055555555555,100.0,0,Ignore
"Manglurpir, Manglurpir, MAHARASHTRA",4,135.3,93.83486111111112,75.0,0,Ignore
"Birshingpur, BIRSHINGHPUR, MADHYA PRADESH",1,135.3,135.30027777777778,100.0,0,Ignore
BOKARO,20,135.3,133.35944444444445,70.0,5,Prioritize for Clearing
"RPR/BHN, Raipur, CHHATTISGARH",4,135.3,119.09041666666666,100.0,0,Ignore
SONARPUR (SONP),2,135.2,135.22652777777776,50.0,0,Ignore
PUDUCHERRY,30,135.2,101.59166666666667,80.0,1,Prioritize for Clearing
SANGRUR AREA OFFICE,25,135.2,110.51666666666667,72.0,1,Prioritize for Clearing
KPHB,359,135.2,51.151666666666664,71.6,25,Prioritize for Clearing
BELTHANGADY,2,135.2,135.1563888888889,50.0,0,Ignore
SOMARAM PUD,11,135.1,27,54.5,0,Prioritize for Clearing
NEW BOMBAY,61,135.1,61.81666666666667,67.2,2,Prioritize for Clearing
KARJAT,16,135.1,121.78875,75.0,1,Prioritize for Clearing
PERAMBALUR,9,135.0,60.63333333333333,88.9,0,Prioritize for Clearing
"VIJ/BPM, Vijayawada, ANDHRA PRADESH",20,135.0,23.420416666666668,45.0,0,Prioritize for Clearing
Pali,2,134.9,134.94472222222223,50.0,0,Ignore
NAVI MUMBAI WAREHOUSE,35,134.9,33.88333333333333,60.0,1,Prioritize for Clearing
Bhavnagar,8,134.9,98.40222222222222,50.0,1,Prioritize for Clearing
"Aurangabad, AURANGABAD, MAHARASHTRA",13,134.9,86.4588888888889,84.6,0,Prioritize for Clearing
SENAPATI BAPAT ROAD,39,134.9,84.95,71.8,3,Prioritize for Clearing
"Sudhar, SUDHAR, PUNJAB",13,134.9,124.66583333333334,76.9,1,Prioritize for Clearing
LPRL,844,134.8,59.53375,76.4,31,Prioritize for Clearing
DHARAMSHALA,24,134.8,100.60833333333333,83.3,1,Prioritize for Clearing
MUSAFIRKHANA,1,134.7,134.74194444444444,100.0,0,Ignore
UPPL,307,134.7,51.82555555555555,73.3,7,Prioritize for Clearing
Gurugram,121,134.7,20.406388888888888,47.9,2,Prioritize for Clearing
DIGBOI,6,134.7,134.59166666666667,83.3,0,Prioritize for Clearing
SIDDIPET,13,134.6,140.15,76.9,1,Prioritize for Clearing
"RSC KOLASIB, Kolasib, MIZORAM",2,134.6,134.5638888888889,50.0,0,Ignore
AHMEDABAD,125,134.6,92.46666666666667,61.6,2,Prioritize for Clearing
TENKASI,5,134.5,106.25,80.0,0,Prioritize for Clearing
Bagodar,2,134.5,134.5376388888889,100.0,0,Ignore
"DEL/PTN, New Delhi, DELHI",20,134.5,65.57638888888889,70.0,1,Prioritize for Clearing
"HUZURNAGAR, Huzurnagar, TELANGANA",2,134.4,134.4463888888889,100.0,0,Ignore
"LUD/LUD, Ludhiana, PUNJAB",22,134.4,76.06930555555556,86.4,2,Prioritize for Clearing
"GWL/ANR, Gwalior, MADHYA PRADESH",7,134.4,90.6875,85.7,0,Prioritize for Clearing
KAPA,48,134.3,35.824861111111105,52.1,1,Prioritize for Clearing
MAYA,606,134.1,39.6225,63.0,13,Prioritize for Clearing
COOCH BEHAR,8,134.1,141.95,100.0,0,Prioritize for Clearing
Hingoli,5,134.0,17.98,40.0,0,Prioritize for Clearing
"DEL/ANG, Delhi NCR, DELHI",56,134.0,40.060138888888886,58.9,3,Prioritize for Clearing
MYLADUTHURAI,4,134.0,120.44166666666666,75.0,0,Ignore
"Dibrugarh, Dibrugarh, ASSAM",15,134.0,61.231944444444444,53.3,0,Prioritize for Clearing
PERNEM,22,134.0,110.99166666666667,86.4,1,Prioritize for Clearing
"Pantnagar, Pantnagar, UTTARAKHAND",6,134.0,89.02944444444444,66.7,0,Prioritize for Clearing
"JMU/JMU, Jammu, JAMMU AND KASHMIR",25,133.9,90.23166666666667,64.0,5,Prioritize for Clearing
Amroha,6,133.9,95.0225,50.0,0,Prioritize for Clearing
"Singrauli, Jabalpur, MADHYA PRADESH",1,133.9,133.86416666666668,100.0,0,Ignore
KALOOR,23,133.8,133.58333333333334,87.0,1,Prioritize for Clearing
"SAMIYARMADAM, samiyarmadam, TAMIL NADU",1,133.8,133.82944444444445,100.0,0,Ignore
NALGONDA,25,133.8,156.2,60.0,1,Prioritize for Clearing
"BLR/CSN-TML, BANGALORE, KARNATAKA",16,133.8,75.76097222222222,75.0,1,Prioritize for Clearing
"Sanwer, Sanwer, MADHYA PRADESH",6,133.8,39.415277777777774,83.3,1,Prioritize for Clearing
GHAZIABAD GT ROAD,72,133.7,88.025,63.9,6,Prioritize for Clearing
BALANAGAR E-TAIL CENTRE,91,133.7,88.3,61.5,23,Prioritize for Clearing
ConnectIndiaNewTownODH_KOL Kolkata,5,133.6,7.179166666666667,40.0,0,Prioritize for Clearing
"COK/COK, Cochin, KERALA",23,133.6,88.74277777777777,73.9,0,Prioritize for Clearing
NIDA,487,133.6,59.93333333333333,65.7,22,Prioritize for Clearing
PALWAL,17,133.6,64.68333333333334,64.7,0,Prioritize for Clearing
DEHRADUN SHIMLA BYPASS,49,133.5,59.36666666666667,73.5,2,Prioritize for Clearing
PEHOWA,15,133.5,83.88333333333334,66.7,0,Prioritize for Clearing
NARASAPURA,4,133.5,113.83333333333333,100.0,0,Ignore
"Fatehgarh Churiyan, Fatehgarh Churiyan, PUNJAB",4,133.4,104.67847222222223,75.0,1,Ignore
"Sagar, Sagar, MADHYA PRADESH",14,133.4,89.36319444444445,85.7,1,Prioritize for Clearing
Warje,13,133.4,48.405277777777776,53.8,0,Prioritize for Clearing
"Wadsa1, Wadsa, MAHARASHTRA",8,133.3,90.04888888888888,87.5,0,Prioritize for Clearing
MAYURBHANJ,12,133.3,113.91666666666667,91.7,1,Prioritize for Clearing
AKLUJ,17,133.3,83.98333333333333,58.8,1,Prioritize for Clearing
"Basopatti, Basopatti, BIHAR",2,133.3,133.33541666666667,50.0,0,Ignore
SANGHVI PUD CENTRE,29,133.3,79.91666666666667,89.7,0,Prioritize for Clearing
TRANSPORT NAGAR,80,133.3,86.69166666666666,68.8,7,Prioritize for Clearing
KR Nagara,2,133.2,133.15875,50.0,0,Ignore
CHITRADURGA,18,133.2,138.22500000000002,88.9,0,Prioritize for Clearing
"Abohar, Abohar, PUNJAB",9,133.2,162.2575,66.7,1,Prioritize for Clearing
SITAPUR,17,133.1,112.21666666666667,70.6,0,Prioritize for Clearing
Bhandara,9,133.1,27.345277777777778,77.8,0,Prioritize for Clearing
"Kundli, Sonipat, HARYANA",11,133.1,113.93194444444444,90.9,1,Prioritize for Clearing
BUXAR OFFICE,9,133.0,114.5,55.6,0,Prioritize for Clearing
VYTTILA,39,133.0,90.38333333333334,74.4,5,Prioritize for Clearing
"Attabira, Attabira, ORISSA",2,132.9,132.8838888888889,50.0,0,Ignore
Vapi,12,132.9,24.670416666666668,50.0,0,Prioritize for Clearing
"HYD/KUK, Hyderabad, TELANGANA",75,132.9,61.47694444444444,69.3,7,Prioritize for Clearing
"Chaygaon, Chaygaon, ASSAM",1,132.8,132.84583333333333,100.0,0,Ignore
"CCU/Sodepur-TML, Kolkata, WEST BENGAL",5,132.7,90.33111111111111,60.0,2,Prioritize for Clearing
CALW,21,132.7,100.36,95.2,0,Prioritize for Clearing
SULLURPETA,4,132.7,79.76666666666667,75.0,0,Ignore
Channarayapatna,2,132.7,132.67027777777778,50.0,0,Ignore
DUNDIGAL,7,132.7,64.55,71.4,0,Prioritize for Clearing
"Rupnarayanpur, Rupnarayanpur, WEST BENGAL",3,132.7,134.1627777777778,100.0,0,Ignore
"Muddebihal1, Muddebihal, KARNATAKA",3,132.6,42.63777777777778,100.0,1,Ignore
DATTA NAGAR,52,132.5,97.18333333333334,76.9,0,Prioritize for Clearing
PANIPAT - PNP,1,132.5,132.45,100.0,0,Ignore
BHADRAK OFFICE,4,132.5,114.675,50.0,2,Ignore
"Beawar, BEAWAR, RAJASTHAN",4,132.5,72.83902777777777,50.0,0,Ignore
"Sirohi, Sirohi, RAJASTHAN",1,132.5,132.46194444444444,100.0,0,Ignore
Dhakuakhana,1,132.5,132.535,100.0,0,Ignore
Kangra,4,132.4,117.77166666666668,75.0,0,Ignore
Gaurisagar,1,132.4,132.35611111111112,100.0,0,Ignore
ITARSI,10,132.3,84.625,90.0,0,Prioritize for Clearing
"Khandela, Khandela, RAJASTHAN",2,132.3,132.29486111111112,100.0,0,Ignore
KAVUNDAMPLAYAM,35,132.3,62.13333333333333,82.9,2,Prioritize for Clearing
"Jetpur, Jetpur, GUJARAT",2,132.3,132.33944444444444,100.0,0,Ignore
"Ukwa, Ukwa, MADHYA PRADESH",8,132.2,84.69972222222222,87.5,1,Prioritize for Clearing
"Narwana, NARWANA, HARYANA",3,132.2,187.71138888888888,66.7,1,Ignore
"Theni, Theni, TAMIL NADU",2,132.1,132.06777777777776,50.0,0,Ignore
"Kavali, KAVALI, ANDHRA PRADESH",8,132.1,121.01763888888888,87.5,1,Prioritize for Clearing
"Jaunpur1, Jaunpur, UTTAR PRADESH",4,132.1,84.11555555555556,50.0,0,Ignore
Mahad,3,132.0,1.5358333333333334,33.3,0,Ignore
"IDR/LAS, Indore, MADHYA PRADESH",33,132.0,66.60222222222222,81.8,9,Prioritize for Clearing
JALPAIGURI COD CENTRE,11,132.0,109.88333333333334,81.8,0,Prioritize for Clearing
AJNALA,4,131.9,158.35833333333335,100.0,0,Ignore
Sarapaka,4,131.9,89.84541666666668,50.0,0,Ignore
SOMAJIGUDA,19,131.8,137.23333333333332,68.4,2,Prioritize for Clearing
Prodattur,12,131.8,18.537222222222223,50.0,1,Prioritize for Clearing
MADIKERE,5,131.7,113.6,100.0,0,Prioritize for Clearing
"Raipur Rani, AMBALA, HARYANA",6,131.6,95.75847222222221,66.7,2,Prioritize for Clearing
"Thakurdwara, Thakurdwara, UTTAR PRADESH",1,131.6,131.61694444444444,100.0,0,Ignore
prakasam,2,131.5,131.54472222222222,50.0,0,Ignore
SAGAR,28,131.4,97.68333333333334,71.4,0,Prioritize for Clearing
SASARAM,8,131.4,101,75.0,1,Prioritize for Clearing
JAMMU,92,131.3,108.375,72.8,4,Prioritize for Clearing
"Vyara, Vyara Guj, GUJARAT",5,131.3,88.18833333333333,100.0,0,Prioritize for Clearing
"Komarolu, Komarolu, ANDHRA PRADESH",7,131.3,28.426388888888887,71.4,0,Prioritize for Clearing
ALIPURDUAR,5,131.3,125.10444444444444,60.0,0,Prioritize for Clearing
PIPARIA,5,131.2,88.16666666666667,100.0,0,Prioritize for Clearing
Payyanur,2,131.2,131.19625,50.0,0,Ignore
NAROL ETAIL CENTRE,67,131.1,111.98333333333333,71.6,3,Prioritize for Clearing
BALAGHAT OFFICE,11,131.1,87.31666666666666,90.9,0,Prioritize for Clearing
"AHN/SVD-TML, Ahmednagar, MAHARASHTRA",6,131.1,99.6,83.3,0,Prioritize for Clearing
Anakapalli,4,131.0,130.82361111111112,50.0,0,Ignore
"ITANAGAR, ITANAGAR, ARUNACHAL PRADESH",15,131.0,113.24277777777777,80.0,1,Prioritize for Clearing
Perinthalmanna,4,131.0,108.08694444444446,50.0,0,Ignore
"Kharar, Kharar, PUNJAB",61,131.0,63.48166666666667,59.0,6,Prioritize for Clearing
Chengam,3,131.0,59.30416666666667,66.7,0,Ignore
"Pollachi, Pollachi, TAMIL NADU",1,131.0,130.95833333333334,100.0,0,Ignore
"Badayun, Badayun, UTTAR PRADESH",8,131.0,126.45055555555555,87.5,1,Prioritize for Clearing
Pathsala,2,130.9,130.87625,50.0,0,Ignore
Alwar,10,130.9,11.31263888888889,40.0,1,Prioritize for Clearing
SONGADH,2,130.9,130.92027777777778,50.0,0,Ignore
"TRIPPUNITHURA, Cochin, KERALA",6,130.9,114.33472222222223,83.3,1,Prioritize for Clearing
"Burhanpur UP, Burhanpur UP, UTTAR PRADESH",2,130.9,130.86541666666668,100.0,0,Ignore
"Addanki, ADDANKI, ANDHRA PRADESH",2,130.9,130.89888888888888,100.0,0,Ignore
PARVATHIPURAM,2,130.8,130.81291666666667,50.0,0,Ignore
KELLYS,34,130.8,65.15833333333333,58.8,0,Prioritize for Clearing
GURGAON,80,130.8,46.644305555555555,55.0,2,Prioritize for Clearing
"Kotdwar, KOTDWAR, UTTARAKHAND",10,130.7,92.09625,70.0,0,Prioritize for Clearing
"Dungarpur1, Dungarpur, RAJASTHAN",15,130.7,35.95805555555555,53.3,0,Prioritize for Clearing
"Hailakandi, Hailakandi, ASSAM",2,130.7,130.7161111111111,100.0,0,Ignore
"BOM/SA-VASAI, Vasai, MAHARASHTRA",31,130.7,63.82416666666666,80.6,1,Prioritize for Clearing
RAGHOGARH,3,130.7,21.216666666666665,33.3,0,Ignore
SILCHAR,35,130.6,84.98333333333333,74.3,3,Prioritize for Clearing
JAIH,469,130.6,59.53388888888889,70.4,27,Prioritize for Clearing
PAYYANUR,5,130.6,86.05,80.0,0,Prioritize for Clearing
GANGARAMPUR,3,130.6,134.85,100.0,0,Ignore
SARKHEJ TEMP WARE HOUSE,34,130.6,49.766666666666666,61.8,0,Prioritize for Clearing
BAHRAICH,21,130.6,160.06666666666666,66.7,3,Prioritize for Clearing
INTERNATIONAL TECH PARK,94,130.6,79.88333333333333,67.0,5,Prioritize for Clearing
Lunglei,5,130.6,100.2238888888889,80.0,0,Prioritize for Clearing
"RAYALAM, Bhimavaram, ANDHRA PRADESH",2,130.6,130.55194444444444,50.0,0,Ignore
"Kushmunda, Korba, CHHATTISGARH",5,130.5,135.90944444444443,80.0,1,Prioritize for Clearing
"LUD/DGR, Ludhiana, PUNJAB",52,130.5,56.77638888888889,67.3,8,Prioritize for Clearing
"BOKAJAN, BOKAJAN, ASSAM",3,130.5,111.17777777777778,100.0,0,Ignore
KANGEYAM,4,130.4,136.41666666666666,100.0,0,Ignore
"Chandaneswar, Chandaneswar, ORISSA",2,130.4,130.36763888888888,100.0,0,Ignore
Raichur,14,130.4,49.01819444444445,57.1,0,Prioritize for Clearing
"BLR/MLP-TML, BANGALORE, KARNATAKA",10,130.3,51.67611111111111,70.0,0,Prioritize for Clearing
"MAA/GUD-TML, Chennai, TAMIL NADU",2,130.3,130.26319444444445,100.0,0,Ignore
Wadrafnagar,2,130.3,130.3001388888889,100.0,0,Ignore
ORMANJHI,3,130.2,86.28333333333333,100.0,0,Ignore
Poonch,4,130.2,86.88736111111112,100.0,0,Ignore
ANANDPUR SAHIB,6,130.2,150.56666666666666,83.3,0,Prioritize for Clearing
"bilaspur, Bilaspur, CHHATTISGARH",43,130.2,88.49083333333333,81.4,4,Prioritize for Clearing
MODASA,12,130.2,145.65833333333333,75.0,0,Prioritize for Clearing
"FBD/NPR, Delhi NCR, DELHI",22,130.1,77.26291666666667,68.2,1,Prioritize for Clearing
INDRAPRAKASH BLDG,19,130.0,86.05,63.2,0,Prioritize for Clearing
CHANDRASHEKHARPUR,114,129.8,91.05833333333334,63.2,10,Prioritize for Clearing
KARUMATAMPATTY,4,129.8,55.33,75.0,0,Ignore
BERHAMPUR,42,129.8,147.77499999999998,81.0,6,Prioritize for Clearing
Jai Ambe Kirana and General Store NAGPUR,2,129.8,129.8325,50.0,0,Ignore
"Deolali Camp1, Deolali Camp, MAHARASHTRA",7,129.8,113.06388888888888,100.0,0,Prioritize for Clearing
BOWENPALLY,28,129.8,89.43333333333334,60.7,3,Prioritize for Clearing
BHILWARA,87,129.7,67.7,66.7,5,Prioritize for Clearing
"FBD/BLG, Delhi NCR, DELHI",31,129.7,133.77305555555554,71.0,2,Prioritize for Clearing
"Kalasa, KALASA, KARNATAKA",6,129.7,108.25999999999999,83.3,0,Prioritize for Clearing
"DEL/DLF, Delhi NCR, DELHI",152,129.7,59.916805555555555,57.2,6,Prioritize for Clearing
UDALA OFFICE,5,129.5,90.2,80.0,0,Prioritize for Clearing
"Taragarh, Taragarh, PUNJAB",2,129.5,129.46416666666667,100.0,0,Ignore
"DEL/GZB1, Delhi NCR, DELHI",18,129.5,67.40194444444444,66.7,0,Prioritize for Clearing
"DEL/GNA-EHV, Delhi NCR, DELHI",15,129.5,22.090555555555557,46.7,0,Prioritize for Clearing
KANPUR EXPANSION,5,129.5,160.2,100.0,0,Prioritize for Clearing
MADINAGUDA,7,129.5,90.46666666666667,71.4,1,Prioritize for Clearing
"NANDIPET, Nizamabad, TELANGANA",2,129.4,129.41819444444445,100.0,0,Ignore
"DHILWAN, dhilwan, PUNJAB",2,129.3,129.26638888888888,100.0,0,Ignore
HTCY,713,129.3,52.026666666666664,67.5,29,Prioritize for Clearing
NARSINGI,31,129.3,113.35,64.5,6,Prioritize for Clearing
PATAN,13,129.3,88.33333333333333,84.6,0,Prioritize for Clearing
PUSAD,2,129.2,129.23333333333332,50.0,0,Ignore
"Manavalakurichi, Manavalakurichi, TAMIL NADU",1,129.2,129.16694444444445,100.0,0,Ignore
KHARAGPUR PUD,41,129.1,108.53333333333333,85.4,5,Prioritize for Clearing
"BHILAI, Bhilai, CHHATTISGARH",43,129.1,64.73472222222222,74.4,2,Prioritize for Clearing
ROBERTGANJ,5,129.0,138.76666666666668,60.0,1,Prioritize for Clearing
Dharm,2,129.0,128.96791666666667,100.0,0,Ignore
DABOKA,4,129.0,109.6,100.0,0,Ignore
DWARAHAT,2,128.8,128.825,100.0,0,Ignore
"JBL/ADL, Jabalpur, MADHYA PRADESH",8,128.8,90.11958333333334,75.0,2,Prioritize for Clearing
Sankarapuram,5,128.7,16.94638888888889,40.0,0,Prioritize for Clearing
KAPURTHALA,16,128.6,113.32499999999999,75.0,0,Prioritize for Clearing
KARIMGANJ,5,128.6,109.06666666666666,100.0,0,Prioritize for Clearing
"SALEM/KDMPT, Salem, TAMIL NADU",10,128.6,68.6563888888889,60.0,0,Prioritize for Clearing
"Parasiya, parasiya, MADHYA PRADESH",10,128.6,64.10291666666666,90.0,0,Prioritize for Clearing
Lakhimpur Kheri,4,128.5,74.98222222222222,50.0,0,Ignore
vishakhapatnam,2,128.4,128.42930555555554,50.0,0,Ignore
CHANDKHEDA ETAIL CENTRE,31,128.4,89.03333333333333,67.7,2,Prioritize for Clearing
"Dasuya, Mukerian, PUNJAB",14,128.4,118.17611111111111,78.6,1,Prioritize for Clearing
Kurnool,15,128.4,19.61638888888889,46.7,1,Prioritize for Clearing
TRIPUNITHURA,8,128.3,56.083333333333336,87.5,0,Prioritize for Clearing
"Kollam, Kollam, KERALA",5,128.3,112.91305555555556,100.0,0,Prioritize for Clearing
PORANKI REACH,3,128.3,110.03333333333333,66.7,1,Ignore
"VRS/NSR, VARANASI, UTTAR PRADESH",10,128.3,101.54875000000001,80.0,1,Prioritize for Clearing
KANDHAMAL OFFICE,6,128.2,136.46666666666667,83.3,1,Prioritize for Clearing
"DEL/SKN, New Delhi, DELHI",39,128.2,88.62222222222222,74.4,6,Prioritize for Clearing
AKBARPUR KANPUR DEHAT,9,128.2,108.76666666666667,88.9,0,Prioritize for Clearing
"Viramgam, Viramgam, GUJARAT",2,128.1,128.12291666666664,50.0,0,Ignore
ALANDURAI,5,128.1,89.15,100.0,0,Prioritize for Clearing
SUFDAR JUNG (SJEX),12,128.1,35.66291666666666,75.0,0,Prioritize for Clearing
DEHRADUN (DEDH),27,128.1,46.233333333333334,66.7,0,Prioritize for Clearing
PANIPAT ETAIL CENTRE,56,128.1,49.09166666666667,64.3,4,Prioritize for Clearing
"Khitoli, Barhi, MADHYA PRADESH",2,128.1,128.14694444444444,100.0,0,Ignore
GUDALUR,5,128.0,157.38333333333333,80.0,0,Prioritize for Clearing
"Periyakulam, Periyakulam, TAMIL NADU",1,128.0,128.01083333333332,100.0,0,Ignore
"Shri Vijaynagar, Shri Vijainagar, RAJASTHAN",2,127.9,127.88638888888889,50.0,1,Ignore
NOIDA KHODA CENTER,25,127.8,69.83333333333333,60.0,1,Prioritize for Clearing
QUILANDI BAZAR,8,127.6,75.74166666666667,62.5,1,Prioritize for Clearing
JIGANI - OPS FROM ELE/BLR,47,127.6,89.5,66.0,5,Prioritize for Clearing
FAR SERVICE CENTRE,113,127.6,48.483333333333334,61.1,5,Prioritize for Clearing
GURDASPUR,29,127.5,92.53583333333333,75.9,0,Prioritize for Clearing
ARWAL OFFICE,2,127.4,127.35,100.0,0,Ignore
KATIHAR OFFICE,12,127.4,98.43333333333334,83.3,1,Prioritize for Clearing
SITARGANJ,5,127.4,86.28333333333333,100.0,0,Prioritize for Clearing
"Khargone, Khragone, MADHYA PRADESH",4,127.3,162.7186111111111,75.0,1,Ignore
"BLR/SA-ATBLE, BANGALORE, KARNATAKA",13,127.3,32.35611111111111,61.5,1,Prioritize for Clearing
"Sultanganj1, Sultanganj, BIHAR",3,127.3,88.7625,66.7,0,Ignore
SMGD,366,127.3,54.69361111111111,69.9,22,Prioritize for Clearing
"CCU/CTL, Kolkata, WEST BENGAL",52,127.3,87.61361111111111,82.7,5,Prioritize for Clearing
Sangwara,2,127.2,127.20444444444443,50.0,0,Ignore
DURGAPUR,58,127.2,80.69166666666666,74.1,7,Prioritize for Clearing
"Jaipur City, Jaipur, RAJASTHAN",40,127.2,29.269861111111112,55.0,4,Prioritize for Clearing
"Jalandhar, Jalandhar, PUNJAB",9,127.2,108.49111111111111,66.7,0,Prioritize for Clearing
"Bhandara, Bhandara, MAHARASHTRA",12,127.2,100.80819444444444,66.7,0,Prioritize for Clearing
KOTPUTALI,5,127.2,185.88333333333333,60.0,1,Prioritize for Clearing
Ilkal,3,127.1,5.828888888888889,33.3,0,Ignore
"Bhawanipatna, Bhawanipatna, ORISSA",2,127.0,127.00111111111113,100.0,0,Ignore
"Chamba, CHAMBA, HIMACHAL PRADESH",4,126.9,104.16236111111112,75.0,0,Ignore
"Kosamba, ANKLESHWAR, GUJARAT",2,126.9,126.90805555555555,50.0,0,Ignore
PALAI,7,126.9,85.95,71.4,0,Prioritize for Clearing
"Dabra, Dabra, MADHYA PRADESH",13,126.8,111.29138888888889,76.9,2,Prioritize for Clearing
Pattukkottai,5,126.8,31.0425,60.0,0,Prioritize for Clearing
"Padrauna, Kushinagar, UTTAR PRADESH",2,126.8,126.76444444444446,50.0,1,Ignore
GAYA OFFICE,50,126.8,90.31666666666666,70.0,7,Prioritize for Clearing
KAMPTEE,8,126.7,88.19999999999999,87.5,0,Prioritize for Clearing
PORUR,61,126.7,68.35,72.1,2,Prioritize for Clearing
"Durgapur, DURGAPUR, WEST BENGAL",15,126.6,156.01805555555555,80.0,3,Prioritize for Clearing
SIKAR,45,126.6,68.15,64.4,4,Prioritize for Clearing
"Kuakhia1, Kuakhia, ORISSA",2,126.6,126.61555555555555,50.0,0,Ignore
Chiplun,8,126.6,99.29305555555557,50.0,0,Prioritize for Clearing
BAREILY CHOKI CHORAHA,183,126.6,50.65,69.4,14,Prioritize for Clearing
RJKM,27,126.5,28.968055555555555,59.3,0,Prioritize for Clearing
"Silvassa, SILVASSA, DADRA  NAGAR HAVELI",10,126.4,76.29986111111111,70.0,0,Prioritize for Clearing
"Harda1, Harda, MADHYA PRADESH",10,126.4,91.34777777777778,60.0,1,Prioritize for Clearing
LCKT,309,126.4,32.629444444444445,58.6,2,Prioritize for Clearing
"MFP/Dhaka, Muzaffarpur, BIHAR",4,126.4,85.13194444444446,50.0,0,Ignore
"Gozaria, Mehsana, GUJARAT",2,126.2,126.2248611111111,50.0,0,Ignore
"BLR/AMB-TML, BANGALORE, KARNATAKA",19,126.2,52.816944444444445,78.9,1,Prioritize for Clearing
MAHENDRAGARH,19,126.2,87.28333333333333,68.4,0,Prioritize for Clearing
NIMAPARA,2,126.2,126.16666666666667,50.0,1,Ignore
"Fatehpur KNP, Fatehpur, UTTAR PRADESH",6,126.2,75.01569444444445,83.3,0,Prioritize for Clearing
"GAU/BEL-TML, Guwahati, ASSAM",20,126.1,79.6325,85.0,0,Prioritize for Clearing
"Rajgarh, RAJGARH, RAJASTHAN",2,126.1,126.11347222222221,50.0,1,Ignore
MASAURHI OFFICE,4,126.0,135.425,100.0,0,Ignore
NOIDA E-TAIL AGENT,18,125.9,26.991666666666667,55.6,3,Prioritize for Clearing
MAHRAJGANJ,2,125.8,125.77250000000001,50.0,0,Ignore
"JAI/VKI, Jaipur, RAJASTHAN",17,125.8,113.9075,82.4,1,Prioritize for Clearing
"Kadi GJ, Kadi GJ, GUJARAT",8,125.8,22.238888888888887,50.0,0,Prioritize for Clearing
SIDDHPUR,6,125.7,63.43736111111111,50.0,0,Prioritize for Clearing
punganur,5,125.7,21.57027777777778,40.0,0,Prioritize for Clearing
SRM COLLEGE,53,125.7,70.71666666666667,64.2,0,Prioritize for Clearing
Jashipur,2,125.6,125.60680555555555,50.0,0,Ignore
"Nathdwara, Nathdwara, RAJASTHAN",6,125.6,73.5225,50.0,0,Prioritize for Clearing
"Kharsawan1, SARAIKELAKHARSWAN, JHARKHAND",7,125.6,114.97666666666667,57.1,1,Prioritize for Clearing
MULANTHURUTHY,3,125.6,37.166666666666664,66.7,0,Ignore
MANDSAUR,20,125.6,76.58333333333333,65.0,1,Prioritize for Clearing
"Sorab, Sorab, KARNATAKA",3,125.6,66.56611111111111,100.0,0,Ignore
SHIMLA,87,125.6,52.88333333333333,73.6,2,Prioritize for Clearing
PATNA ETAIL PUD,69,125.6,87.3,75.4,4,Prioritize for Clearing
Tanuku,5,125.5,18.981944444444444,40.0,1,Prioritize for Clearing
PATHANAMTHITTA,7,125.4,65.98166666666667,71.4,0,Prioritize for Clearing
DEOGHAR,2,125.4,125.43069444444444,50.0,0,Ignore
"Bikapur, Bikapur, UTTAR PRADESH",2,125.3,125.29027777777776,100.0,0,Ignore
"MAA/ASN-TML, Chennai, TAMIL NADU",46,125.3,40.65166666666667,76.1,3,Prioritize for Clearing
DHULE,11,125.3,59.43333333333333,63.6,2,Prioritize for Clearing
"WNG/WNG, Warangal, TELANGANA",11,125.3,64.85333333333334,54.5,1,Prioritize for Clearing
RANCHI,89,125.2,86.73333333333333,68.5,10,Prioritize for Clearing
Vikasnagar,2,125.2,125.16944444444444,50.0,0,Ignore
"Phoolpur, Phoolpur, UTTAR PRADESH",3,125.1,112.55361111111111,100.0,0,Ignore
BOLPUR,5,125.1,63.7,100.0,0,Prioritize for Clearing
GANJBASODA,3,125.0,85.2,100.0,0,Ignore
Sindhudurg,5,125.0,19.537777777777777,40.0,0,Prioritize for Clearing
"Kapurthala, KAPURTHALA, PUNJAB",13,125.0,31.182222222222222,61.5,1,Prioritize for Clearing
"HYD/LBN, Hyderabad, TELANGANA",36,125.0,59.89541666666666,58.3,5,Prioritize for Clearing
GOIH,168,125.0,62.0176388888889,86.9,10,Prioritize for Clearing
MANGALORE,3,125.0,61.794444444444444,100.0,0,Ignore
KORAPUT TOWN,7,125.0,106.66666666666667,100.0,0,Prioritize for Clearing
HUBLI SERVICE CENTRE,123,125.0,39.35,58.5,7,Prioritize for Clearing
HARDOI,18,124.9,68.61666666666667,77.8,0,Prioritize for Clearing
JANGAON,7,124.8,162.03333333333333,71.4,0,Prioritize for Clearing
"Kurnool, KURNOOL, ANDHRA PRADESH",10,124.7,86.50555555555556,80.0,0,Prioritize for Clearing
GHANPUR REACH,10,124.7,127.30000000000001,70.0,0,Prioritize for Clearing
KAVANADU,8,124.7,77.40833333333333,50.0,2,Prioritize for Clearing
"BAHARAMPORE, Murshidabad, WEST BENGAL",14,124.6,33.04611111111111,64.3,0,Prioritize for Clearing
DHANBAD BDEL,40,124.4,87.96666666666667,72.5,2,Prioritize for Clearing
Chikhli,10,124.4,20.122777777777777,40.0,0,Prioritize for Clearing
SANASWADI,77,124.3,58.18333333333333,77.9,0,Prioritize for Clearing
NARIANGARH,4,124.3,52.72277777777778,50.0,0,Ignore
SMARTR HQ,5,124.3,151.98333333333332,80.0,0,Prioritize for Clearing
"Mudalgi, MUDALGI, KARNATAKA",3,124.3,87.77472222222222,100.0,0,Ignore
"PAT/CNT, Patna, BIHAR",20,124.3,87.19694444444444,90.0,1,Prioritize for Clearing
KOTHAGIRI,3,124.3,23.466666666666665,33.3,1,Ignore
ANUGUL,19,124.3,82.85,78.9,3,Prioritize for Clearing
MANIPAL,54,124.3,75.80833333333334,68.5,0,Prioritize for Clearing
"Barrackpore, Barrackpore, WEST BENGAL",33,124.2,91.34527777777778,72.7,2,Prioritize for Clearing
"Pandaveswar, PANDAVESWAR  WB, WEST BENGAL",4,124.2,112.56888888888889,100.0,0,Ignore
MOGA,59,124.2,89.13805555555555,61.0,2,Prioritize for Clearing
RAICHUR,28,124.2,78.65833333333333,67.9,2,Prioritize for Clearing
HUZUR,2,124.1,124.1463888888889,50.0,0,Ignore
ERAMALLUR,10,124.1,62.20833333333333,90.0,0,Prioritize for Clearing
"Kagaznagar, KAGAZNAGAR, TELANGANA",4,124.1,82.01194444444445,75.0,0,Ignore
SHIKRAPUR,6,124.1,56.916666666666664,83.3,0,Prioritize for Clearing
GREATER NOIDA,135,124.1,28.666666666666668,53.3,3,Prioritize for Clearing
Solapur,20,124.1,22.485277777777775,50.0,0,Prioritize for Clearing
SATTENAPALLI REACH,4,124.0,112.98333333333333,50.0,0,Ignore
"Guntur, Guntur, ANDHRA PRADESH",16,123.9,97.44166666666666,68.8,0,Prioritize for Clearing
"LUD/HV1, Ludhiana, PUNJAB",38,123.9,44.35611111111111,81.6,3,Prioritize for Clearing
PRGN,108,123.9,86.47708333333333,70.4,3,Prioritize for Clearing
BIHIYA OFFICE,4,123.9,118.60833333333333,75.0,0,Ignore
POTHENCODE,4,123.9,40.825,50.0,0,Ignore
"AMD/THL, Ahmedabad, GUJARAT",31,123.9,66.47805555555556,61.3,1,Prioritize for Clearing
JAMSHEDPUR E-TAIL CENTRE,122,123.8,72.28333333333333,66.4,16,Prioritize for Clearing
KOLKATA PUD (CCUE),8,123.7,30.83958333333333,62.5,0,Prioritize for Clearing
Mankapur Gonda,2,123.7,123.66875,50.0,0,Ignore
Englishbazar,2,123.7,123.73444444444445,50.0,0,Ignore
"Bhinmal, Bhinmal, RAJASTHAN",2,123.7,123.72375000000001,50.0,0,Ignore
HRBS,250,123.7,51.00736111111111,68.4,20,Prioritize for Clearing
NEW TOWN,43,123.7,64.86666666666666,69.8,3,Prioritize for Clearing
SRICITY,6,123.7,83.03333333333333,83.3,0,Prioritize for Clearing
SATHIAMANGALAM,4,123.6,71.3,75.0,0,Ignore
"THN/RBD-TML, Thane, MAHARASHTRA",19,123.5,40.40416666666667,78.9,0,Prioritize for Clearing
Siddipet,6,123.4,87.96541666666667,50.0,0,Prioritize for Clearing
"Sankeshwar 1, Sankeshwar, KARNATAKA",2,123.4,123.38999999999999,50.0,1,Ignore
MORN,78,123.4,66.55458333333334,62.8,8,Prioritize for Clearing
MADHAVARAM APEX SFC PUD,5,123.4,34.81666666666667,60.0,0,Prioritize for Clearing
"Gola, GOLA JH, JHARKHAND",2,123.3,123.3425,50.0,0,Ignore
"Lakhnadon, Lakhnadon, MADHYA PRADESH",4,123.2,100.17916666666666,50.0,2,Ignore
"Calangute, Mapusa Goa, GOA",8,123.2,69.96236111111111,87.5,1,Prioritize for Clearing
"Barasat1, Barasat, WEST BENGAL",10,123.1,99.95875000000001,70.0,2,Prioritize for Clearing
"MAA/RPM-TML, Chennai, TAMIL NADU",37,123.1,49.21138888888889,78.4,2,Prioritize for Clearing
VENKATAGIRI,3,123.0,32.61666666666667,66.7,0,Ignore
"UDARBOND, udarbond, ASSAM",5,122.9,180.84277777777777,60.0,0,Prioritize for Clearing
Thriprayar,6,122.9,84.81055555555555,50.0,0,Prioritize for Clearing
"NORTHLAKHIMPUR, Lakhimpur, ASSAM",8,122.9,90.0661111111111,50.0,0,Prioritize for Clearing
SHEVGAON,5,122.9,85.71666666666667,100.0,0,Prioritize for Clearing
bonaigarh,2,122.9,122.89,50.0,0,Ignore
"Perinthalmanna, Malappuram, KERALA",3,122.9,-3.729722222222222,33.3,2,Ignore
Chandannagar,7,122.8,29.2925,57.1,0,Prioritize for Clearing
Hosur,12,122.7,19.485972222222223,41.7,0,Prioritize for Clearing
BALRAMPUR,9,122.7,85.66666666666667,66.7,1,Prioritize for Clearing
"Malegaon, Malegaon, MAHARASHTRA",7,122.6,87.17388888888888,85.7,0,Prioritize for Clearing
Palladam,4,122.6,57.07444444444445,50.0,0,Ignore
SEDAM REACH,2,122.5,122.50833333333333,100.0,0,Ignore
"TRV/TRV, Trivandrum, KERALA",28,122.5,36.958194444444445,60.7,3,Prioritize for Clearing
"NELLIPUZHA, PALAKKAD, KERALA",6,122.5,69.8638888888889,66.7,2,Prioritize for Clearing
PONKUNNAM,4,122.4,114.81666666666666,50.0,0,Ignore
AIZAWL,45,122.4,90.55,86.7,2,Prioritize for Clearing
Koppal,7,122.3,19.64138888888889,42.9,1,Prioritize for Clearing
Mangaon,2,122.3,122.26,50.0,0,Ignore
ALIRAJPUR,3,122.3,18.183333333333334,33.3,1,Ignore
KAKAPALAYAM,7,122.2,50.95,100.0,0,Prioritize for Clearing
IXRH,220,122.2,27.479444444444447,65.9,4,Prioritize for Clearing
GIRISH PARK BDEL,43,122.2,89.85,67.4,3,Prioritize for Clearing
"CCU/SONARPUR-TML, Kolkata, WEST BENGAL",3,122.2,87.01472222222222,66.7,0,Ignore
Gadarpur,5,122.1,29.565555555555555,80.0,0,Prioritize for Clearing
"Etah, Etah, UTTAR PRADESH",3,122.1,-3.3361111111111112,33.3,2,Ignore
"Rasra, RASRA, UTTAR PRADESH",4,122.1,94.3186111111111,75.0,0,Ignore
SUPAUL OFFICE,3,122.1,162.71666666666667,66.7,0,Ignore
Belapur,13,122.0,13.588055555555556,46.2,0,Prioritize for Clearing
IRINJALAKUDA,3,121.9,-3.75,33.3,2,Ignore
Namchi,4,121.9,109.78333333333333,50.0,0,Ignore
"VENGARA, Kannur, KERALA",7,121.9,30.65361111111111,71.4,2,Prioritize for Clearing
ELE APEX/SFC PUD,10,121.9,30.641666666666666,70.0,0,Prioritize for Clearing
KRISHNANAGAR,12,121.8,98.275,75.0,0,Prioritize for Clearing
"Goniana, Goniana, PUNJAB",5,121.7,112.82777777777778,100.0,0,Prioritize for Clearing
RAXAUL OFFICE,10,121.7,56.34166666666667,50.0,0,Prioritize for Clearing
Dewas,5,121.7,28.3475,60.0,0,Prioritize for Clearing
DEDH,448,121.7,49.01138888888889,71.9,0,Prioritize for Clearing
"Rajgangpur, Rajgangpur, ORISSA",5,121.6,111.00138888888888,80.0,0,Prioritize for Clearing
ANGR,42,121.6,82.79944444444445,76.2,1,Prioritize for Clearing
WARUD,10,121.6,87.50833333333333,90.0,0,Prioritize for Clearing
"Bhatapura, Bhatapura, CHHATTISGARH",4,121.5,69.87916666666666,75.0,0,Ignore
"Modasa, Modasa, GUJARAT",2,121.5,121.54194444444444,100.0,0,Ignore
"Alipurduar Court, Alipurduar, WEST BENGAL",5,121.5,114.82666666666667,80.0,1,Prioritize for Clearing
"Titwala1, Titwala, MAHARASHTRA",3,121.5,183.64444444444445,66.7,1,Ignore
Basavakalyan,3,121.4,9.603055555555555,33.3,1,Ignore
Bhokardan,2,121.4,121.35430555555556,100.0,0,Ignore
ATTAVARA SERVICE CENTRE,69,121.3,81.88333333333334,66.7,3,Prioritize for Clearing
"JAI/SNG, Jaipur, RAJASTHAN",22,121.1,75.35527777777777,63.6,1,Prioritize for Clearing
"Mandapeta, Mandapeta, ANDHRA PRADESH",8,121.1,8.85125,37.5,0,Prioritize for Clearing
"Mangrol RJ, Mangrol RJ, RAJASTHAN",3,121.0,63.396388888888886,66.7,1,Ignore
Butibori,2,121.0,120.9786111111111,50.0,0,Ignore
"Saltlake-TML, Kolkata, WEST BENGAL",15,121.0,137.99416666666667,53.3,3,Prioritize for Clearing
Madhubani,2,120.9,120.88236111111111,50.0,0,Ignore
GADAG-BETIGERI,9,120.8,37.06666666666667,66.7,3,Prioritize for Clearing
KANPUR AREA OFFICE,121,120.8,36.6,59.5,6,Prioritize for Clearing
"Keshod, Keshod, GUJARAT",3,120.8,11.436111111111112,33.3,1,Ignore
"HYD/JDM, Hyderabad, TELANGANA",30,120.7,26.2125,53.3,0,Prioritize for Clearing
Dharamsala,7,120.7,17.39527777777778,42.9,0,Prioritize for Clearing
PHUSRO OFFICE,3,120.6,159.55,66.7,0,Ignore
"ROHTAK, Rohtak, HARYANA",49,120.5,47.66111111111111,63.3,6,Prioritize for Clearing
"RSC/Siddipet, Siddipet, TELANGANA",7,120.5,90.84833333333333,71.4,2,Prioritize for Clearing
"Bhimavaram, Bhimavaram, ANDHRA PRADESH",4,120.5,123.5411111111111,75.0,0,Ignore
"NOIDA, Delhi NCR, DELHI",77,120.5,35.82888888888889,59.7,4,Prioritize for Clearing
WEST DEL WAREHOUSE,12,120.5,38.391666666666666,66.7,0,Prioritize for Clearing
"DRA/Deoria, Deoria, UTTAR PRADESH",8,120.4,12.475833333333334,37.5,0,Prioritize for Clearing
PARWANOO,3,120.4,86.03333333333333,66.7,0,Ignore
"Najibabad, NAJIBABAD, UTTAR PRADESH",26,120.4,97.78125,76.9,3,Prioritize for Clearing
CIVIL LINE SERVICE CENTRE,78,120.3,89.91666666666666,76.9,5,Prioritize for Clearing
Bhubaneswar,28,120.2,45.64027777777778,57.1,0,Prioritize for Clearing
"Kundapura, Kundapura, KARNATAKA",3,120.2,135.6075,66.7,1,Ignore
PALLIKARNAI,71,120.2,39.333333333333336,64.8,4,Prioritize for Clearing
AIROLI SERVICE CENTRE,39,120.2,51.53333333333333,71.8,3,Prioritize for Clearing
"Kamareddy, Kamareddy, TELANGANA",6,120.1,103.53833333333333,66.7,1,Prioritize for Clearing
"Deesa, Deesa, GUJARAT",7,120.1,27.51972222222222,57.1,0,Prioritize for Clearing
"Conoor, Coonoor, TAMIL NADU",6,120.0,23.27638888888889,50.0,2,Prioritize for Clearing
KALPETTA,2,120.0,119.96388888888889,50.0,0,Ignore
Sillod,5,120.0,42.952222222222225,100.0,0,Prioritize for Clearing
JALORE,10,120.0,65.51666666666667,70.0,0,Prioritize for Clearing
"Triprayar, Triprayar, KERALA",6,120.0,107.79680555555555,100.0,0,Prioritize for Clearing
ADARSH.,6,119.9,104.21666666666665,50.0,1,Prioritize for Clearing
"Akluj, Akluj, MAHARASHTRA",7,119.9,30.815555555555555,71.4,0,Prioritize for Clearing
PALLIPALAYAM,6,119.8,74.19999999999999,100.0,0,Prioritize for Clearing
"Dhodha, Dhodha, CHHATTISGARH",5,119.8,58.82138888888889,60.0,0,Prioritize for Clearing
"Nagod, NAGOD, MADHYA PRADESH",7,119.7,107.51638888888888,100.0,0,Prioritize for Clearing
Durgapur,8,119.6,74.26125,50.0,0,Prioritize for Clearing
DALTONGUNJ,11,119.6,113.41666666666667,63.6,3,Prioritize for Clearing
PATH,468,119.5,39.15777777777778,72.4,16,Prioritize for Clearing
MAPUSA,4,119.5,80.8,100.0,1,Ignore
Adilabad,8,119.5,25.865833333333335,50.0,1,Prioritize for Clearing
JHANJHARPUR OFFICE,6,119.5,75.03333333333333,83.3,0,Prioritize for Clearing
"Sopure, Sopore, JAMMU AND KASHMIR",7,119.4,27.987222222222222,57.1,0,Prioritize for Clearing
MANCHERIAL,11,119.4,86.88333333333334,72.7,0,Prioritize for Clearing
"Trichy/West-TML, Trichy, TAMIL NADU",15,119.4,34.80111111111111,60.0,0,Prioritize for Clearing
BORV,517,119.4,53.733333333333334,67.1,11,Prioritize for Clearing
Nirmal,3,119.4,18.485833333333332,33.3,0,Ignore
AMRT,278,119.3,42.52027777777778,73.0,24,Prioritize for Clearing
MUGALIVAKKAM,49,119.3,41.65,71.4,0,Prioritize for Clearing
TURKA YAMJAL,4,119.3,158.48333333333332,75.0,1,Ignore
"KALIKARI, Piler, ANDHRA PRADESH",8,119.2,76.70527777777778,100.0,0,Prioritize for Clearing
DASUYA,18,119.1,132.79166666666666,66.7,0,Prioritize for Clearing
"PAT/CITY, Patna, BIHAR",6,119.1,55.54416666666666,50.0,2,Prioritize for Clearing
"Dabolim, Goa, GOA",7,119.1,84.92916666666666,85.7,0,Prioritize for Clearing
"CCU/BLA, Kolkata, WEST BENGAL",27,119.1,86.60111111111111,81.5,0,Prioritize for Clearing
KAPASHERA,31,119.1,60.53333333333333,61.3,5,Prioritize for Clearing
"Banki, Banki, ORISSA",2,119.1,119.12597222222222,100.0,0,Ignore
Tanda,6,119.0,103.98736111111111,100.0,0,Prioritize for Clearing
GUWAHATI BELTOLA COD,29,119.0,85.8,86.2,1,Prioritize for Clearing
MAHOBA,13,119.0,86.7,61.5,1,Prioritize for Clearing
LOVELY SERVICE CENTRE,9,118.9,112.96666666666667,88.9,0,Prioritize for Clearing
Sivakasi,3,118.9,19.146944444444443,33.3,0,Ignore
"Challapalli, CHALLAPALLI, ANDHRA PRADESH",3,118.9,39.403888888888886,100.0,0,Ignore
CCJH,119,118.8,35.833888888888886,59.7,10,Prioritize for Clearing
"Kishanganj BH, KISHANGANJ, WEST BENGAL",2,118.8,118.83361111111113,100.0,0,Ignore
Srikakulam,8,118.7,94.64249999999998,50.0,0,Prioritize for Clearing
Nagaon,2,118.7,118.72611111111111,50.0,0,Ignore
"Baruipur, Baruipur, WEST BENGAL",26,118.7,64.10694444444445,57.7,4,Prioritize for Clearing
MLRE,180,118.7,56.74611111111111,73.3,6,Prioritize for Clearing
"OTTUPARA, TRICHUR, KERALA",2,118.6,118.63833333333332,100.0,0,Ignore
Harihar,4,118.6,14.409583333333334,25.0,0,Ignore
"Nizamabad, Nizamabad, TELANGANA",14,118.5,45.526805555555555,50.0,0,Prioritize for Clearing
BILASPUR,104,118.5,80.475,72.1,9,Prioritize for Clearing
"RPR/BHT, Raipur, CHHATTISGARH",30,118.5,20.737499999999997,46.7,3,Prioritize for Clearing
"TIRUVANNAMALAI TN, Tiruvannamalai, TAMIL NADU",4,118.4,101.1725,75.0,0,Ignore
PALGHAT,40,118.4,48.83333333333333,57.5,4,Prioritize for Clearing
BLR APX/SFC PUD CENTRE,57,118.4,27.65,59.6,0,Prioritize for Clearing
"FBD/NIT, Delhi NCR, DELHI",38,118.3,23.175416666666667,50.0,5,Prioritize for Clearing
"Bijapur, Bijapur, KARNATAKA",14,118.3,46.34625,64.3,2,Prioritize for Clearing
"RANGIYA, Rangiya, ASSAM",2,118.2,118.23694444444445,100.0,0,Ignore
SANTOSH NAGAR,10,118.2,70.38333333333333,80.0,0,Prioritize for Clearing
UPPAL PUD CENTRE,3,118.2,137.41666666666666,66.7,0,Ignore
"Peralam, Thanjavur, TAMIL NADU",2,118.1,118.14041666666665,100.0,0,Ignore
THRIPRAYAR,6,118.1,44.86666666666666,66.7,0,Prioritize for Clearing
"NBM/KHA, Navi Mumbai, MAHARASHTRA",16,118.1,120.76819444444445,62.5,2,Prioritize for Clearing
"Ballabgarh, Delhi NCR, DELHI",16,118.0,55.310138888888886,68.8,3,Prioritize for Clearing
Garhwa,2,118.0,117.99458333333334,50.0,0,Ignore
GUWAHATI,121,118.0,66.05,62.8,3,Prioritize for Clearing
Chhatarpur,32,117.9,18.241666666666667,46.9,0,Prioritize for Clearing
"Sevad Bari, Sevad Bari, RAJASTHAN",2,117.8,117.7525,100.0,0,Ignore
GardenReachHub_KOL Kolkata,2,117.8,117.77027777777776,50.0,0,Ignore
Srinagar,8,117.7,72.62222222222222,87.5,1,Prioritize for Clearing
MADHYA MARG OFFICE,59,117.7,17.283333333333335,44.1,5,Prioritize for Clearing
"PNQ/CAM, PUNE, MAHARASHTRA",3,117.7,82.84944444444444,100.0,0,Ignore
"Bicholim Goa, Bicholim, GOA",6,117.6,107.64347222222221,83.3,0,Prioritize for Clearing
"Palus, Palus, MAHARASHTRA",9,117.5,158.87805555555556,77.8,1,Prioritize for Clearing
Bharuch,6,117.5,68.9248611111111,50.0,0,Prioritize for Clearing
Mumbai,852,117.5,22.53472222222222,48.1,22,Prioritize for Clearing
BANAGANAPALLE,4,117.4,52.79694444444445,75.0,0,Ignore
"Dhanbad, Dhanbad, JHARKHAND",46,117.4,89.26013888888889,58.7,3,Prioritize for Clearing
PATIALA,166,117.4,38.06666666666666,66.9,11,Prioritize for Clearing
"Nalagarh, Baddi, HIMACHAL PRADESH",8,117.4,33.23555555555556,50.0,0,Prioritize for Clearing
"RSC/Hanumangarh, Hanumangarh, RAJASTHAN",4,117.4,96.97097222222223,50.0,1,Ignore
HAKIMPET,4,117.3,73.3,50.0,1,Ignore
MANDI DABWALI,7,117.3,83.93333333333334,85.7,0,Prioritize for Clearing
GUTE,182,117.3,46.343611111111116,71.4,7,Prioritize for Clearing
MAHABUBABAD REACH,9,117.2,52.38333333333333,66.7,0,Prioritize for Clearing
Arcot,8,117.2,82.42833333333333,50.0,0,Prioritize for Clearing
"HYD/BRB, Hyderabad, TELANGANA",117,117.2,46.39611111111111,80.3,12,Prioritize for Clearing
"Dumka Bazar, DUMKA, JHARKHAND",2,117.2,117.23541666666667,100.0,0,Ignore
"MAA/MAD-TML, Chennai, TAMIL NADU",31,117.0,37.399166666666666,64.5,4,Prioritize for Clearing
Navapur,2,116.9,116.90986111111113,50.0,0,Ignore
WARDHA ROAD OFFICE,45,116.9,38.983333333333334,51.1,1,Prioritize for Clearing
"DEL/SDE, New Delhi, DELHI",19,116.9,42.905,68.4,2,Prioritize for Clearing
RANIPOOL,4,116.8,46.900000000000006,75.0,0,Ignore
Kangeyam,4,116.8,80.66138888888888,50.0,0,Ignore
AURANGABAD BH UFO,8,116.7,111.24166666666667,62.5,1,Prioritize for Clearing
"Upleta, Upleta, GUJARAT",5,116.7,24.090555555555557,40.0,0,Prioritize for Clearing
KANDIVALI (KNDE),2,116.7,116.67499999999998,100.0,0,Ignore
CHHAPRA OFFICE,16,116.6,102.225,75.0,2,Prioritize for Clearing
SRIRANGAM,4,116.6,108.27499999999999,75.0,0,Ignore
"Gangtok3, GANGTOK, SIKKIM",15,116.5,107.00166666666667,60.0,0,Prioritize for Clearing
"DHARMANAGAR, Dharmanagar, TRIPURA",2,116.5,116.53027777777778,50.0,0,Ignore
BEAWAR,12,116.4,83.525,66.7,3,Prioritize for Clearing
"PANDANAD, Allapey, KERALA",4,116.4,87.87472222222223,75.0,0,Ignore
GHAZIABAD GT RD EXPANSION,37,116.4,28.1,73.0,3,Prioritize for Clearing
GKP WALKIN & COD CENTRE,141,116.4,26.9,53.2,26,Prioritize for Clearing
"Kapadwanj, Kapadwanj, GUJARAT",1,116.4,116.35388888888889,100.0,0,Ignore
TALEGAON,85,116.4,38.25,64.7,5,Prioritize for Clearing
MPC SERVICE CENTRE,19,116.3,90.46666666666667,57.9,0,Prioritize for Clearing
TAHLIWAL,22,116.3,87.59166666666667,68.2,0,Prioritize for Clearing
DAHOD,9,116.3,35.96666666666667,55.6,0,Prioritize for Clearing
Villupuram,2,116.3,116.26333333333334,50.0,0,Ignore
KHAMMAM REACH,24,116.3,43.075,62.5,2,Prioritize for Clearing
"Patratu, Patratu, JHARKHAND",2,116.2,116.22763888888889,50.0,1,Ignore
GARHSHANKER,13,116.2,54.81666666666667,92.3,0,Prioritize for Clearing
"TRL/SA-TNR, Tiruvallur, TAMIL NADU",12,116.2,32.88333333333333,66.7,1,Prioritize for Clearing
OMERGA,7,116.1,84.31666666666666,71.4,0,Prioritize for Clearing
Udalguri,2,116.1,116.12402777777777,100.0,0,Ignore
Kakdwip,5,116.1,21.84611111111111,40.0,0,Prioritize for Clearing
FATEHABAD,10,115.9,101.35,80.0,0,Prioritize for Clearing
NAPAAM,11,115.8,66,63.6,2,Prioritize for Clearing
"Dhariwal, Gurdaspur, PUNJAB",5,115.8,91.78083333333333,80.0,0,Prioritize for Clearing
"Chhapi, Palanpur, GUJARAT",5,115.8,55.560833333333335,60.0,1,Prioritize for Clearing
MANGADU,16,115.7,48.55,68.8,0,Prioritize for Clearing
AJMER,77,115.7,31.3,61.0,13,Prioritize for Clearing
"MADURAI/SOUTH-TML, Madurai, TAMIL NADU",8,115.7,59.87652777777778,75.0,0,Prioritize for Clearing
THIRUVERKADU SFC PUD,8,115.6,110.625,75.0,0,Prioritize for Clearing
PURI,3,115.5,154.5413888888889,66.7,0,Ignore
Buxar,2,115.5,115.46347222222222,50.0,0,Ignore
Bupalpally,4,115.4,49.96319444444444,50.0,0,Ignore
BAGEPALLI,4,115.3,66.19166666666666,75.0,0,Ignore
SURENDRANAGAR,18,115.3,40.21666666666667,83.3,0,Prioritize for Clearing
"Birpara, Birpara, WEST BENGAL",1,115.3,115.30027777777778,100.0,0,Ignore
PEENYA E-TAIL,167,115.3,46.46666666666667,69.5,12,Prioritize for Clearing
CHANDANNAGAR,1,115.3,115.28333333333333,100.0,0,Ignore
Jamshedpur,8,115.3,73.87736111111113,50.0,0,Prioritize for Clearing
BANNERGHATA,247,115.3,39,54.3,15,Prioritize for Clearing
"AMD/NRP, Ahmedabad, GUJARAT",45,115.3,64.12722222222222,68.9,1,Prioritize for Clearing
PURULIA,11,115.3,32.86666666666667,54.5,1,Prioritize for Clearing
KUDAL,11,115.2,32.233333333333334,54.5,1,Prioritize for Clearing
"METPALLY, METPALLY, TELANGANA",4,115.2,63.379444444444445,100.0,0,Ignore
VIJAYPUR,10,115.1,59.59166666666667,70.0,0,Prioritize for Clearing
PEYAD,7,115.0,106.51666666666667,57.1,1,Prioritize for Clearing
Deulgaon Raja,3,115.0,47.67027777777778,66.7,0,Ignore
PNPN,139,115.0,33.57805555555556,61.2,5,Prioritize for Clearing
"Ananthapur, ANANTAPUR, ANDHRA PRADESH",17,115.0,40.86416666666667,58.8,0,Prioritize for Clearing
"Waidhan, Waidhan, MADHYA PRADESH",16,115.0,81.94541666666666,75.0,2,Prioritize for Clearing
GHATSILA,5,115.0,87.38333333333334,80.0,0,Prioritize for Clearing
MALERKOTLA,17,114.9,62.68333333333333,64.7,0,Prioritize for Clearing
"LKO/IDR, Lucknow, UTTAR PRADESH",28,114.8,36.72069444444445,53.6,1,Prioritize for Clearing
"Mhasavad, Borad, MAHARASHTRA",1,114.8,114.83111111111111,100.0,0,Ignore
LALCHOWK SERVICE CENTRE,2,114.8,114.8,100.0,0,Ignore
"BHO/RSN, Bhopal, MADHYA PRADESH",40,114.8,29.722916666666666,60.0,0,Prioritize for Clearing
KADI,9,114.8,86.7,88.9,0,Prioritize for Clearing
DWRK,537,114.7,29.860833333333332,54.2,12,Prioritize for Clearing
KHUTAR,3,114.7,27.686944444444446,66.7,0,Ignore
"HYD/BRG-TML, Hyderabad, TELANGANA",7,114.6,28.65361111111111,71.4,2,Prioritize for Clearing
MKPV,203,114.6,40.4975,65.0,8,Prioritize for Clearing
"Mapusa, Mapusa Goa, GOA",5,114.6,106.68833333333333,80.0,0,Prioritize for Clearing
"Ranjangaon MIDC, Ranjangaon, MAHARASHTRA",1,114.6,114.61138888888888,100.0,0,Ignore
"Mahisgaon, Mahisgaon, MAHARASHTRA",2,114.6,114.58847222222222,100.0,0,Ignore
"MAA/KKN-TML, Chennai, TAMIL NADU",15,114.5,107.15416666666667,66.7,1,Prioritize for Clearing
"Chikodi, CHIKODI, KARNATAKA",4,114.5,63.01986111111111,100.0,0,Ignore
Badheri,4,114.5,83.255,75.0,0,Ignore
"Purnia1, Purnia, BIHAR",1,114.5,114.50638888888889,100.0,0,Ignore
"LKO/HZG, Lucknow, UTTAR PRADESH",19,114.5,63.785833333333336,68.4,1,Prioritize for Clearing
Chirala,10,114.4,25.68472222222222,50.0,0,Prioritize for Clearing
"Phagi, Phagi, RAJASTHAN",2,114.4,114.43791666666668,50.0,0,Ignore
Jaisinghpur,2,114.3,114.32249999999999,100.0,0,Ignore
"DDN/PTL, Dehradun, UTTARAKHAND",69,114.3,19.23,47.8,2,Prioritize for Clearing
"Ron, RON, KARNATAKA",1,114.3,114.32611111111112,100.0,0,Ignore
DEHRA,5,114.2,66.03333333333333,80.0,1,Prioritize for Clearing
Kolathur,4,114.2,89.78097222222223,100.0,0,Ignore
"Machiwara, MACHIWARA, PUNJAB",5,114.2,86.64166666666667,80.0,1,Prioritize for Clearing
"Dankuni, Dankuni, WEST BENGAL",2,114.2,114.17319444444445,100.0,0,Ignore
Abhayapuri,2,114.2,114.19861111111112,100.0,0,Ignore
"NHLN, Naharlagun, ARUNACHAL PRADESH",9,114.1,89.1438888888889,100.0,0,Prioritize for Clearing
KADUTHURUTHY,6,114.1,44.03333333333333,50.0,0,Prioritize for Clearing
Bakloh,2,114.1,114.07444444444444,50.0,0,Ignore
GANGTOK OFFICE,43,114.1,46.45,67.4,5,Prioritize for Clearing
ATTAPUR,6,114.1,42.91666666666667,50.0,1,Prioritize for Clearing
"CJB/EDP-TML, Coimbatore, TAMIL NADU",10,114.0,84.46208333333334,70.0,2,Prioritize for Clearing
"Lohardaga, LOHARDAGA, JHARKHAND",2,113.9,113.8851388888889,50.0,0,Ignore
"Kishanganj RJ, Kishanganj RJ, RAJASTHAN",1,113.9,113.86833333333334,100.0,0,Ignore
Krishna,4,113.9,84.71375,50.0,0,Ignore
"Dehgam, Dehgam, GUJARAT",1,113.8,113.75083333333333,100.0,0,Ignore
MANESAR (MANN),16,113.8,129.95819444444444,100.0,0,Prioritize for Clearing
CHERUKUNNU,3,113.7,112.18333333333334,100.0,0,Ignore
DIBRUGARH,30,113.7,88.175,73.3,0,Prioritize for Clearing
AHMEDNAGAR,32,113.7,49.1,68.8,0,Prioritize for Clearing
WTFD,760,113.7,48.23083333333334,69.1,26,Prioritize for Clearing
Kasaragod,10,113.7,57.92402777777777,60.0,0,Prioritize for Clearing
CHHAYGAON,5,113.7,135.83333333333334,60.0,1,Prioritize for Clearing
Mandsaur,4,113.6,82.34569444444445,50.0,0,Ignore
"Sagarcity, Sagarcity, KARNATAKA",3,113.6,8.276944444444444,33.3,1,Ignore
NEW TOWN SERVICE CENTRE,47,113.6,41.833333333333336,53.2,1,Prioritize for Clearing
"MAA/ROY-TML, Chennai, TAMIL NADU",38,113.5,53.87361111111112,76.3,2,Prioritize for Clearing
"Mandrem, Pernem, GOA",10,113.5,65.14430555555556,50.0,5,Prioritize for Clearing
"AMD/RKL, Ahmedabad, GUJARAT",22,113.5,20.21,45.5,3,Prioritize for Clearing
NOIDA E-TAIL CENTRE,166,113.5,30.28333333333333,55.4,8,Prioritize for Clearing
"GAU/SML, Guwahati, ASSAM",17,113.5,65.06861111111111,58.8,1,Prioritize for Clearing
"GOSSAIGAON, Gossaigaon, ASSAM",2,113.4,113.44097222222223,50.0,0,Ignore
"CHARUMOOD, CHARUMOOD, KERALA",3,113.4,85.49555555555555,66.7,1,Ignore
PILANI VK PLAZA,13,113.4,88.38333333333334,61.5,0,Prioritize for Clearing
"AMBUR, AMBUR, TAMIL NADU",7,113.3,12.748055555555556,42.9,0,Prioritize for Clearing
Kendrapada,2,113.3,113.27458333333334,50.0,0,Ignore
Nawada,4,113.3,100.83500000000001,75.0,0,Ignore
ALMORA,11,113.3,41.733333333333334,63.6,1,Prioritize for Clearing
Navsari,23,113.2,14.196388888888889,43.5,1,Prioritize for Clearing
GOPESHWAR,1,113.2,113.15,100.0,0,Ignore
"Gudivada1, Gudivada, ANDHRA PRADESH",1,113.2,113.2238888888889,100.0,0,Ignore
TUNI,1,113.1,113.13333333333334,100.0,0,Ignore
WANAPARTHY,7,113.0,59.03333333333333,71.4,0,Prioritize for Clearing
CHIKKAMAGALURU,26,113.0,34.71666666666667,57.7,2,Prioritize for Clearing
Bankura,5,113.0,9.421944444444444,40.0,0,Prioritize for Clearing
"Samana, Patiala, PUNJAB",21,112.9,88.45666666666666,66.7,0,Prioritize for Clearing
LAKHNA,1,112.9,112.88444444444444,100.0,0,Ignore
SOUTH DEL WAREHOUSE,30,112.9,34.71666666666667,53.3,0,Prioritize for Clearing
ElasticRunDumdumODH_KOL Kolkata,6,112.8,7.813888888888889,33.3,0,Prioritize for Clearing
CHANDRAPUR,44,112.8,54.05833333333334,81.8,0,Prioritize for Clearing
"Rampur_UP1, Rampur, UTTAR PRADESH",3,112.8,42.594722222222224,66.7,1,Ignore
"Muri, MURI, JHARKHAND",2,112.8,112.82847222222222,50.0,0,Ignore
GANDHIDHAM,45,112.8,28.016666666666666,60.0,0,Prioritize for Clearing
"Ambala, AMBALA, HARYANA",33,112.8,39.54222222222222,72.7,2,Prioritize for Clearing
"BBN/MIE, Bhubaneswar, ORISSA",8,112.7,82.81347222222223,100.0,0,Prioritize for Clearing
"CHITTOOR, Chittoor, ANDHRA PRADESH",2,112.7,112.70958333333334,100.0,0,Ignore
"Modinagar, Modinagar, UTTAR PRADESH",4,112.7,88.09569444444445,50.0,1,Ignore
SARNATH,16,112.7,41.10000000000001,50.0,0,Prioritize for Clearing
LATUR,46,112.7,56.36805555555556,60.9,6,Prioritize for Clearing
"Maharajganj1, Maharajganj, UTTAR PRADESH",6,112.5,82.2775,66.7,0,Prioritize for Clearing
"Mohammadabad, MOHAMMADABAD, UTTAR PRADESH",12,112.5,76.18972222222222,50.0,0,Prioritize for Clearing
DHEKIAJULI,8,112.5,82.83333333333333,100.0,0,Prioritize for Clearing
"Kaladanga, kaladanga, WEST BENGAL",3,112.5,89.59722222222223,66.7,1,Ignore
JORHAT,30,112.4,61.325,66.7,0,Prioritize for Clearing
"Hatadihi, HATADIHI, ORISSA",3,112.4,51.3675,66.7,0,Ignore
JVKN,129,112.4,47.854166666666664,63.6,13,Prioritize for Clearing
ZKPR,416,112.4,31.548055555555557,55.0,19,Prioritize for Clearing
"HYD/OLD, Hyderabad, TELANGANA",24,112.3,26.421805555555558,58.3,3,Prioritize for Clearing
"VIL/SA-VPM, VILLUPURAM, TAMIL NADU",3,112.3,37.4875,100.0,0,Ignore
Nirsa,2,112.3,112.26,50.0,0,Ignore
Gudiyattam,14,112.3,20.85111111111111,42.9,1,Prioritize for Clearing
TOWN MINI HUB,2,112.2,112.21666666666667,50.0,0,Ignore
Tirupati,17,112.2,24.475555555555555,47.1,0,Prioritize for Clearing
SOMWERPET,1,112.1,112.11666666666666,100.0,0,Ignore
"Makhu, Zira, PUNJAB",1,112.1,112.0525,100.0,0,Ignore
"Domahani Bazar, Domahani, WEST BENGAL",1,112.1,112.05472222222222,100.0,0,Ignore
SAHARANPUR,5,112.0,155.56083333333333,60.0,0,Prioritize for Clearing
Karim Nagar,3,112.0,19.70861111111111,33.3,0,Ignore
TIRUVANNAMALAI,8,112.0,109.38333333333334,100.0,0,Prioritize for Clearing
"Jhalawar, Jhalawar, RAJASTHAN",4,111.9,22.524722222222223,25.0,0,Ignore
"PAT/PCK, Patna, BIHAR",16,111.9,90.37527777777778,68.8,2,Prioritize for Clearing
Tarikere,3,111.9,51.794444444444444,66.7,0,Ignore
"Kamakhyanagar, KAMAKHYANAGAR ORRISSA, ORISSA",2,111.8,111.82986111111111,50.0,0,Ignore
"CHIKKAMAGALUR, Chikkamagalur, KARNATAKA",8,111.8,9.356388888888889,37.5,1,Prioritize for Clearing
Chhindwara,5,111.7,12.578055555555556,40.0,0,Prioritize for Clearing
Suryapet,3,111.7,24.79611111111111,66.7,1,Ignore
DHUPGURI,1,111.6,111.58333333333333,100.0,0,Ignore
"Morgram, SAGARDIGHI, WEST BENGAL",5,111.5,48.16277777777778,60.0,0,Prioritize for Clearing
Palwal,5,111.5,50.576388888888886,60.0,2,Prioritize for Clearing
Jaora,2,111.5,111.50888888888888,50.0,0,Ignore
"JODHPUR, Jodhpur, RAJASTHAN",132,111.4,20.728749999999998,47.7,4,Prioritize for Clearing
Rewalsar,2,111.4,111.44541666666666,50.0,0,Ignore
"Shahabad, SHAHABAD, HARYANA",3,111.4,86.66555555555556,100.0,0,Ignore
AREEKODE,10,111.3,21.066666666666666,40.0,1,Prioritize for Clearing
CNVS,52,111.3,63.40694444444445,59.6,1,Prioritize for Clearing
"Kherli, Kherli, RAJASTHAN",2,111.3,111.29249999999999,100.0,0,Ignore
"MAA/TVD-TML, Chennai, TAMIL NADU",15,111.2,87.2911111111111,86.7,1,Prioritize for Clearing
"Narayanpur CG, NARAYANPUR CG, CHHATTISGARH",3,111.1,35.155,66.7,0,Ignore
"NIPPANI, Nipani, KARNATAKA",6,111.1,77.76763888888888,66.7,0,Prioritize for Clearing
DAMMAIGUDA,29,111.1,65.25,72.4,4,Prioritize for Clearing
"NLR/NTR, Nellore, ANDHRA PRADESH",10,111.0,14.769166666666667,40.0,1,Prioritize for Clearing
SANKARANKOIL,1,111.0,111.03333333333333,100.0,0,Ignore
BETIAH ULTRA FRUGAL,8,111.0,57.15,75.0,0,Prioritize for Clearing
JAIPUR MANSAROVAR,57,110.9,69.86666666666666,66.7,6,Prioritize for Clearing
Tiruvannamalai,5,110.9,30.13111111111111,60.0,0,Prioritize for Clearing
"Irinjalakuda, Irinjalakuda, KERALA",7,110.9,47.520833333333336,85.7,0,Prioritize for Clearing
DINDORI,3,110.9,111.58333333333333,100.0,0,Ignore
MANGALDOI,1,110.9,110.93333333333334,100.0,0,Ignore
"PAT/PWS, Patna, BIHAR",16,110.8,77.4325,68.8,4,Prioritize for Clearing
krishna,6,110.8,36.42458333333333,50.0,0,Prioritize for Clearing
INF SERVICE CENTRE,30,110.7,32.108333333333334,53.3,2,Prioritize for Clearing
Junagarh,4,110.7,41.099722222222226,50.0,0,Ignore
Belgaum,22,110.7,12.445277777777777,36.4,1,Prioritize for Clearing
TEZPUR,13,110.7,81.53333333333333,61.5,0,Prioritize for Clearing
Kadi,2,110.7,110.70930555555556,100.0,0,Ignore
"Jagraon, Jagraon, PUNJAB",6,110.6,113.36666666666667,66.7,1,Prioritize for Clearing
"Nohar, Nohar, RAJASTHAN",5,110.6,42.89277777777778,80.0,1,Prioritize for Clearing
"Waraseoni, WARASEONI, MADHYA PRADESH",10,110.6,84.64986111111111,60.0,0,Prioritize for Clearing
"ParliVaijnath, Parli Vaijnath, MAHARASHTRA",1,110.6,110.57055555555556,100.0,0,Ignore
"Varanasi, VARANASI, UTTAR PRADESH",20,110.5,70.74416666666667,55.0,7,Prioritize for Clearing
Ananthapur,13,110.5,12.068888888888889,46.2,0,Prioritize for Clearing
SPET,433,110.4,40.1,65.6,11,Prioritize for Clearing
BOPAL SVC,88,110.4,37.84166666666667,55.7,8,Prioritize for Clearing
Pichatur,2,110.3,110.28083333333335,50.0,0,Ignore
BHAGA BAZAR,2,110.3,110.25,100.0,2,Ignore
LAHAR,2,110.3,110.3286111111111,50.0,0,Ignore
BDDN,15,110.3,22.690555555555555,46.7,5,Prioritize for Clearing
HOSADURGA,2,110.3,110.25833333333334,100.0,0,Ignore
"Gadag1, Gadag, KARNATAKA",8,110.3,40.521527777777784,50.0,0,Prioritize for Clearing
SHEOPUR,2,110.3,110.31666666666666,100.0,0,Ignore
TADEPALLIGUDEM REACH,8,110.2,41.6,62.5,1,Prioritize for Clearing
"MAA/MDM-TML, Chennai, TAMIL NADU",9,110.2,52.575,66.7,0,Prioritize for Clearing
Kantatolli,6,110.2,70.98458333333333,50.0,0,Prioritize for Clearing
KARSOG,1,110.2,110.21666666666667,100.0,0,Ignore
BHUBANESWAR,85,110.2,90.18333333333334,54.1,15,Prioritize for Clearing
"GOA/MRG, Goa, GOA",35,110.1,63.128055555555555,82.9,0,Prioritize for Clearing
GODDA OFFICE,5,110.1,92.46666666666667,80.0,0,Prioritize for Clearing
UTANGARAI,8,110.1,22.047222222222224,37.5,0,Prioritize for Clearing
Bikaner,4,110.1,101.22666666666666,50.0,0,Ignore
RANIPET,23,110.0,89.26666666666667,78.3,2,Prioritize for Clearing
GAUAIRPORT SERVICE CENTRE,15,110.0,36.5,66.7,0,Prioritize for Clearing
NARAYANGAON,4,110.0,32.2,50.0,2,Ignore
Vadodara,114,109.9,29.75111111111111,52.6,1,Prioritize for Clearing
SHRIGONDA,1,109.9,109.91666666666667,100.0,0,Ignore
"Baripada, BARIPADA, ORISSA",11,109.8,16.8025,45.5,0,Prioritize for Clearing
"TRP/RPM-TML, Tirupur, TAMIL NADU",2,109.8,109.77166666666666,50.0,0,Ignore
"Kothagudem, Kothagudem, TELANGANA",3,109.8,86.8675,100.0,0,Ignore
"Fatehpur RJ, Jhunjhunu, RAJASTHAN",8,109.7,23.97347222222222,50.0,1,Prioritize for Clearing
Bhind,2,109.6,109.61361111111111,50.0,0,Ignore
VERNA,5,109.6,113.18333333333334,100.0,0,Prioritize for Clearing
KANIMANGALAM,29,109.6,33.85,69.0,4,Prioritize for Clearing
"JAI/ADA, Jaipur, RAJASTHAN",11,109.6,85.58111111111111,54.5,1,Prioritize for Clearing
PANVEL WAREOUSE,12,109.5,62.575,83.3,0,Prioritize for Clearing
KOM SERVICE CENTRE,87,109.5,41.3,57.5,4,Prioritize for Clearing
VAPI WAREHOUSE,25,109.5,24.816666666666666,52.0,1,Prioritize for Clearing
RAIPUR (RPUR),1,109.4,109.41888888888889,100.0,0,Ignore
"Meham2, Meham, HARYANA",5,109.3,20.108055555555556,40.0,1,Prioritize for Clearing
Gudiwada,4,109.2,102.32388888888889,75.0,0,Ignore
"Baramati1, Baramati, MAHARASHTRA",4,109.2,45.59555555555555,75.0,0,Ignore
AVADI,49,109.1,21.066666666666666,44.9,4,Prioritize for Clearing
KAMOTHE,32,109.1,67.00833333333333,56.3,4,Prioritize for Clearing
NAWADA OFFICE,6,109.1,62.383333333333326,66.7,2,Prioritize for Clearing
"DIPHU, Diphu, ASSAM",5,109.0,59.15888888888889,80.0,0,Prioritize for Clearing
CHAMPION WAREHOUSE,332,109.0,28.566666666666666,51.8,7,Prioritize for Clearing
Bulandshahr,4,109.0,9.725,25.0,1,Ignore
"IDR/IDR, Indore, MADHYA PRADESH",70,109.0,45.56638888888889,55.7,7,Prioritize for Clearing
BIJNORE,61,109.0,28.6,70.5,1,Prioritize for Clearing
"Gokak1, Gokak, KARNATAKA",3,108.9,50.58166666666666,100.0,0,Ignore
MPUM,159,108.9,54.687777777777775,74.8,8,Prioritize for Clearing
VIKAS NAGAR,19,108.9,49.233333333333334,68.4,0,Prioritize for Clearing
"Aishbagh, Lucknow, UTTAR PRADESH",10,108.8,60.600416666666675,70.0,1,Prioritize for Clearing
ODDANCHATRAM,2,108.8,108.84166666666667,100.0,0,Ignore
"Sanquelim, Goa, GOA",3,108.8,42.27305555555556,100.0,0,Ignore
KOLAR,16,108.8,26.791666666666664,50.0,3,Prioritize for Clearing
KRISHNAGIRI,14,108.8,26.416666666666664,64.3,1,Prioritize for Clearing
"Amaravila, Neyyattinkara, KERALA",6,108.8,83.20111111111112,83.3,0,Prioritize for Clearing
"KOTTAYAM, Kottayam, KERALA",6,108.8,84.69583333333334,50.0,0,Prioritize for Clearing
"Gajrola, Gajrola, UTTAR PRADESH",8,108.8,27.15902777777778,50.0,0,Prioritize for Clearing
"Nikkian, Jammu, JAMMU AND KASHMIR",3,108.7,88.26916666666666,100.0,0,Ignore
"Thanjavur, Thanjavur, TAMIL NADU",5,108.7,61.1125,100.0,0,Prioritize for Clearing
"Kotagiri, Kotigiri, TAMIL NADU",5,108.6,22.0975,40.0,0,Prioritize for Clearing
"Baran, Baran, RAJASTHAN",4,108.6,20.078194444444442,25.0,1,Ignore
Shahpur,5,108.6,30.958055555555557,60.0,0,Prioritize for Clearing
"Punpun1, Punpun, BIHAR",1,108.5,108.54777777777778,100.0,0,Ignore
"VAPI, Vapi, GUJARAT",13,108.5,63.54972222222222,92.3,1,Prioritize for Clearing
"Halena, HALENA, RAJASTHAN",3,108.5,25.440555555555555,66.7,0,Ignore
BHUBANESWAR  PUD (BBNE),4,108.5,103.44999999999999,75.0,0,Ignore
Godavarikhani,7,108.5,10.062777777777777,42.9,0,Prioritize for Clearing
Karimnagar,13,108.5,17.357222222222223,38.5,0,Prioritize for Clearing
"Belpahar, Belpahar, ORISSA",1,108.4,108.44944444444444,100.0,0,Ignore
TASGAON,3,108.4,65.66666666666667,100.0,0,Ignore
GNON,14,108.4,59.26027777777778,64.3,0,Prioritize for Clearing
GHAZIABAD,196,108.4,24.208333333333332,49.5,9,Prioritize for Clearing
KANNUR COUNTER,9,108.4,27,66.7,1,Prioritize for Clearing
"Shahapur, Shahapur, KARNATAKA",3,108.4,37.23638888888889,100.0,0,Ignore
BAMNOLI TEMP,15,108.3,63.733333333333334,86.7,2,Prioritize for Clearing
"Dawrka, Dwarka, GUJARAT",4,108.3,42.54111111111111,50.0,0,Ignore
"Jhumri Telaiya, JHUMRITILEIYA, JHARKHAND",4,108.3,56.44569444444445,50.0,2,Ignore
"BHO/LGT-TML, Bhopal, MADHYA PRADESH",29,108.3,79.86666666666666,79.3,3,Prioritize for Clearing
"Burhar, Shahdol, MADHYA PRADESH",4,108.3,76.79111111111112,75.0,0,Ignore
"Barbil, Barbil, ORISSA",6,108.2,97.06277777777777,100.0,0,Prioritize for Clearing
ICHCHAPURAM,2,108.2,108.15833333333333,50.0,0,Ignore
"Chakkarakkal, Kannur, KERALA",1,108.2,108.16333333333333,100.0,0,Ignore
Mysore,22,108.2,20.16236111111111,45.5,0,Prioritize for Clearing
"BIJAYNAGAR, Bijaynagar, ASSAM",9,108.2,100.5188888888889,88.9,0,Prioritize for Clearing
BHANDUP HUB,15,108.1,60.5,66.7,1,Prioritize for Clearing
Akota,4,108.1,78.63819444444445,75.0,0,Ignore
"Kotma, Kotma, MADHYA PRADESH",3,108.1,77.13138888888889,66.7,1,Ignore
NADIAD,61,108.0,33.75,57.4,5,Prioritize for Clearing
Guskhara,2,108.0,107.95861111111113,50.0,0,Ignore
TALCHER,9,107.9,30.8,55.6,1,Prioritize for Clearing
Manipal,22,107.9,30.782777777777778,59.1,0,Prioritize for Clearing
Molakalmuru,2,107.8,107.8375,50.0,0,Ignore
GREATER NOIDA (GRND),4,107.8,32.300555555555555,75.0,0,Ignore
Bhopal,50,107.7,20.259166666666665,38.0,5,Prioritize for Clearing
"Gumia, Gumia, JHARKHAND",1,107.7,107.66916666666667,100.0,0,Ignore
Kanchipuram,7,107.7,21.460833333333333,42.9,0,Prioritize for Clearing
Alathur,11,107.6,25.04611111111111,54.5,0,Prioritize for Clearing
BATALA,20,107.6,84.43333333333334,70.0,4,Prioritize for Clearing
TADEPALLI,9,107.5,69.11666666666666,66.7,0,Prioritize for Clearing
"Dehugaon, PUNE, MAHARASHTRA",3,107.4,23.87638888888889,33.3,0,Ignore
Debagram,2,107.4,107.43972222222223,50.0,0,Ignore
Chinsurah,1,107.3,107.25305555555556,100.0,0,Ignore
CROSSING REPUBLIC,79,107.3,26.416666666666668,50.6,8,Prioritize for Clearing
"Konni, Pathanamthitta, KERALA",7,107.3,94.86138888888888,85.7,0,Prioritize for Clearing
"Boita, BAITA BAZAR, WEST BENGAL",2,107.2,107.20680555555555,100.0,0,Ignore
KAHALGAON OFFICE,2,107.2,107.2,50.0,0,Ignore
ETAIL PANVEL WAREHOUSE,76,107.2,52.266666666666666,65.8,2,Prioritize for Clearing
"Ambad MIDC, Nashik, MAHARASHTRA",1,107.2,107.18833333333333,100.0,0,Ignore
"Mukerian1, Mukerian, PUNJAB",1,107.1,107.07,100.0,0,Ignore
MANALI,13,107.1,89.58333333333333,61.5,3,Prioritize for Clearing
"NALBARI, Nalbari, ASSAM",2,107.1,107.11444444444444,100.0,0,Ignore
Karaikal,7,107.1,36.92444444444445,57.1,0,Prioritize for Clearing
Basirhat,2,107.0,106.97486111111111,50.0,0,Ignore
purnia,2,106.9,106.91305555555556,50.0,0,Ignore
Samba,3,106.9,24.81972222222222,66.7,0,Ignore
ERNAKULAM,39,106.9,61.63333333333333,59.0,6,Prioritize for Clearing
JHARSUGUDA,49,106.9,49.85,63.3,4,Prioritize for Clearing
PURNEA OFFICE,10,106.9,99.225,60.0,4,Prioritize for Clearing
PATALGANGA,7,106.8,113.08333333333333,57.1,0,Prioritize for Clearing
Anand,10,106.8,11.587916666666667,30.0,1,Prioritize for Clearing
DEVANHALLI,34,106.8,23.9,50.0,3,Prioritize for Clearing
"BLR/HSKT-TML, BANGALORE, KARNATAKA",3,106.8,136.52916666666667,66.7,0,Ignore
Hura,1,106.8,106.84583333333333,100.0,0,Ignore
hyderabad,14,106.7,32.07805555555555,57.1,0,Prioritize for Clearing
"BHO/KLR, Bhopal, MADHYA PRADESH",20,106.6,30.82638888888889,55.0,4,Prioritize for Clearing
DEBAGARH OFFICE,5,106.6,29.366666666666667,60.0,0,Prioritize for Clearing
Kartarpur,1,106.6,106.58277777777778,100.0,0,Ignore
CPHG,30,106.5,55.96944444444445,86.7,2,Prioritize for Clearing
KHED CITY,8,106.4,28.35,50.0,0,Prioritize for Clearing
"Kurkheda, Kurkhude, MAHARASHTRA",5,106.4,52.76166666666666,100.0,0,Prioritize for Clearing
SUJANGARH,4,106.3,89.08333333333334,75.0,0,Ignore
CALP,46,106.3,66.35791666666667,80.4,1,Prioritize for Clearing
PUNE,41,106.3,23.550555555555555,46.3,3,Prioritize for Clearing
"Jharsuguda, Jharsuguda, ORISSA",5,106.1,63.37833333333333,60.0,0,Prioritize for Clearing
"Bijbehara, Awantipur, JAMMU AND KASHMIR",2,106.1,106.11375000000001,100.0,0,Ignore
EAST GODAVARI,11,106.1,82.46138888888889,54.5,1,Prioritize for Clearing
"ALLAHABAD, Allahabad, UTTAR PRADESH",8,106.0,44.251111111111115,50.0,2,Prioritize for Clearing
"JMU/SHN, Jammu, JAMMU AND KASHMIR",9,106.0,108.61111111111111,55.6,2,Prioritize for Clearing
Thrissur,27,106.0,32.68694444444444,55.6,0,Prioritize for Clearing
"SHILLONG, Shillong, MEGHALAYA",17,105.9,65.57833333333333,82.4,1,Prioritize for Clearing
SARKHEJ PUD,61,105.9,32.5,62.3,1,Prioritize for Clearing
THALAYOLAPARAMBU,10,105.9,81.175,80.0,0,Prioritize for Clearing
KINATHUKADAVU,5,105.9,23.783333333333335,40.0,0,Prioritize for Clearing
"Chikiti, Chikiti, ORISSA",4,105.8,42.29208333333334,75.0,0,Ignore
Silvassa,2,105.8,105.80583333333334,50.0,0,Ignore
"Siliguri, SILIGURI, WEST BENGAL",14,105.8,34.305277777777775,57.1,1,Prioritize for Clearing
"Muthukulathur, MUTHUKULATHUR, TAMIL NADU",4,105.8,105.79402777777779,100.0,0,Ignore
AMTALA BDEL,20,105.7,99.125,75.0,4,Prioritize for Clearing
"Firozabad1, Firozabad, UTTAR PRADESH",6,105.7,18.071944444444448,33.3,1,Prioritize for Clearing
"Bharatpur, Bharatpur, RAJASTHAN",24,105.7,13.4175,45.8,1,Prioritize for Clearing
BEED,27,105.6,29.05,59.3,0,Prioritize for Clearing
SARKAGHAT,16,105.6,27.808333333333334,56.3,0,Prioritize for Clearing
"Jamkhed, Jamkhed, MAHARASHTRA",6,105.5,111.80347222222223,66.7,2,Prioritize for Clearing
COTTON GREEN,313,105.5,29.65,57.2,12,Prioritize for Clearing
Temple city,18,105.5,27.373333333333335,50.0,0,Prioritize for Clearing
SHILLONG OFFICE,30,105.5,64.14166666666667,80.0,2,Prioritize for Clearing
KOTKAPURA,9,105.4,64.75,66.7,2,Prioritize for Clearing
PATNA,14,105.3,39.776805555555555,50.0,0,Prioritize for Clearing
Pudhuchery,4,105.3,70.69388888888889,50.0,0,Ignore
"Kannauj1, Kannauj, UTTAR PRADESH",4,105.3,95.80083333333333,50.0,1,Ignore
"Agarmalwa, Agarmalwa, MADHYA PRADESH",2,105.3,105.32388888888889,100.0,0,Ignore
GACHIBOWLI PUD,5,105.2,74.2,60.0,0,Prioritize for Clearing
SANAND,7,105.1,89.53333333333333,71.4,0,Prioritize for Clearing
"NEENDAKARA, NEENDAKARA, KERALA",1,105.1,105.09194444444445,100.0,0,Ignore
Bhagalpur,12,105.1,25.397777777777776,50.0,0,Prioritize for Clearing
MALDA COD CENTRE,22,105.1,55.13333333333333,86.4,0,Prioritize for Clearing
BODELI,7,105.1,87.46805555555555,100.0,0,Prioritize for Clearing
Libra,2,105.0,104.96986111111111,50.0,0,Ignore
Vellore,13,105.0,14.2375,38.5,1,Prioritize for Clearing
"Abhanpur, ABHANPUR, CHHATTISGARH",3,105.0,36.92861111111111,66.7,1,Ignore
Kathora,22,105.0,18.95638888888889,45.5,0,Prioritize for Clearing
SARAVANAMPATTY,26,104.9,29.333333333333332,57.7,0,Prioritize for Clearing
Ratanpur,6,104.9,92.80708333333334,66.7,0,Prioritize for Clearing
"Sidhi, Sidhi, MADHYA PRADESH",6,104.9,38.80416666666667,50.0,0,Prioritize for Clearing
"GAU/JLK, Guwahati, ASSAM",10,104.8,36.55055555555556,70.0,1,Prioritize for Clearing
NARMADAPURAM,3,104.7,89.08333333333333,100.0,0,Ignore
Chandrakona,2,104.6,104.63874999999999,50.0,0,Ignore
"JMD/SNR, Jamshedpur, JHARKHAND",31,104.5,30.153055555555557,58.1,2,Prioritize for Clearing
"BOM/SA-Kurla1, Mumbai, MAHARASHTRA",5,104.5,40.549166666666665,60.0,1,Prioritize for Clearing
"GAU/BGH, Guwahati, ASSAM",28,104.5,33.97208333333333,57.1,0,Prioritize for Clearing
KARWAR,11,104.5,27.266666666666666,54.5,3,Prioritize for Clearing
"Pithampur, Pithampur, MADHYA PRADESH",9,104.5,62.87916666666667,77.8,2,Prioritize for Clearing
GANAUR,9,104.5,23.816666666666666,44.4,0,Prioritize for Clearing
BSGD,323,104.5,36.28944444444444,66.3,6,Prioritize for Clearing
JAIPUR KANOTA,18,104.4,39.65833333333333,77.8,1,Prioritize for Clearing
Firozabad,5,104.4,16.031111111111112,40.0,0,Prioritize for Clearing
"Katol, Katol, MAHARASHTRA",3,104.3,18.58138888888889,33.3,0,Ignore
CHITTOOR,18,104.2,51.641666666666666,61.1,2,Prioritize for Clearing
Bokaro,8,104.2,16.238333333333333,37.5,0,Prioritize for Clearing
ALIBAUG,11,104.2,113,54.5,4,Prioritize for Clearing
Dantewara,7,104.1,51.23722222222222,85.7,1,Prioritize for Clearing
MAVELIKARA,15,104.1,36.05,66.7,0,Prioritize for Clearing
"BHAGALPUR, Bhagalpur, BIHAR",28,104.1,55.342777777777776,60.7,5,Prioritize for Clearing
Gandhinagar,17,104.1,22.404166666666665,47.1,0,Prioritize for Clearing
"Noormahal, NoorMahal, PUNJAB",3,104.1,51.61833333333333,66.7,0,Ignore
PARWADA,9,104.0,32.6,66.7,0,Prioritize for Clearing
"Proddutur, Proddatur, ANDHRA PRADESH",4,104.0,46.76930555555556,75.0,0,Ignore
Bongaigaon,2,103.8,103.76694444444445,50.0,0,Ignore
"PNQ/NGD, PUNE, MAHARASHTRA",25,103.8,31.246944444444445,52.0,0,Prioritize for Clearing
PANAGUDI,4,103.8,68.71666666666667,100.0,0,Ignore
ANGAMALLY,18,103.8,88.08333333333333,66.7,2,Prioritize for Clearing
MUNGER OFFICE,10,103.7,61.41666666666667,70.0,2,Prioritize for Clearing
"MAIRANGBAH, Mairangbah, MEGHALAYA",3,103.7,35.74888888888889,66.7,0,Ignore
Pupri,2,103.7,103.72166666666666,100.0,0,Ignore
KAKINADA,14,103.6,9.370972222222221,35.7,0,Prioritize for Clearing
"Miramar, Goa, GOA",19,103.6,90.18611111111112,84.2,1,Prioritize for Clearing
HOWRAH,10,103.6,19.468194444444443,40.0,0,Prioritize for Clearing
"BLR/BTM-TML, BANGALORE, KARNATAKA",21,103.6,37.349444444444444,57.1,1,Prioritize for Clearing
BOSM,8,103.5,75.81402777777778,75.0,0,Prioritize for Clearing
Ajnala,6,103.5,80.27000000000001,66.7,0,Prioritize for Clearing
"K R Nagar, K R NAGAR, KARNATAKA",7,103.5,78.18638888888889,71.4,0,Prioritize for Clearing
RHNI,778,103.5,21.201666666666668,42.5,16,Prioritize for Clearing
TARANTARAN,13,103.4,30.883333333333333,61.5,0,Prioritize for Clearing
"Rohru, Rohru, HIMACHAL PRADESH",4,103.4,57.339166666666664,100.0,0,Ignore
"DEL/GPM, Delhi NCR, DELHI",12,103.4,41.63236111111111,50.0,1,Prioritize for Clearing
GACHIBOWLI E-TAIL CENTRE,12,103.3,43.70833333333333,50.0,1,Prioritize for Clearing
JONAI,4,103.3,83.30000000000001,100.0,0,Ignore
PILERU,3,103.2,34.63333333333333,66.7,0,Ignore
Howrah,19,103.2,25.721944444444443,52.6,0,Prioritize for Clearing
"Jadcherla, Jadcherla, TELANGANA",3,103.2,29.80527777777778,66.7,1,Ignore
"Kot Ise Khan, MOGA, PUNJAB",11,103.2,25.74388888888889,72.7,0,Prioritize for Clearing
"KAZIPET/SA, Warangal, TELANGANA",3,103.1,8.362777777777778,33.3,1,Ignore
"Raipur, Raipur, CHHATTISGARH",10,103.1,85.07430555555555,80.0,0,Prioritize for Clearing
"AMBALAVAYAL, bathery, KERALA",3,103.1,31.752222222222223,66.7,0,Ignore
"Asansol1, Asansol, WEST BENGAL",11,103.1,21.15861111111111,45.5,4,Prioritize for Clearing
"Burdwan1, Burdwan, WEST BENGAL",6,103.1,60.47069444444445,100.0,0,Prioritize for Clearing
"MAA/MDP-TML, Chennai, TAMIL NADU",7,103.1,37.253055555555555,85.7,0,Prioritize for Clearing
NAMAKKAL,10,103.1,86.875,90.0,0,Prioritize for Clearing
CJBS,260,103.1,45.78180555555555,70.4,15,Prioritize for Clearing
Kolkata,237,102.9,17.947222222222223,44.7,3,Prioritize for Clearing
PIMPALGAON,7,102.9,23.983333333333334,42.9,0,Prioritize for Clearing
CHANCHAL OFFICE,12,102.9,32.81666666666666,75.0,0,Prioritize for Clearing
Tiruvuru,3,102.9,22.769166666666667,33.3,0,Ignore
VIRAR,1,102.9,102.90472222222222,100.0,0,Ignore
Areecode,4,102.8,9.830833333333333,25.0,1,Ignore
Sonai,8,102.7,18.276249999999997,37.5,0,Prioritize for Clearing
"Sira, Sira, KARNATAKA",6,102.7,39.16833333333334,83.3,1,Prioritize for Clearing
Kosi Kalan,3,102.6,19.488333333333333,33.3,0,Ignore
Bagepalli,4,102.6,48.69486111111111,50.0,0,Ignore
"Doddaballapura, Doddaballapura, KARNATAKA",11,102.6,24.422777777777778,45.5,2,Prioritize for Clearing
CONTAI,11,102.6,28.25,63.6,2,Prioritize for Clearing
"Pan Umaria, PAN UMARIYA, MADHYA PRADESH",5,102.6,41.11055555555556,100.0,0,Prioritize for Clearing
GREATER NOIDA PUD,28,102.5,42.61666666666667,71.4,1,Prioritize for Clearing
SIROHI,9,102.5,37.3,55.6,0,Prioritize for Clearing
"Lar Ganderbal, Lar Ganderbal, JAMMU AND KASHMIR",4,102.4,102.40527777777778,100.0,0,Ignore
Jath,3,102.4,21.788611111111113,33.3,0,Ignore
"Kurali, Kurali, PUNJAB",8,102.3,76.22625,62.5,2,Prioritize for Clearing
RAMAN,6,102.3,25.174444444444447,50.0,0,Prioritize for Clearing
Devadurga,3,102.3,18.306944444444444,33.3,0,Ignore
"PAT/ARP, Patna, BIHAR",25,102.3,64.9375,72.0,5,Prioritize for Clearing
"Sidhauli1, Sidhauli, UTTAR PRADESH",2,102.3,102.26486111111112,50.0,0,Ignore
"VPT/GJW, Gajuwaka, ANDHRA PRADESH",6,102.2,79.07041666666666,66.7,1,Prioritize for Clearing
"Kurai, Kurai, MADHYA PRADESH",3,102.1,30.89361111111111,66.7,0,Ignore
CHIKALTHANA PUD,5,102.1,107.7,60.0,0,Prioritize for Clearing
"CHHATRAPUR, CHHATRAPUR, ORISSA",8,102.1,46.47152777777778,75.0,2,Prioritize for Clearing
RAIPUR PUD,3,102.1,34.666666666666664,66.7,0,Ignore
"GAYA, Gaya, BIHAR",35,102.0,65.93333333333334,60.0,1,Prioritize for Clearing
Nandyal,22,102.0,13.790138888888889,36.4,0,Prioritize for Clearing
"Porvorim, Porvorim, GOA",32,102.0,38.301388888888894,81.3,2,Prioritize for Clearing
"Dharwad, Dharwad, KARNATAKA",23,101.9,26.674166666666668,52.2,0,Prioritize for Clearing
"KLG/HWG, Howraghat, ASSAM",2,101.9,101.93041666666667,100.0,1,Ignore
"Bankura, Bankura, WEST BENGAL",11,101.9,66.87166666666667,54.5,3,Prioritize for Clearing
Champa,2,101.9,101.93444444444444,50.0,1,Ignore
"Merces, Merces, GOA",6,101.9,61.574305555555554,83.3,0,Prioritize for Clearing
PASKURA,10,101.8,-2.666666666666667,40.0,6,Prioritize for Clearing
"MAA/KOD-TML, Chennai, TAMIL NADU",2,101.8,101.78972222222224,50.0,1,Ignore
Saiha,2,101.7,101.70291666666667,100.0,0,Ignore
Vita,5,101.7,33.579166666666666,60.0,0,Prioritize for Clearing
Kavali,4,101.6,16.05666666666667,25.0,0,Ignore
"Malda, Malda, WEST BENGAL",9,101.6,56.889722222222225,77.8,2,Prioritize for Clearing
KADAPA,35,101.6,52.1,62.9,5,Prioritize for Clearing
CHANNAGIRI,7,101.5,16.316666666666666,42.9,0,Prioritize for Clearing
"Amb, Amb, HIMACHAL PRADESH",3,101.4,29.38,66.7,0,Ignore
BEAS,14,101.3,23.26763888888889,42.9,0,Prioritize for Clearing
"Kushalnagar, Kushalnagar, KARNATAKA",3,101.3,28.725,66.7,1,Ignore
"KARUR-TML, Karur, TAMIL NADU",10,101.3,24.498333333333335,50.0,0,Prioritize for Clearing
BASTI,24,101.3,28.200000000000003,58.3,1,Prioritize for Clearing
"AKIVIDU, AKIVIDU, ANDHRA PRADESH",4,101.2,44.50833333333333,50.0,0,Ignore
RAMAGUDAM,14,101.2,72.01666666666667,85.7,2,Prioritize for Clearing
"DEL/ISR, Delhi NCR, DELHI",186,101.1,21.312083333333334,48.9,8,Prioritize for Clearing
"Tohana, TOHANA, PUNJAB",8,101.0,54.13305555555556,87.5,1,Prioritize for Clearing
SHOLAPUR,13,101.0,18.453333333333333,30.8,0,Prioritize for Clearing
SAHARSA OFFICE,10,100.9,75.76666666666667,70.0,0,Prioritize for Clearing
Amalner,2,100.9,100.85236111111112,50.0,0,Ignore
Mandla,4,100.9,41.83180555555556,75.0,1,Ignore
IDRH,606,100.8,27.928472222222222,57.9,22,Prioritize for Clearing
"Karanpryag, Karnaprayag, UTTAR PRADESH",6,100.8,20.365555555555556,33.3,1,Prioritize for Clearing
"ATQ/CHT, AMRITSAR, PUNJAB",7,100.8,30.252777777777776,71.4,0,Prioritize for Clearing
PIDUGURALLA REACH,8,100.8,14.775,37.5,2,Prioritize for Clearing
LUMDING,8,100.7,29.075000000000003,62.5,0,Prioritize for Clearing
Nanded,22,100.7,22.268055555555556,45.5,0,Prioritize for Clearing
RADHANPUR,8,100.7,22.616666666666667,37.5,1,Prioritize for Clearing
PERAMBUR,83,100.6,22.45,47.0,2,Prioritize for Clearing
NICE RD PUD,30,100.6,37.65,63.3,0,Prioritize for Clearing
"Bhilwara, Bhilwara, RAJASTHAN",24,100.6,33.57611111111111,54.2,2,Prioritize for Clearing
Zirakpur,18,100.6,28.88125,50.0,0,Prioritize for Clearing
KOMP,147,100.5,29.16777777777778,59.2,2,Prioritize for Clearing
AVINASHI ROAD,23,100.5,28.516666666666666,65.2,5,Prioritize for Clearing
"Kosli, KOSLI, HARYANA",3,100.4,30.640555555555554,66.7,1,Ignore
Phirangipuram,4,100.4,58.654444444444444,50.0,0,Ignore
ZUNHEBOTO,2,100.3,100.33333333333333,50.0,1,Ignore
NUAPARA,6,100.2,67.21666666666667,100.0,0,Prioritize for Clearing
Thanjavur,20,100.2,20.182222222222222,45.0,1,Prioritize for Clearing
"Neemuch, Neemuch, MADHYA PRADESH",13,100.1,32.119166666666665,69.2,1,Prioritize for Clearing
GWALIOR - GWL,2,100.0,100,50.0,0,Ignore
"Nanded, Nanded, MAHARASHTRA",53,100.0,13.349722222222223,45.3,0,Prioritize for Clearing
"Dadri, Delhi NCR, DELHI",9,100.0,42.78194444444444,77.8,0,Prioritize for Clearing
GAJWEL REACH,10,99.9,27.40833333333333,70.0,0,Prioritize for Clearing
MANGLORE (MLRE),3,99.9,34.53,66.7,0,Ignore
"Kampagarh, Kampagada, ORISSA",4,99.9,62.49458333333334,75.0,0,Ignore
"BOM/SRE, Mumbai, MAHARASHTRA",71,99.9,44.95527777777778,67.6,5,Prioritize for Clearing
"Bhikangaon, Bhikangaon, MADHYA PRADESH",3,99.8,112.1036111111111,100.0,0,Ignore
DHANGDHRA,10,99.7,48.1,90.0,0,Prioritize for Clearing
"Tumkur, Tumkur, KARNATAKA",21,99.7,49.85888888888889,61.9,0,Prioritize for Clearing
"Phagwara, PHAGWARA, PUNJAB",17,99.7,56.66361111111111,76.5,2,Prioritize for Clearing
"KOTTARAKKARA, KOTTARAKKARA, KERALA",6,99.6,53.58569444444444,100.0,0,Prioritize for Clearing
"Bhabua, Bhabua, BIHAR",4,99.6,72.46736111111112,100.0,0,Ignore
MULBAGAL,5,99.5,88.53333333333333,60.0,0,Prioritize for Clearing
"Nabha, Patiala, PUNJAB",10,99.5,66.01833333333333,50.0,4,Prioritize for Clearing
"Bally, BATANAGAR, WEST BENGAL",10,99.5,87.71430555555557,60.0,2,Prioritize for Clearing
SAHAHAPUR,10,99.5,65.875,60.0,0,Prioritize for Clearing
"Sundergarh, SUNDERGARH, ORISSA",6,99.5,49.96416666666667,66.7,0,Prioritize for Clearing
BAREILLY,6,99.5,59.52083333333333,50.0,1,Prioritize for Clearing
Meghanagar,4,99.5,28.267916666666668,50.0,1,Ignore
THEOG,2,99.5,99.51666666666667,100.0,0,Ignore
"Umbergaon, UMBERGAON, GUJARAT",5,99.4,29.453611111111112,80.0,1,Prioritize for Clearing
"Pukhrayan, Pukhrayan, UTTAR PRADESH",8,99.4,72.40805555555555,50.0,0,Prioritize for Clearing
"VIJ/STPM, Vijayawada, ANDHRA PRADESH",32,99.3,36.996944444444445,62.5,1,Prioritize for Clearing
JAJPUR TOWN,6,99.3,87.65833333333333,83.3,1,Prioritize for Clearing
"Dumraon, DUMRAON, BIHAR",5,99.3,47.10805555555556,60.0,1,Prioritize for Clearing
Khambhalia,2,99.2,99.20305555555555,100.0,0,Ignore
Jaunpur,7,99.2,30.314166666666665,57.1,0,Prioritize for Clearing
HuvinaHadagali,6,99.2,24.008611111111108,50.0,0,Prioritize for Clearing
Sirsaganj,2,99.2,99.21333333333334,50.0,0,Ignore
Bhuj,21,99.1,15.433055555555555,38.1,0,Prioritize for Clearing
"LKO/LKO, Lucknow, UTTAR PRADESH",35,99.1,23.112222222222222,48.6,2,Prioritize for Clearing
"MAA/MVL-TML, Chennai, TAMIL NADU",21,99.0,62.481944444444444,71.4,3,Prioritize for Clearing
SAGWARA,5,99.0,89.23333333333333,80.0,0,Prioritize for Clearing
Kondagaon,6,99.0,17.418055555555554,33.3,0,Prioritize for Clearing
Nainital,3,99.0,26.43,66.7,0,Ignore
Aliganj,3,98.9,25.509444444444444,66.7,0,Ignore
"Rajnandgaon1, Rajnandgaon, CHHATTISGARH",10,98.9,28.029722222222222,60.0,0,Prioritize for Clearing
"THALAYOLAPARAMBU, Kottayam, KERALA",8,98.9,36.17513888888889,62.5,1,Prioritize for Clearing
Fatehgarh,3,98.9,31.426388888888887,66.7,0,Ignore
"GKP/NSD, Gorakhpur, UTTAR PRADESH",10,98.8,43.65194444444444,50.0,1,Prioritize for Clearing
"Ranaghat, Ranaghat, WEST BENGAL",4,98.8,49.248888888888885,75.0,0,Ignore
Kawardha,5,98.8,15.123888888888889,40.0,0,Prioritize for Clearing
"Bagalur, BAGALUR, KARNATAKA",14,98.8,29.76763888888889,64.3,2,Prioritize for Clearing
KAKKODI,5,98.8,112.6,60.0,1,Prioritize for Clearing
BANGALORE PUD (BLRS),26,98.7,29.844444444444445,53.8,2,Prioritize for Clearing
SULTANPUR LODHI,10,98.7,30.75,70.0,1,Prioritize for Clearing
"Badrawas MP, BADRAWAS, MADHYA PRADESH",3,98.6,74.28361111111111,66.7,1,Ignore
"Mau1, Mau, UTTAR PRADESH",7,98.6,84.14611111111111,57.1,1,Prioritize for Clearing
"Salempur1, SALEMPUR, UTTAR PRADESH",10,98.6,11.550555555555555,40.0,1,Prioritize for Clearing
Jeypore,2,98.6,98.59069444444445,50.0,0,Ignore
"Kharagpur, Kharagpur, WEST BENGAL",9,98.6,108.03916666666667,55.6,2,Prioritize for Clearing
NALBARI,3,98.5,84.76666666666667,66.7,0,Ignore
bodhan,4,98.5,8.439166666666667,25.0,0,Ignore
"Turkayamjal1, Hyderabad, TELANGANA",3,98.5,44.50472222222222,66.7,1,Ignore
IXM APX/SFC PUD CENTRE,4,98.4,98.375,50.0,0,Ignore
"Batala, Batala, PUNJAB",11,98.4,32.84305555555556,72.7,3,Prioritize for Clearing
Narkatiaganj,6,98.4,92.39833333333334,83.3,0,Prioritize for Clearing
"MAA/Tiruvottiyur-TML, Chennai, TAMIL NADU",12,98.4,54.658055555555556,66.7,0,Prioritize for Clearing
Ratlam,18,98.3,14.943194444444444,38.9,0,Prioritize for Clearing
"Petarbar, PETARBAR, JHARKHAND",2,98.3,98.28902777777779,100.0,0,Ignore
Canacona,2,98.2,98.21902777777777,50.0,0,Ignore
GIDDALUR,12,98.2,24.4,50.0,1,Prioritize for Clearing
ATTINGAL,18,98.2,50.11083333333333,55.6,0,Prioritize for Clearing
Dahod,8,98.2,16.270138888888887,37.5,0,Prioritize for Clearing
warangal,4,98.2,39.695277777777775,50.0,0,Ignore
Trichy,35,98.1,21.35388888888889,42.9,1,Prioritize for Clearing
"Sitapur, Sitapur, UTTAR PRADESH",3,98.0,19.746666666666666,33.3,0,Ignore
SEEPZ,12,97.7,36.65833333333333,50.0,2,Prioritize for Clearing
"BLR/VNL-TML, BANGALORE, KARNATAKA",39,97.7,64.97361111111111,71.8,3,Prioritize for Clearing
"Mudigere, Mudigere, KARNATAKA",2,97.6,97.58250000000001,100.0,0,Ignore
ElasticRunNarkeldangaODH_KOL Kolkata,2,97.6,97.60402777777779,50.0,0,Ignore
RAJAPALAYAM,2,97.4,97.44166666666666,100.0,0,Ignore
"Kavardha, Kavarda, CHHATTISGARH",2,97.4,97.42736111111111,50.0,0,Ignore
"Mokokchung, Mokokchung, NAGALAND",3,97.4,16.706944444444446,33.3,0,Ignore
"SHIMLA, Shimla, HIMACHAL PRADESH",25,97.4,49.25388888888889,80.0,2,Prioritize for Clearing
Contai,4,97.3,26.4175,50.0,0,Ignore
Davangere,11,97.3,20.17388888888889,45.5,0,Prioritize for Clearing
"Chindwara, Chindwara, MADHYA PRADESH",16,97.3,45.62152777777778,56.3,5,Prioritize for Clearing
"Utraula, Utraula, UTTAR PRADESH",2,97.2,97.16194444444444,100.0,0,Ignore
"PNQ/SGR, PUNE, MAHARASHTRA",51,97.2,13.451944444444445,43.1,1,Prioritize for Clearing
TOHANA,9,97.2,13.366666666666667,33.3,0,Prioritize for Clearing
ARAMBAGH,7,97.2,137.5,57.1,3,Prioritize for Clearing
Kanigiri,4,97.1,17.954166666666666,25.0,0,Ignore
SONBHADRA,4,97.1,51.73430555555555,50.0,0,Ignore
KOSLI,7,97.0,13.454444444444444,42.9,1,Prioritize for Clearing
Ratia,5,97.0,39.958888888888886,80.0,0,Prioritize for Clearing
PUNALUR,4,96.9,76.5,75.0,0,Ignore
Murbad,4,96.9,13.298055555555555,25.0,0,Ignore
Darsi,2,96.8,96.83902777777779,50.0,0,Ignore
Mandapeta / Ramachandrapuram,8,96.7,20.516944444444444,37.5,0,Prioritize for Clearing
GHAZIPUR,3,96.7,65.87166666666667,66.7,0,Ignore
SITAMARHI OFFICE,12,96.7,77.99166666666667,75.0,0,Prioritize for Clearing
TIRUPATI,1,96.7,96.65611111111112,100.0,0,Ignore
"BLR/PEN-TML, BANGALORE, KARNATAKA",20,96.7,23.719305555555557,40.0,4,Prioritize for Clearing
"Meerut1, Meerut, UTTAR PRADESH",13,96.6,53.2325,61.5,1,Prioritize for Clearing
Tirunelveli,17,96.6,18.8875,41.2,1,Prioritize for Clearing
CHANDIGARH WAREHOUSE,45,96.6,25.133333333333333,51.1,3,Prioritize for Clearing
NARKATIYAGANJ,14,96.6,46.94166666666666,57.1,0,Prioritize for Clearing
JAMMU - JMU,2,96.5,96.50833333333334,50.0,0,Ignore
MathliMDH_MTH,1,96.4,96.41388888888889,100.0,0,Ignore
"Tezpur, Tezpur, ASSAM",20,96.4,22.16861111111111,50.0,0,Prioritize for Clearing
"Hindupur, HINDUPUR, ANDHRA PRADESH",4,96.4,24.569861111111113,50.0,0,Ignore
AMBALLUR - ABL,2,96.3,96.31666666666666,100.0,0,Ignore
Kodaikanal,5,96.3,26.03,60.0,0,Prioritize for Clearing
PAKUR OFFICE,5,96.3,53.9,60.0,0,Prioritize for Clearing
AVINASHI,5,96.3,27.15,60.0,0,Prioritize for Clearing
"Thodupuzha, Thodupuzha, KERALA",2,96.2,96.23347222222222,100.0,0,Ignore
"Aruppukottai, Virudhunagar, TAMIL NADU",7,96.2,31.496111111111112,57.1,0,Prioritize for Clearing
Pakwada,3,96.2,34.60527777777778,100.0,0,Ignore
"Akbarpur KNP, AKBARPUR KANPUR DEHAT, UTTAR PRADESH",4,96.1,4.86125,25.0,1,Ignore
Kazipet,10,96.1,11.119444444444444,40.0,0,Prioritize for Clearing
LOHARDAGA OFFICE,4,96.1,54.208333333333336,50.0,2,Ignore
"Babatpur, Babatpur, UTTAR PRADESH",2,96.1,96.11458333333333,50.0,0,Ignore
THIRUVERUMBUR,7,96.0,26,57.1,0,Prioritize for Clearing
CHAMBA,6,96.0,69.67750000000001,83.3,0,Prioritize for Clearing
Shiralkoppa,2,96.0,96.02236111111111,50.0,0,Ignore
"SBP/BRA-TML, Sambalpur, ORISSA",10,95.9,35.95611111111111,80.0,1,Prioritize for Clearing
"Rajarhat, Rajarhat, WEST BENGAL",3,95.9,36.956944444444446,66.7,1,Ignore
KATHUA,26,95.9,69.56666666666666,65.4,3,Prioritize for Clearing
TIRUTHANI REACH,3,95.8,60.71666666666667,66.7,0,Ignore
Himmatnagar,12,95.7,18.874166666666667,41.7,0,Prioritize for Clearing
Bhatkal,6,95.7,48.15430555555555,50.0,0,Prioritize for Clearing
Karur,9,95.7,13.022222222222222,44.4,0,Prioritize for Clearing
KHARGONE,7,95.7,91.1,71.4,0,Prioritize for Clearing
"MOGA, MOGA, PUNJAB",7,95.6,86.46305555555556,71.4,2,Prioritize for Clearing
NOIDA SECTOR 16,11,95.5,22.65,45.5,0,Prioritize for Clearing
"Chalisgaon, Chalisgaon, MAHARASHTRA",4,95.5,41.835833333333326,50.0,0,Ignore
"Nagda, Nagda, MADHYA PRADESH",16,95.4,95.97611111111111,56.3,1,Prioritize for Clearing
MADURAI,58,95.3,23.59166666666667,46.6,3,Prioritize for Clearing
"MYS/CTY, Mysore, KARNATAKA",11,95.3,91.0838888888889,72.7,3,Prioritize for Clearing
JALANDHAR,4,95.2,72.02305555555554,50.0,0,Ignore
GOSSAIGAON,5,95.2,61.75,60.0,0,Prioritize for Clearing
PARCHOOR REACH,4,95.2,77.26666666666667,75.0,0,Ignore
BBIH,293,95.2,19.475277777777777,47.8,9,Prioritize for Clearing
HattiGoldMines,2,95.2,95.23138888888889,50.0,0,Ignore
"VNS/BNP, VARANASI, UTTAR PRADESH",28,95.2,22.83416666666667,46.4,2,Prioritize for Clearing
SHEKHAPURA OFFICE,3,95.2,63.18333333333333,66.7,0,Ignore
"Cuddapah, Cuddapah, ANDHRA PRADESH",9,95.1,66.35194444444444,55.6,1,Prioritize for Clearing
"Veraval, Veraval, GUJARAT",6,95.1,22.46277777777778,50.0,0,Prioritize for Clearing
NAINI,11,95.0,29.716666666666665,72.7,0,Prioritize for Clearing
"Kareli, Kareli, MADHYA PRADESH",4,95.0,42.215,75.0,1,Ignore
Shimoga,7,94.9,25.7275,57.1,1,Prioritize for Clearing
"Hamirpur, HAMIRPUR, HIMACHAL PRADESH",6,94.8,41.641111111111115,66.7,1,Prioritize for Clearing
"Angul, Angul, ORISSA",25,94.7,16.945833333333333,44.0,0,Prioritize for Clearing
"RNC/KKR, Ranchi, JHARKHAND",41,94.7,18.33138888888889,43.9,2,Prioritize for Clearing
JAMNAGAR DP OFFICE,54,94.7,24.65833333333333,50.0,4,Prioritize for Clearing
Jammu,30,94.7,22.011666666666667,46.7,0,Prioritize for Clearing
Repalle,2,94.7,94.73916666666666,50.0,0,Ignore
KAROND,10,94.7,72.95,70.0,0,Prioritize for Clearing
"Majalgaon, Majalgaon, MAHARASHTRA",2,94.6,94.61236111111111,100.0,0,Ignore
"Sujanpur, Pathankot, PUNJAB",10,94.5,54.61541666666666,70.0,0,Prioritize for Clearing
CHBR,559,94.5,27.31,54.2,11,Prioritize for Clearing
"Shiroor, BYNDOOR, KARNATAKA",4,94.5,35.934583333333336,100.0,0,Ignore
PALSANA,17,94.4,23.333333333333332,47.1,3,Prioritize for Clearing
BANGA,3,94.3,32.06666666666667,66.7,0,Ignore
"Bijapur CG, Bijapur CG, CHHATTISGARH",4,94.3,58.00736111111111,100.0,0,Ignore
CHANGSARI,3,94.2,108.81666666666666,100.0,0,Ignore
HAMIRPUR,31,94.2,30.516666666666666,61.3,0,Prioritize for Clearing
AGARTALA ETAIL PDA,62,94.2,38.983333333333334,77.4,8,Prioritize for Clearing
Nuzividu,3,94.1,30.505277777777778,66.7,0,Ignore
Budge Budge,2,94.1,94.05708333333334,50.0,0,Ignore
Lesliganj,2,94.1,94.06569444444445,100.0,0,Ignore
SKHX,853,94.1,24.964444444444446,50.2,24,Prioritize for Clearing
TUTICORIN,10,94.1,43.58611111111111,70.0,0,Prioritize for Clearing
FocalPointHub_LUH Ludhiana,5,94.0,4.867222222222222,40.0,1,Prioritize for Clearing
"Karkala, KARKALA, KARNATAKA",2,93.9,93.94722222222222,100.0,0,Ignore
KHANDWA,22,93.9,36.88333333333333,59.1,1,Prioritize for Clearing
Murshidabad,3,93.8,27.489444444444445,66.7,0,Ignore
Bhuban,3,93.8,21.44388888888889,33.3,0,Ignore
Balaghat,12,93.8,10.527916666666666,25.0,0,Prioritize for Clearing
"RSC/Farrukhabad, Farrukhabad, UTTAR PRADESH",13,93.7,130.4825,69.2,2,Prioritize for Clearing
Raniganj,4,93.7,33.204027777777775,50.0,0,Ignore
Dhule,11,93.6,30.800833333333333,63.6,0,Prioritize for Clearing
Ambegaon,4,93.5,93.31972222222223,50.0,0,Ignore
ATTABIRA OFFICE,13,93.5,87.98333333333333,69.2,1,Prioritize for Clearing
GWALIOR E-TAIL,14,93.5,85.41666666666666,78.6,0,Prioritize for Clearing
NORTH KOLKATA PUD,9,93.5,87.18333333333334,77.8,0,Prioritize for Clearing
"KHLIEHRIAT, Khliehriat, MEGHALAYA",5,93.5,35.71472222222222,60.0,1,Prioritize for Clearing
"CNHalli, Chikkanayakanahalli, KARNATAKA",2,93.5,93.54875000000001,100.0,0,Ignore
Mapusa,7,93.5,59.824444444444445,57.1,0,Prioritize for Clearing
ERODE,39,93.5,10.05,46.2,0,Prioritize for Clearing
"Badnera, Badnera, MAHARASHTRA",5,93.4,15.940555555555555,40.0,2,Prioritize for Clearing
BANJARA HILLS SERV.CENTRE,4,93.4,37.575,75.0,0,Ignore
WORLI,112,93.4,13.666666666666668,41.1,2,Prioritize for Clearing
RECKONG PEO,18,93.4,41.93333333333333,77.8,0,Prioritize for Clearing
"KER-SA-CHALAD, Kannur, KERALA",9,93.3,30.180555555555557,66.7,1,Prioritize for Clearing
Calicut,17,93.3,19.018055555555556,47.1,1,Prioritize for Clearing
"Kydganj, KADGANJ, UTTAR PRADESH",5,93.3,18.551111111111112,40.0,1,Prioritize for Clearing
"BHO/BHO, Bhopal, MADHYA PRADESH",23,93.2,23.45138888888889,43.5,2,Prioritize for Clearing
Muktsar,4,93.2,50.6936111111111,50.0,0,Ignore
Hojai,4,93.2,78.48180555555555,50.0,1,Ignore
Tirupur,49,93.1,17.006666666666668,42.9,0,Prioritize for Clearing
RAMPURHAT,6,93.1,62.91666666666667,83.3,0,Prioritize for Clearing
KARAIKAL,7,93.1,90.31666666666666,57.1,2,Prioritize for Clearing
"JMU/Rajouri, Rajouri, JAMMU AND KASHMIR",2,93.1,93.06208333333333,100.0,0,Ignore
NAGDA,5,93.1,110.9,60.0,0,Prioritize for Clearing
"NAINI1, Naini, UTTAR PRADESH",5,93.0,18.148055555555555,40.0,1,Prioritize for Clearing
"SHIVAMOGGA, SHIVAMOGGA, KARNATAKA",13,93.0,18.719166666666666,46.2,3,Prioritize for Clearing
OKHL,758,93.0,21.52916666666667,48.0,18,Prioritize for Clearing
chintalapudi,3,93.0,11.876388888888888,33.3,0,Ignore
Roorkee,8,92.9,17.427083333333336,37.5,0,Prioritize for Clearing
Tiruppattur,11,92.9,13.326944444444445,36.4,0,Prioritize for Clearing
Bhiwadi,4,92.9,33.802638888888886,50.0,0,Ignore
Desai,4,92.9,81.78361111111111,100.0,0,Ignore
"Barwala, Barwala, HARYANA",5,92.9,37.11694444444444,60.0,1,Prioritize for Clearing
Rewari,16,92.8,11.889861111111111,31.3,0,Prioritize for Clearing
HOLALKERE,5,92.8,57.94083333333333,60.0,0,Prioritize for Clearing
"Pilibhit, Pilibhit, UTTAR PRADESH",16,92.8,55.06916666666667,68.8,1,Prioritize for Clearing
"Bhota, Bhota, HIMACHAL PRADESH",7,92.7,35.52722222222222,57.1,1,Prioritize for Clearing
"Nawabganj, NAWABGANJ, UTTAR PRADESH",7,92.6,65.96472222222222,71.4,0,Prioritize for Clearing
"Bagalkot1, Bagalkot, KARNATAKA",6,92.6,52.66416666666666,50.0,0,Prioritize for Clearing
Patan,8,92.6,16.22375,37.5,1,Prioritize for Clearing
"Bikaner, Bikaner, RAJASTHAN",52,92.6,16.355138888888888,42.3,4,Prioritize for Clearing
"Chinhat, Lucknow, UTTAR PRADESH",3,92.5,22.545277777777777,33.3,1,Ignore
SEMBO,2,92.5,92.48333333333332,50.0,0,Ignore
MUKTSAR EXPANSION,13,92.4,61.56666666666667,61.5,5,Prioritize for Clearing
SOMAVARAM VILLAGE,2,92.3,92.26666666666667,50.0,0,Ignore
"ARAKKONAM, ARAKKONAM, TAMIL NADU",5,92.3,26.779444444444444,80.0,0,Prioritize for Clearing
MADDUR MANDYA,1,92.3,92.28333333333333,100.0,0,Ignore
"Narsingpur, NARSINGPUR, MADHYA PRADESH",4,92.2,57.73097222222222,75.0,1,Ignore
INDIRAPURAM SERVICECENTRE,276,92.2,15.15,40.6,5,Prioritize for Clearing
RR District,4,92.2,12.414583333333333,25.0,0,Ignore
Muzaffarpur,12,92.2,45.36291666666666,66.7,0,Prioritize for Clearing
"JBL/MLJ, Jabalpur, MADHYA PRADESH",16,92.2,25.674305555555556,50.0,4,Prioritize for Clearing
Jawalamukhi S.O,3,92.1,28.61722222222222,66.7,0,Ignore
PIRAVOM,5,92.1,65.83333333333333,80.0,0,Prioritize for Clearing
"Adampur1, ADAMPUR, PUNJAB",5,92.1,29.2075,60.0,2,Prioritize for Clearing
LoadshareBaranagarODH_KOL Kolkata,2,92.1,92.13791666666667,50.0,1,Ignore
MuvattupuzhaHub_MVA,1,92.1,92.08027777777778,100.0,0,Ignore
Ballabhgarh,42,92.0,15.405,35.7,0,Prioritize for Clearing
"HYD/VAP, Hyderabad, TELANGANA",25,92.0,36.56666666666667,76.0,3,Prioritize for Clearing
"Shahada, Shahada, MAHARASHTRA",3,91.9,53.44111111111111,66.7,0,Ignore
MEERUT  EXPANSION,21,91.9,30.733333333333334,57.1,5,Prioritize for Clearing
NAZIRA EXTERIOR,3,91.9,38.96666666666667,100.0,0,Ignore
Warangal,32,91.8,14.43,37.5,1,Prioritize for Clearing
jashpur,8,91.8,43.29708333333333,62.5,0,Prioritize for Clearing
HYDERABAD,28,91.7,63.08680555555556,57.1,1,Prioritize for Clearing
NAGARKURNOOL,8,91.7,72.86666666666667,62.5,0,Prioritize for Clearing
DHENKANAL,14,91.6,39.65,50.0,0,Prioritize for Clearing
Kuchamancity S.O,4,91.6,11.801527777777778,25.0,1,Ignore
Chodavaram,6,91.5,11.029166666666667,33.3,2,Prioritize for Clearing
Narnaul,10,91.5,8.571388888888889,30.0,1,Prioritize for Clearing
Chandigarh,23,91.5,20.067777777777778,34.8,2,Prioritize for Clearing
CHAMKAUR,5,91.5,24.833333333333332,60.0,0,Prioritize for Clearing
GULABPURA,9,91.4,35.25,55.6,1,Prioritize for Clearing
"Tadipatri, Tadipatri, ANDHRA PRADESH",1,91.4,91.3638888888889,100.0,0,Ignore
Bangarpet,4,91.4,80.30666666666667,100.0,0,Ignore
MAIHAR,4,91.4,-3.683333333333333,25.0,3,Ignore
"Kathunangal, Kathunangal, PUNJAB",4,91.3,89.16597222222222,100.0,0,Ignore
"Sindewahi, Sindewahi, MAHARASHTRA",3,91.3,13.603055555555555,33.3,0,Ignore
"Ringus, Ringus, RAJASTHAN",5,91.2,29.96472222222222,60.0,0,Prioritize for Clearing
KODUNGALLUR,9,91.2,27.616666666666667,66.7,0,Prioritize for Clearing
KHED,2,91.2,91.175,100.0,0,Ignore
VALAPADY,1,91.1,91.13333333333334,100.0,0,Ignore
Karnal,12,91.0,13.99625,41.7,0,Prioritize for Clearing
GOALPARA OFFICE,4,91.0,33.11666666666667,50.0,0,Ignore
"Gopiballavpur, Gopiballavpur, WEST BENGAL",3,90.9,24.533055555555556,33.3,0,Ignore
"Ankali, Ankali, KARNATAKA",6,90.8,33.11472222222223,83.3,1,Prioritize for Clearing
ANAPARTHI,3,90.8,60.583333333333336,100.0,0,Ignore
"Dholpur, Dholpur, RAJASTHAN",6,90.8,70.90583333333333,66.7,0,Prioritize for Clearing
CENTRAL DEPOT,82,90.7,23.508333333333333,47.6,2,Prioritize for Clearing
"Barh, Barh BH, BIHAR",4,90.6,114.04833333333333,75.0,1,Ignore
BUVANAGIRI,5,90.6,48.75,60.0,0,Prioritize for Clearing
Madhya Pradesh,24,90.6,20.825416666666666,41.7,0,Prioritize for Clearing
Karera,2,90.6,90.64888888888889,100.0,0,Ignore
"Kalimpong, Kalimpong, WEST BENGAL",25,90.6,25.84138888888889,56.0,2,Prioritize for Clearing
RAHA,7,90.5,23.616666666666667,42.9,0,Prioritize for Clearing
"Damoh, Damoh, MADHYA PRADESH",10,90.5,45.15194444444444,70.0,0,Prioritize for Clearing
Haflong,5,90.5,23.4325,40.0,0,Prioritize for Clearing
"BBN/CSP, Bhubaneswar, ORISSA",31,90.5,26.455,61.3,5,Prioritize for Clearing
SALT LAKE BDEL,173,90.5,7.983333333333333,41.6,7,Prioritize for Clearing
"Lohta, VARANASI, UTTAR PRADESH",6,90.5,19.79375,33.3,0,Prioritize for Clearing
"THIRUKKOVILUR, THIRUKOVILUR, TAMIL NADU",3,90.5,-3.343611111111111,33.3,2,Ignore
NALBARI OFFICE,3,90.5,87.11666666666666,100.0,0,Ignore
Patharkandi,2,90.4,90.36444444444444,100.0,0,Ignore
HINGHANGHAT,1,90.4,90.35,100.0,0,Ignore
"Mainpuri, Mainpuri, UTTAR PRADESH",7,90.4,40.83583333333333,71.4,0,Prioritize for Clearing
"Mirzapur, Mirzapur, UTTAR PRADESH",6,90.4,54.33986111111111,50.0,2,Prioritize for Clearing
"HYD/BWN-TML, Hyderabad, TELANGANA",10,90.2,71.39027777777778,80.0,0,Prioritize for Clearing
BANDA,4,90.2,87.19166666666666,50.0,0,Ignore
MANIKPUR,2,90.2,90.225,50.0,1,Ignore
ZEWAR,8,90.2,41.099999999999994,50.0,0,Prioritize for Clearing
SIRWAR,5,90.2,62.15,80.0,0,Prioritize for Clearing
SECB,1120,90.2,27.364305555555553,56.7,30,Prioritize for Clearing
ARAVAKURICHI,1,90.1,90.06666666666666,100.0,0,Ignore
"PDY/SA-ARM, PONDICHERRY, TAMIL NADU",1,90.1,90.06777777777778,100.0,0,Ignore
Sitaramnagar,19,90.0,21.66,47.4,0,Prioritize for Clearing
"Gathda, Gathda, GUJARAT",1,90.0,89.98777777777778,100.0,0,Ignore
"Gota, Ahmedabad, GUJARAT",44,90.0,37.34375,59.1,2,Prioritize for Clearing
THALAIVASAL,1,90.0,89.98333333333333,100.0,0,Ignore
"Miryalaguda, Miryalaguda, TELANGANA",1,90.0,89.97888888888889,100.0,0,Ignore
ElasticRunNandanaParkODH_KOL Kolkata,3,89.9,7.143055555555556,33.3,0,Ignore
Ramanathapuram,4,89.9,15.285138888888888,25.0,0,Ignore
TALALA,3,89.9,20.883333333333333,33.3,0,Ignore
"Debai, Debai, UTTAR PRADESH",4,89.9,87.54055555555556,100.0,0,Ignore
"PAT/DNP-TML, Patna, BIHAR",5,89.9,66.2875,60.0,1,Prioritize for Clearing
"Mohali, MOHALI, PUNJAB",40,89.8,67.4,77.5,2,Prioritize for Clearing
"Andul, HOWRAH, WEST BENGAL",1,89.8,89.77083333333333,100.0,0,Ignore
"Srinagargarhwal, Srinagar Garhwal, UTTARAKHAND",5,89.8,22.445,40.0,1,Prioritize for Clearing
Udgir,3,89.7,16.829722222222223,33.3,1,Ignore
PATTUKOTTAI,1,89.7,89.71666666666667,100.0,0,Ignore
Haridwar / Rishikesh,6,89.7,11.20375,33.3,0,Prioritize for Clearing
"Berhampur, Berhampur, ORISSA",32,89.5,16.409861111111113,40.6,2,Prioritize for Clearing
"Jamdoli1, Jaipur, RAJASTHAN",2,89.5,89.45013888888889,50.0,1,Ignore
Mandapeta / Ravulapalem,2,89.5,89.54222222222222,100.0,0,Ignore
Tumkur,12,89.5,10.929722222222221,41.7,0,Prioritize for Clearing
"Bahadurgarh, Bahadurgarh, HARYANA",8,89.5,46.08708333333334,75.0,1,Prioritize for Clearing
LOHARU,3,89.4,135.38333333333333,66.7,1,Ignore
Jejuri,4,89.3,23.69736111111111,50.0,0,Ignore
"HALAHALI, Halahali, TRIPURA",2,89.3,89.33736111111111,50.0,0,Ignore
Jhanjharpur,4,89.3,43.16236111111111,75.0,1,Ignore
"Jharpokharia, JHARPOKHARIA, ORISSA",1,89.2,89.15638888888888,100.0,0,Ignore
ABU ROAD,7,89.1,88.68333333333334,57.1,1,Prioritize for Clearing
BAARH OFFICE,3,89.1,65.11666666666666,66.7,1,Ignore
"Gardhiwala, Hoshiarpur, PUNJAB",3,89.1,115.27166666666666,66.7,0,Ignore
"Ponda, Ponda Goa, GOA",9,89.1,63.11944444444445,66.7,1,Prioritize for Clearing
BHAWANIPATNA,6,89.0,16.02236111111111,33.3,0,Prioritize for Clearing
"Ramganj Mandi, RAMGANJ MANDI, RAJASTHAN",2,89.0,88.95083333333334,100.0,0,Ignore
"Newai, Chakshu, RAJASTHAN",6,88.9,61.627361111111114,50.0,0,Prioritize for Clearing
"DEL/FKN, Delhi NCR, DELHI",4,88.9,50.759027777777774,75.0,0,Ignore
SRIGANGANAGAR,70,88.9,26.733333333333334,57.1,20,Prioritize for Clearing
"Naliya, Naliya, GUJARAT",2,88.9,88.94388888888888,50.0,0,Ignore
Amgao,2,88.9,88.94125,50.0,0,Ignore
VADAKARA,1,88.9,88.9,100.0,0,Ignore
"Palampur, PALAMPUR, HIMACHAL PRADESH",13,88.9,10.018055555555556,38.5,3,Prioritize for Clearing
Thiruthuraipoondi,9,88.8,14.969722222222222,33.3,0,Prioritize for Clearing
Erode,39,88.8,17.2175,38.5,2,Prioritize for Clearing
"Barbigha, BARBIGHA, BIHAR",1,88.7,88.65777777777778,100.0,0,Ignore
BHIWANDI E-TAIL,1,88.7,88.7,100.0,0,Ignore
"Nainpur, Nainpur, MADHYA PRADESH",3,88.6,135.09166666666667,66.7,1,Ignore
"ALUVA, Ernakulam, KERALA",2,88.6,88.55569444444444,100.0,0,Ignore
MORBI WAREHOUSE,1,88.6,88.55,100.0,0,Ignore
"Gangarampur, GANGARAMPUR, WEST BENGAL",3,88.6,88.91055555555556,100.0,0,Ignore
Nowrozabad,2,88.5,88.50250000000001,50.0,1,Ignore
RUDRAPRAYAG,6,88.5,57.68333333333334,83.3,0,Prioritize for Clearing
Sant Kabir Nagar,2,88.5,88.54208333333332,50.0,0,Ignore
SHAHJAHANPUR EXPANSION,85,88.5,22.35,43.5,7,Prioritize for Clearing
ARAKALGUDU,1,88.4,88.35,100.0,0,Ignore
GANDHI NAGAR - GAN,1,88.3,88.28333333333333,100.0,0,Ignore
"Kushinagar, Kasya, UTTAR PRADESH",5,88.3,34.466944444444444,60.0,1,Prioritize for Clearing
Gwalior,32,88.3,16.772916666666667,34.4,0,Prioritize for Clearing
RAJPIPLA,3,88.3,38.11666666666667,66.7,0,Ignore
"CHAMARAJANAGAR1, Chamarajanagar, KARNATAKA",1,88.3,88.33,100.0,0,Ignore
SAMANA,10,88.3,35.99166666666667,70.0,0,Prioritize for Clearing
LUNAWADA,10,88.3,43.20833333333333,50.0,1,Prioritize for Clearing
"Bassi RJ, Bassi RJ, RAJASTHAN",9,88.2,16.537222222222223,33.3,1,Prioritize for Clearing
"KARNAL, Karnal, HARYANA",31,88.1,18.405277777777776,45.2,5,Prioritize for Clearing
Jagdalpur,11,88.1,12.550555555555556,27.3,3,Prioritize for Clearing
Kodungallur,6,88.1,73.34875,50.0,0,Prioritize for Clearing
kundara,6,88.1,73.04916666666666,50.0,0,Prioritize for Clearing
"SXR/NGM1, Srinagar, JAMMU AND KASHMIR",13,88.1,76.01527777777778,84.6,1,Prioritize for Clearing
"Patlikuhal, PATLIKUHAL, HIMACHAL PRADESH",3,88.1,21.77,33.3,1,Ignore
Munger,4,88.0,64.76791666666668,50.0,0,Ignore
"JAI/KNK, Jaipur, RAJASTHAN",22,88.0,33.515972222222224,63.6,3,Prioritize for Clearing
KUTHUPARAMABA,1,88.0,88,100.0,0,Ignore
SURM,658,88.0,30.176111111111112,63.7,20,Prioritize for Clearing
"MUDDANUR, MUDDANUR, ANDHRA PRADESH",1,88.0,87.97222222222223,100.0,0,Ignore
Kovilpatti,6,88.0,21.74458333333333,33.3,1,Prioritize for Clearing
Gunderdehi,2,88.0,88.04236111111112,50.0,0,Ignore
Ahmednagar,20,88.0,15.984444444444446,40.0,0,Prioritize for Clearing
Valsad,35,87.9,11.362222222222222,37.1,1,Prioritize for Clearing
khammam,2,87.9,87.94861111111112,50.0,0,Ignore
Aalo,10,87.9,54.39097222222222,70.0,1,Prioritize for Clearing
MANANTHAVADY,6,87.8,28.482777777777777,66.7,1,Prioritize for Clearing
"RSC/Neemrana, Neemrana, RAJASTHAN",1,87.8,87.7575,100.0,0,Ignore
Ghaziabad,104,87.8,14.987361111111111,37.5,0,Prioritize for Clearing
"KNP/NBS1, Kanpur, UTTAR PRADESH",7,87.7,84.91805555555555,71.4,2,Prioritize for Clearing
"Kheralu, Vadnagar, GUJARAT",4,87.7,26.057361111111113,50.0,0,Ignore
"",5888,87.7,18.13527777777778,45.1,29,Prioritize for Clearing
Araria,2,87.7,87.72138888888888,50.0,0,Ignore
"KAKINADA, kakinada, ANDHRA PRADESH",17,87.6,8.416666666666666,35.3,3,Prioritize for Clearing
SIRSILLA REACH,12,87.6,54.21666666666667,75.0,0,Prioritize for Clearing
"Hunsbhavi, Byadagi, KARNATAKA",1,87.6,87.56972222222223,100.0,0,Ignore
"TPT/MRPL, Tirupati, ANDHRA PRADESH",7,87.5,21.863055555555555,28.6,0,Prioritize for Clearing
DOSARKA,2,87.5,87.50763888888888,50.0,0,Ignore
Mangrol,7,87.4,44.221944444444446,71.4,1,Prioritize for Clearing
MungerCityHub_MCT,1,87.4,87.38277777777778,100.0,0,Ignore
"Shahjahanpur, Shahijahanpur, UTTAR PRADESH",7,87.3,42.58,57.1,3,Prioritize for Clearing
Badvel,6,87.3,22.275694444444444,50.0,0,Prioritize for Clearing
Mogra,2,87.3,87.29166666666667,50.0,0,Ignore
"Khundian, Jawali, HIMACHAL PRADESH",1,87.3,87.34194444444445,100.0,0,Ignore
CJB APX/SFC PUD CENTRE,3,87.2,23.95,33.3,0,Ignore
"Sumerpur, Sumerpur, RAJASTHAN",2,87.2,87.23805555555555,50.0,0,Ignore
JAMUGURIHAT,1,87.2,87.2,100.0,0,Ignore
Arepally,2,87.1,87.1301388888889,50.0,0,Ignore
"ARANI, Arani, TAMIL NADU",1,87.1,87.06444444444445,100.0,0,Ignore
"Daman, DAMAN, DAMAN AND DIU",4,87.0,34.0225,75.0,1,Ignore
JPNG,1036,87.0,24.98875,50.4,24,Prioritize for Clearing
GAJAPATI,8,87.0,75.03333333333333,87.5,0,Prioritize for Clearing
"Bhatar, Bhatar, WEST BENGAL",1,86.9,86.92694444444444,100.0,0,Ignore
MOHALI,199,86.9,20.6,46.2,17,Prioritize for Clearing
Manmad,5,86.8,27.590833333333332,60.0,0,Prioritize for Clearing
NOIDA (NIDA),1,86.8,86.84861111111111,100.0,0,Ignore
Salem,42,86.8,16.250555555555554,35.7,0,Prioritize for Clearing
"UPPALA, UPPAL, KERALA",1,86.8,86.83472222222223,100.0,0,Ignore
BHABHUA,3,86.7,35.56666666666667,66.7,0,Ignore
DIPL,2,86.7,86.65833333333333,50.0,0,Ignore
"VPT/NAD, Visakhapatnam, ANDHRA PRADESH",4,86.6,81.39430555555555,50.0,0,Ignore
"Podili, PODILI, ANDHRA PRADESH",3,86.6,91.36277777777778,100.0,0,Ignore
"Darbhanga, Darbhanga, BIHAR",12,86.6,14.934027777777779,41.7,2,Prioritize for Clearing
Yavatmal,12,86.6,11.512777777777778,33.3,1,Prioritize for Clearing
Payyoli,5,86.6,33.888333333333335,80.0,0,Prioritize for Clearing
Pakhanjur,3,86.5,33.29888888888889,66.7,0,Ignore
"Tilda, Tilda, CHHATTISGARH",6,86.5,41.705416666666665,66.7,0,Prioritize for Clearing
"Moth, Jhansi, UTTAR PRADESH",1,86.4,86.39027777777778,100.0,0,Ignore
Guntur,11,86.4,30.08972222222222,54.5,0,Prioritize for Clearing
GUDIYATHAM REACH,1,86.4,86.36666666666666,100.0,0,Ignore
"Rampur HP, RAMPUR HP, HIMACHAL PRADESH",2,86.4,86.38138888888889,100.0,0,Ignore
KOCHI HUB (COKW),6,86.3,63.78013888888889,66.7,0,Prioritize for Clearing
BALU CHETTY CHATRAM REACH,3,86.3,65.73333333333333,66.7,0,Ignore
"Raebareli, Raebareli, UTTAR PRADESH",5,86.3,19.68111111111111,40.0,2,Prioritize for Clearing
LUDHIANA (LUDI),15,86.3,22.028055555555557,33.3,2,Prioritize for Clearing
Hospet,4,86.3,18.034861111111113,25.0,0,Ignore
"IEEJA, IEEJA, ANDHRA PRADESH",9,86.2,44.00805555555556,77.8,2,Prioritize for Clearing
"BOM/MLD-EHV, Mumbai, MAHARASHTRA",1,86.2,86.23694444444445,100.0,0,Ignore
"Alwar, Alwar, RAJASTHAN",23,86.0,19.322777777777777,47.8,4,Prioritize for Clearing
"HYD/BJH, Hyderabad, TELANGANA",25,86.0,33.96805555555556,68.0,2,Prioritize for Clearing
Siwan,4,86.0,86.52277777777778,50.0,0,Ignore
"Humnabad, HUMNABAD, KARNATAKA",2,85.9,85.88819444444444,50.0,0,Ignore
SURYAPET,18,85.9,25.675,50.0,2,Prioritize for Clearing
Ambala,39,85.9,16.685555555555556,41.0,1,Prioritize for Clearing
"Anakapalle, Anakapalle, ANDHRA PRADESH",3,85.9,111.9636111111111,66.7,0,Ignore
"Padubidri, Padubidri, KARNATAKA",1,85.8,85.8236111111111,100.0,0,Ignore
"Lar Town, Lar Town, UTTAR PRADESH",5,85.8,65.8711111111111,60.0,0,Prioritize for Clearing
"Arsikere, Arsikere, KARNATAKA",2,85.8,85.83833333333332,50.0,0,Ignore
Dachepalle,6,85.8,22.753888888888888,50.0,0,Prioritize for Clearing
Kottarakkara,13,85.7,11.478055555555555,30.8,1,Prioritize for Clearing
SIRONCHA,1,85.7,85.7,100.0,0,Ignore
Bhatapara,5,85.7,20.645,40.0,0,Prioritize for Clearing
Aurangabad,59,85.6,20.013055555555557,47.5,3,Prioritize for Clearing
Narsipatnam,4,85.6,10.170833333333334,25.0,0,Ignore
ELECTRONIC CITY (ELCT),8,85.5,52.50361111111111,100.0,0,Prioritize for Clearing
Khanapur,2,85.4,85.39375000000001,50.0,0,Ignore
"TIRUKANUR, VILLUPURAM, TAMIL NADU",1,85.3,85.34722222222223,100.0,0,Ignore
"Katihar, Katihar, BIHAR",13,85.3,17.883333333333333,38.5,6,Prioritize for Clearing
CHITRAKOOT,9,85.3,65.7,77.8,1,Prioritize for Clearing
"Ankleshwar, ANKLESHWAR, GUJARAT",12,85.3,49.526250000000005,75.0,2,Prioritize for Clearing
PATNA - PAT,2,85.2,85.21666666666665,50.0,0,Ignore
"Naraingarh, Naraingarh, HARYANA",7,85.2,48.08777777777778,100.0,0,Prioritize for Clearing
Hazaribagh,6,85.2,11.465555555555556,33.3,0,Prioritize for Clearing
BENGULURU,3,85.2,21.851666666666667,33.3,0,Ignore
"Bavada, Indapur, MAHARASHTRA",1,85.2,85.15638888888888,100.0,0,Ignore
ITANAGAR,1,85.1,85.11666666666666,100.0,0,Ignore
"BLR/SA-KGP, BANGALORE, KARNATAKA",5,85.1,63.16361111111111,60.0,0,Prioritize for Clearing
"Koppal1, Koppal, KARNATAKA",6,85.1,13.770416666666666,33.3,1,Prioritize for Clearing
Bhadr,1,84.9,84.90472222222222,100.0,0,Ignore
"ZIENUOBADZE, Kohima, NAGALAND",38,84.9,28.435833333333335,60.5,2,Prioritize for Clearing
"Bettiah, Bettiah, BIHAR",12,84.8,11.028472222222222,41.7,1,Prioritize for Clearing
Batala,4,84.8,16.337222222222223,25.0,0,Ignore
"Ahmednagar, Ahmednagar, MAHARASHTRA",7,84.8,8.145277777777778,28.6,0,Prioritize for Clearing
GUNA,11,84.7,28.133333333333333,81.8,0,Prioritize for Clearing
koraput,4,84.7,37.01763888888889,75.0,1,Ignore
TITWALA (Mumbai),5,84.7,11.58361111111111,20.0,0,Prioritize for Clearing
Dhulagarh,4,84.6,36.179722222222225,75.0,0,Ignore
"CCU/GPK-TML, Kolkata, WEST BENGAL",8,84.6,47.27930555555555,87.5,0,Prioritize for Clearing
"Thiruppuvanam, THIRUPPUVANAM, TAMIL NADU",1,84.6,84.61805555555556,100.0,0,Ignore
Dharapuram,2,84.6,84.62305555555555,50.0,0,Ignore
Asansol,14,84.6,23.726666666666667,50.0,1,Prioritize for Clearing
"Chamorshi, Chamorshi, MAHARASHTRA",6,84.6,60.27055555555555,100.0,0,Prioritize for Clearing
Jabalpur,38,84.6,23.995416666666667,44.7,4,Prioritize for Clearing
FDBD,817,84.5,8.21,39.0,11,Prioritize for Clearing
JAGTIAL,20,84.4,27.383333333333333,55.0,1,Prioritize for Clearing
NAZAFGARH,13,84.4,19.35,30.8,3,Prioritize for Clearing
THIRUNINRAVUR,14,84.3,31.191666666666666,57.1,2,Prioritize for Clearing
Ankola,2,84.2,84.24375,50.0,0,Ignore
G. UDAYAGIRI,2,84.2,84.24166666666666,50.0,0,Ignore
Udupi,8,84.1,22.91097222222222,37.5,0,Prioritize for Clearing
"Jhalamand, Jodhpur, RAJASTHAN",9,84.1,62.24,77.8,2,Prioritize for Clearing
JEEDIMETLA,71,84.1,24.316666666666666,45.1,8,Prioritize for Clearing
"KAJALGAON, Bongaigaon, ASSAM",5,84.0,23.755,40.0,2,Prioritize for Clearing
"Sasaram, Sasaram, BIHAR",2,84.0,84.02291666666667,50.0,0,Ignore
"Bengabad, Bengabad, JHARKHAND",5,84.0,45.181111111111115,80.0,0,Prioritize for Clearing
GANGAPUR CITY,3,83.9,27.416666666666668,66.7,0,Ignore
"CCU/DLP, Kolkata, WEST BENGAL",23,83.9,62.71083333333333,56.5,3,Prioritize for Clearing
"Himmat Nagar, Himmat Nagar, GUJARAT",8,83.9,36.09972222222222,75.0,1,Prioritize for Clearing
Mettur,4,83.9,14.252222222222223,25.0,0,Ignore
Jalgaon,21,83.9,24.249444444444446,47.6,0,Prioritize for Clearing
"Latehar, LATEHAR, JHARKHAND",1,83.8,83.75055555555555,100.0,0,Ignore
"Katapadi, KATAPADI, KARNATAKA",1,83.8,83.76611111111112,100.0,0,Ignore
"Sindhanur, Sindhanur, KARNATAKA",1,83.7,83.74305555555556,100.0,0,Ignore
BAPATLA,13,83.7,29.366666666666667,53.8,2,Prioritize for Clearing
"Nagaram, Hyderabad, TELANGANA",7,83.7,90.95138888888889,85.7,0,Prioritize for Clearing
HMNG,577,83.7,30.204166666666666,59.4,27,Prioritize for Clearing
Murad Nagar,11,83.5,17.049444444444443,36.4,3,Prioritize for Clearing
Danapur,5,83.5,11.099722222222223,40.0,1,Prioritize for Clearing
"RATH, RATH, UTTAR PRADESH",3,83.5,108.54416666666667,66.7,0,Ignore
"Rajpura, Rajpura, PUNJAB",10,83.5,53.79152777777777,60.0,1,Prioritize for Clearing
"Baggi, Mandi, HIMACHAL PRADESH",1,83.4,83.42833333333333,100.0,0,Ignore
"Manapparai, MANAPPARAI, TAMIL NADU",1,83.4,83.44944444444444,100.0,0,Ignore
Pandharpur,8,83.3,17.954444444444448,37.5,0,Prioritize for Clearing
Bahadurgarh,12,83.3,16.76736111111111,33.3,1,Prioritize for Clearing
Arakkonam,10,83.2,12.363611111111112,30.0,1,Prioritize for Clearing
Sullurpeta,2,83.2,83.21930555555555,50.0,0,Ignore
"Dhuburi, Goalpara, ASSAM",3,83.2,50.8825,100.0,0,Ignore
FARIDABAD - FAR,5,83.1,63.78333333333333,60.0,0,Prioritize for Clearing
Mannarkkad,4,83.1,83.6,50.0,0,Ignore
PANVEL,8,83.1,16.87375,37.5,1,Prioritize for Clearing
Burdwan,13,83.1,16.938055555555554,38.5,1,Prioritize for Clearing
HAZIRA,11,83.1,28.216666666666665,54.5,2,Prioritize for Clearing
Farukhabad,4,83.0,12.366527777777778,25.0,0,Ignore
KENDRAPARA,3,82.9,64.23333333333333,66.7,0,Ignore
K R PETE,4,82.9,56.483333333333334,50.0,0,Ignore
"RUDRUR, Bodhan, TELANGANA",2,82.9,82.85680555555555,100.0,0,Ignore
"Amritsar, AMRITSAR, PUNJAB",32,82.8,12.421111111111111,25.0,1,Prioritize for Clearing
UDAIPUR,27,82.8,21.86111111111111,40.7,2,Prioritize for Clearing
Upleta,6,82.8,55.34722222222223,66.7,0,Prioritize for Clearing
Kanpur,32,82.8,11.515694444444446,34.4,0,Prioritize for Clearing
BuxarHub_BXR,1,82.8,82.84138888888889,100.0,0,Ignore
"Pratapgarh1, Pratapgarh, UTTAR PRADESH",4,82.8,99.22194444444443,75.0,0,Ignore
"KANPUR, Kanpur, UTTAR PRADESH",27,82.8,16.57777777777778,44.4,1,Prioritize for Clearing
"RNC/KNK, Ranchi, JHARKHAND",20,82.6,24.548055555555557,50.0,1,Prioritize for Clearing
BANARHAT OFFICE,7,82.6,26.983333333333334,57.1,1,Prioritize for Clearing
Kathua,3,82.6,25.76388888888889,66.7,0,Ignore
Nashik,72,82.6,16.29208333333333,31.9,2,Prioritize for Clearing
"THIRUPPATHUR, THIRUPPATHUR, TAMIL NADU",1,82.5,82.54138888888889,100.0,0,Ignore
"ELATHUR, ELATHUR, KERALA",5,82.4,37.13111111111111,80.0,0,Prioritize for Clearing
"Bayana, Bayana, RAJASTHAN",14,82.3,27.77986111111111,64.3,1,Prioritize for Clearing
"Mettur, METTUR, TAMIL NADU",5,82.3,27.804444444444446,60.0,0,Prioritize for Clearing
TempleCityHub_IXM,1,82.3,82.32777777777778,100.0,0,Ignore
DIPHU OFFICE,10,82.3,52.699999999999996,60.0,1,Prioritize for Clearing
ARANTHANGI,3,82.2,88.2,66.7,0,Ignore
Trisshur,17,82.2,10.241388888888888,29.4,1,Prioritize for Clearing
Chikkaballapura,2,82.2,82.20652777777778,50.0,0,Ignore
TANUKU,4,82.2,51.208333333333336,50.0,2,Ignore
Vishakapatnam,27,82.2,22.516666666666666,44.4,1,Prioritize for Clearing
ERANDOL,8,82.1,27.741666666666667,62.5,1,Prioritize for Clearing
Patiala,50,82.1,17.281527777777775,40.0,0,Prioritize for Clearing
SASKodungallurODH_KLL,1,82.1,82.07111111111111,100.0,0,Ignore
Buldhana,13,82.1,22.038888888888888,38.5,1,Prioritize for Clearing
Dhanpura,6,82.0,23.445138888888888,50.0,0,Prioritize for Clearing
"Odhan, Odhan, HARYANA",3,82.0,113.04888888888888,66.7,0,Ignore
Junnar,5,82.0,11.45138888888889,40.0,0,Prioritize for Clearing
BUTC,31,81.9,19.73611111111111,45.2,2,Prioritize for Clearing
"Kaman, Kaman, RAJASTHAN",6,81.8,20.077638888888888,33.3,1,Prioritize for Clearing
Sherghati,4,81.8,21.71611111111111,50.0,0,Ignore
Aligarh,19,81.8,20.554166666666667,31.6,2,Prioritize for Clearing
Alleppey,14,81.7,9.230555555555554,42.9,0,Prioritize for Clearing
Tindivanam,4,81.7,36.050694444444446,75.0,0,Ignore
Itanagar,5,81.6,26.310555555555556,60.0,0,Prioritize for Clearing
"Chandur Railway, Chandur Railway, MAHARASHTRA",3,81.6,54.5275,100.0,0,Ignore
"Paramathi, Salem, TAMIL NADU",2,81.6,81.63055555555556,100.0,0,Ignore
"MALLIDI, BELLAMPALLI, TELANGANA",2,81.6,81.61166666666666,100.0,0,Ignore
Rayagada,4,81.6,28.155694444444443,50.0,0,Ignore
Katni,11,81.6,25.143055555555556,54.5,0,Prioritize for Clearing
SINGRAULI,2,81.5,81.51666666666667,100.0,0,Ignore
Hoshangabad,8,81.5,30.171666666666667,50.0,1,Prioritize for Clearing
"NAIDUPETA1, NAIDUPETA, ANDHRA PRADESH",4,81.4,15.916944444444443,25.0,1,Ignore
Solan,13,81.4,18.002777777777776,30.8,1,Prioritize for Clearing
"Ghosi, Ghosi, UTTAR PRADESH",3,81.2,45.83,66.7,0,Ignore
BANKA OFFICE,5,81.2,19.05,40.0,1,Prioritize for Clearing
JODHPUR WAREHOUSE,7,81.2,21.716666666666665,28.6,0,Prioritize for Clearing
ANANTAPUR,70,81.1,9.891666666666667,34.3,4,Prioritize for Clearing
Mokama,2,81.0,81.02180555555556,100.0,0,Ignore
"TINSUKIA, Tinsukia, ASSAM",7,81.0,8.288055555555555,42.9,1,Prioritize for Clearing
"Ayodhya, Ayodhya, UTTAR PRADESH",22,81.0,11.6175,36.4,2,Prioritize for Clearing
NOKHA,3,81.0,67.51666666666667,66.7,1,Ignore
"CJB/WEST-TML, Coimbatore, TAMIL NADU",14,81.0,25.585,50.0,3,Prioritize for Clearing
anantapur,4,81.0,49.02680555555556,50.0,0,Ignore
"Hojai, Hojai, ASSAM",4,81.0,73.3776388888889,75.0,0,Ignore
"Bhanjanagar, Bhanjanagar, ORISSA",6,80.9,52.539722222222224,100.0,0,Prioritize for Clearing
Tiruvalla,12,80.9,16.474305555555556,41.7,1,Prioritize for Clearing
"Balotra, Balotra, RAJASTHAN",4,80.9,29.37027777777778,75.0,0,Ignore
Kukas / Triveni City,4,80.9,46.364444444444445,50.0,0,Ignore
Ambika Kalna,1,80.8,80.76083333333334,100.0,0,Ignore
Ettumanoor,14,80.8,15.283194444444444,42.9,0,Prioritize for Clearing
"Mechogram, Panskura, WEST BENGAL",3,80.8,27.851388888888888,66.7,0,Ignore
Piduguralla,7,80.7,22.101666666666667,42.9,1,Prioritize for Clearing
Charumood,5,80.7,10.780555555555555,20.0,0,Prioritize for Clearing
Madhugiri,1,80.7,80.65,100.0,0,Ignore
Badaun,6,80.6,17.678194444444443,33.3,0,Prioritize for Clearing
MALUR,8,80.6,69.625,87.5,1,Prioritize for Clearing
Sunni,5,80.4,29.61611111111111,60.0,0,Prioritize for Clearing
KAPADVANJ,8,80.4,63.40833333333333,75.0,0,Prioritize for Clearing
"Jaora, Jaora, MADHYA PRADESH",6,80.3,53.41055555555556,66.7,1,Prioritize for Clearing
MAHABALIPURAM,2,80.3,80.275,100.0,0,Ignore
"Jarmundi, Jarmundi, JHARKHAND",2,80.2,80.24694444444444,50.0,0,Ignore
Ramganj,9,80.2,40.42055555555556,88.9,1,Prioritize for Clearing
Dabra,4,80.1,21.63319444444444,25.0,0,Ignore
"Kannanalloor, MUKATHALA, KERALA",2,80.1,80.11222222222221,100.0,0,Ignore
Zaheerabad,2,80.1,80.12791666666668,50.0,0,Ignore
"Jandu Singha, Jalandhar, PUNJAB",5,80.1,84.52416666666667,100.0,0,Prioritize for Clearing
DWARKA,7,80.1,111.31666666666666,57.1,3,Prioritize for Clearing
BILARA,6,80.1,25.108333333333334,50.0,2,Prioritize for Clearing
DABRA,7,80.1,34.483333333333334,71.4,1,Prioritize for Clearing
PANIPAT IOCL OFFICE,2,80.0,79.975,100.0,0,Ignore
Mohali,65,80.0,16.7525,38.5,1,Prioritize for Clearing
"Laheriyasarai, Darbhanga, BIHAR",20,80.0,28.68486111111111,50.0,0,Prioritize for Clearing
Bellari,4,80.0,10.237638888888888,25.0,0,Ignore
Dindigul,12,79.9,8.232222222222223,25.0,0,Prioritize for Clearing
"Ratlai, Ratlai, RAJASTHAN",2,79.9,79.89916666666667,50.0,0,Ignore
HAFLONG,5,79.9,21.333333333333332,40.0,0,Prioritize for Clearing
0,17,79.9,19.025277777777777,35.3,0,Prioritize for Clearing
Bhatinda,17,79.9,13.308055555555555,35.3,0,Prioritize for Clearing
Bahraich,3,79.9,19.724166666666665,33.3,0,Ignore
"Moolapalayam, ODDANCHATRAM, TAMIL NADU",6,79.8,60.15486111111112,83.3,1,Prioritize for Clearing
"Narnaul1, Narnaul, HARYANA",4,79.7,46.76152777777778,75.0,1,Ignore
Jalandhar,51,79.7,22.431944444444444,43.1,1,Prioritize for Clearing
Bengalore,17,79.6,15.920277777777779,47.1,0,Prioritize for Clearing
bhimadole,4,79.5,16.63861111111111,25.0,0,Ignore
Krishnagiri,3,79.4,9.005,33.3,0,Ignore
KALIMPONG,10,79.4,27.989305555555553,50.0,1,Prioritize for Clearing
Gangavathi,6,79.3,13.550416666666667,33.3,0,Prioritize for Clearing
Gaya,12,79.3,24.195416666666667,50.0,0,Prioritize for Clearing
BELDA,10,79.2,62.641666666666666,80.0,0,Prioritize for Clearing
Satna,6,79.2,19.19097222222222,33.3,0,Prioritize for Clearing
"Sinnar1, Sinner, MAHARASHTRA",2,79.2,79.21958333333333,50.0,1,Ignore
BOMMIDI,2,79.1,79.075,100.0,0,Ignore
Pathanamthitta,8,79.1,38.559305555555554,50.0,0,Prioritize for Clearing
Chhal,1,79.1,79.10888888888888,100.0,0,Ignore
Cuddalore,10,79.1,19.477222222222224,30.0,1,Prioritize for Clearing
"CHITHARA, CHITHARA, KERALA",2,78.9,78.85083333333333,100.0,0,Ignore
UDUMALPET,7,78.8,80.78333333333333,71.4,0,Prioritize for Clearing
"Amroha1, Amroha, UTTAR PRADESH",16,78.8,23.469444444444445,50.0,2,Prioritize for Clearing
Srirangapatna,6,78.7,17.761805555555554,33.3,1,Prioritize for Clearing
TIRUPATI OFFICE,86,78.7,11.758333333333333,41.9,3,Prioritize for Clearing
"Gorakhnath, Gorakhpur, UTTAR PRADESH",6,78.6,34.965694444444445,66.7,1,Prioritize for Clearing
Kongad,4,78.6,37.47958333333334,50.0,0,Ignore
"Pudukkottai, Pudukkottai, TAMIL NADU",6,78.5,28.78625,50.0,2,Prioritize for Clearing
Chandhanappalli,4,78.5,35.86388888888889,50.0,0,Ignore
Nagapattinam,5,78.4,29.10222222222222,60.0,0,Prioritize for Clearing
"Shivapura, shivapura, KARNATAKA",11,78.3,31.33972222222222,72.7,1,Prioritize for Clearing
Arambagh,4,78.3,18.244999999999997,50.0,0,Ignore
Bhimavaram,7,78.3,20.594166666666666,28.6,0,Prioritize for Clearing
Hubli,31,78.3,16.493333333333332,35.5,1,Prioritize for Clearing
Navelim Hub Navelim,12,78.2,7.989305555555555,25.0,0,Prioritize for Clearing
RAIGANJ,4,78.2,82.18527777777778,75.0,0,Ignore
VAIKOM,9,78.2,16.69972222222222,33.3,0,Prioritize for Clearing
"Madukkarai, Malumichampatti, TAMIL NADU",3,78.2,63.191944444444445,66.7,0,Ignore
Sunder Nagar,4,78.2,24.823611111111113,50.0,1,Ignore
"Bagha Purana, Bagha Purana, PUNJAB",7,78.1,48.24916666666667,71.4,0,Prioritize for Clearing
"Sevoke Road, SILIGURI, WEST BENGAL",22,78.1,34.20388888888888,63.6,2,Prioritize for Clearing
Shillong,12,78.1,19.37708333333333,41.7,0,Prioritize for Clearing
Nandigram,4,78.1,16.38111111111111,25.0,0,Ignore
SAVNER,9,78.0,18.180833333333332,33.3,0,Prioritize for Clearing
TIRUPUR PALADAM ROAD,9,78.0,41.63333333333333,66.7,2,Prioritize for Clearing
GADCHIROLI,13,78.0,26.166666666666668,53.8,0,Prioritize for Clearing
MULUGU REACH,16,77.9,29.041666666666664,56.3,0,Prioritize for Clearing
Sangli,22,77.8,11.109027777777778,36.4,1,Prioritize for Clearing
Munirabad,6,77.7,22.318333333333335,33.3,0,Prioritize for Clearing
Dhanbad,6,77.7,28.694722222222225,50.0,0,Prioritize for Clearing
Kadapa,14,77.6,14.282499999999999,35.7,2,Prioritize for Clearing
SIRMAUR,2,77.5,77.48819444444445,100.0,0,Ignore
PALAKOLLU REACH,8,77.5,56.36666666666667,87.5,0,Prioritize for Clearing
"Baliapur, Baliapur, JHARKHAND",2,77.5,77.50263888888888,50.0,1,Ignore
"Manjery, Manjery, KERALA",2,77.4,77.41180555555556,100.0,0,Ignore
Nileshwar,12,77.4,41.02194444444444,66.7,0,Prioritize for Clearing
Sarangarh,2,77.3,77.32749999999999,50.0,0,Ignore
MALAPURAM,10,77.2,17.93013888888889,30.0,4,Prioritize for Clearing
VIRAMGAM,3,77.2,84.85,100.0,0,Ignore
BILLGI,6,77.2,23.516666666666666,16.7,1,Prioritize for Clearing
BHOPAL (BHPL),3,77.2,62.66027777777778,100.0,0,Ignore
MAHAPE,59,77.2,27.583333333333332,61.0,10,Prioritize for Clearing
DALSINGH SARAI OFFICE,2,77.1,77.08333333333334,100.0,0,Ignore
Sonipat /Murthal,5,77.1,15.730277777777777,20.0,1,Prioritize for Clearing
Bilaspur,28,77.0,22.844305555555557,46.4,0,Prioritize for Clearing
"Kadodara, Surat, GUJARAT",7,76.9,29.676111111111112,71.4,0,Prioritize for Clearing
GORAKHPUR WAREHOUSE,2,76.9,76.85833333333333,100.0,0,Ignore
Allahabad,41,76.8,15.048333333333334,31.7,2,Prioritize for Clearing
PITHORAGARH,15,76.7,23.266666666666666,46.7,3,Prioritize for Clearing
ANNR,3,76.7,28.869722222222222,66.7,0,Ignore
HOSANAGARA,2,76.6,76.64916666666667,50.0,0,Ignore
"Kharkhoda, Kharkhoda, HARYANA",2,76.6,76.63569444444445,100.0,0,Ignore
Narsinghpur,3,76.6,27.531111111111112,66.7,0,Ignore
"Wardha, Wardha, MAHARASHTRA",37,76.6,11.657777777777778,29.7,1,Prioritize for Clearing
Guntakal,4,76.6,14.878472222222221,25.0,0,Ignore
PHAGWARA,37,76.6,9.2,27.0,5,Prioritize for Clearing
Sangareddy,6,76.4,11.284583333333334,33.3,0,Prioritize for Clearing
Siliguri,29,76.4,20.829166666666666,48.3,1,Prioritize for Clearing
Rajkot,90,76.3,21.589305555555555,44.4,4,Prioritize for Clearing
"Gotan, GOTAN, RAJASTHAN",6,76.3,69.88569444444445,66.7,0,Prioritize for Clearing
Baripada,2,76.3,76.34472222222223,50.0,0,Ignore
Puri,11,76.2,8.006666666666666,36.4,0,Prioritize for Clearing
"Khandwa, Khandwa, MADHYA PRADESH",8,76.2,23.072499999999998,37.5,1,Prioritize for Clearing
"CHANGSARI, baihata, ASSAM",2,76.2,76.23569444444445,50.0,0,Ignore
"Rudrapur, Rudrapur, UTTARAKHAND",27,76.1,10.010833333333334,29.6,3,Prioritize for Clearing
KANNUR,15,76.1,27.1975,53.3,1,Prioritize for Clearing
"HARIDWAR, Haridwar, UTTARAKHAND",39,76.1,16.323333333333334,41.0,2,Prioritize for Clearing
Gonda,5,76.1,45.83444444444444,60.0,0,Prioritize for Clearing
Kharar,3,76.1,56.04333333333334,66.7,0,Ignore
Tiruvalla Hub,1,76.0,76.04472222222222,100.0,0,Ignore
"AMB/SA-GDM, AMBUR, TAMIL NADU",4,76.0,13.065833333333334,25.0,1,Ignore
BELLAMPALLY REACH,6,76.0,22.183333333333334,33.3,0,Prioritize for Clearing
Palakkad,19,75.9,10.233055555555556,42.1,1,Prioritize for Clearing
Tuticorin,17,75.8,17.019444444444446,41.2,0,Prioritize for Clearing
"Areraj, Areraj, BIHAR",3,75.8,85.01805555555555,100.0,0,Ignore
Mangalapuram,12,75.8,24.2475,50.0,0,Prioritize for Clearing
tenkasi,8,75.7,20.123055555555556,37.5,0,Prioritize for Clearing
"Kakinara-TML, Kolkata, WEST BENGAL",14,75.6,20.899722222222223,42.9,3,Prioritize for Clearing
Gandhidham,13,75.6,17.528333333333332,38.5,0,Prioritize for Clearing
GUNUPUR,4,75.6,20.710416666666667,25.0,0,Ignore
Panipat,11,75.6,8.687777777777777,27.3,3,Prioritize for Clearing
RAJSAMAND,8,75.6,56.11666666666667,62.5,0,Prioritize for Clearing
Fatehabad,6,75.5,16.838472222222222,33.3,1,Prioritize for Clearing
Coochbehar,7,75.5,23.596666666666668,42.9,0,Prioritize for Clearing
GODHRA EXTENSION,3,75.5,27.216666666666665,66.7,0,Ignore
Kesinga,2,75.5,75.49888888888889,50.0,0,Ignore
KOTTARAKKARA,11,75.5,27.7,54.5,0,Prioritize for Clearing
NANDANAM,44,75.5,7.008333333333333,38.6,0,Prioritize for Clearing
Jagraon,6,75.5,10.877361111111112,33.3,1,Prioritize for Clearing
GURUGRAM PATAUDI,14,75.5,61.19166666666666,64.3,1,Prioritize for Clearing
BAGALKOT,58,75.4,13.325,37.9,5,Prioritize for Clearing
"HYD/NZP, Hyderabad, TELANGANA",5,75.4,61.19277777777778,80.0,0,Prioritize for Clearing
THANE - THN,3,75.4,35.5,100.0,0,Ignore
"Raghunathpur, Raghunathpur, WEST BENGAL",3,75.3,85.94583333333334,100.0,0,Ignore
Karur Hub,1,75.2,75.16638888888889,100.0,0,Ignore
Patti,7,75.2,22.23,28.6,0,Prioritize for Clearing
"Mahua, Mahua, BIHAR",5,75.2,23.949444444444445,40.0,1,Prioritize for Clearing
"Bilashipara, Bilashipara, ASSAM",3,75.2,22.595833333333335,33.3,1,Ignore
"Khedbrahma, KHEDBRAHMA, GUJARAT",6,75.2,32.79805555555556,50.0,0,Prioritize for Clearing
Thiruvarur,7,75.2,28.891111111111112,85.7,0,Prioritize for Clearing
"Baghmara, Dhanbad, JHARKHAND",3,75.1,112.9725,66.7,1,Ignore
SAMRALA,6,75.1,12.927083333333332,33.3,0,Prioritize for Clearing
Mangalore,44,75.0,22.995833333333334,43.2,3,Prioritize for Clearing
"Agroha, Agroha, HARYANA",7,75.0,33.422777777777775,57.1,1,Prioritize for Clearing
"Bakkalam, Kannur, KERALA",6,75.0,8.025972222222222,33.3,2,Prioritize for Clearing
Edappal,12,75.0,25.82138888888889,50.0,0,Prioritize for Clearing
"Sirmathura, Sirmathura, RAJASTHAN",4,74.9,25.546666666666667,50.0,0,Ignore
MULKY,15,74.9,8,33.3,0,Prioritize for Clearing
"MATHURA, Mathura, UTTAR PRADESH",45,74.8,24.415277777777778,48.9,1,Prioritize for Clearing
RAJGARH(BIA),3,74.7,27.62611111111111,66.7,0,Ignore
Kavindapadi,4,74.7,14.235277777777778,25.0,1,Ignore
OSMANABAD,6,74.6,22.90833333333333,33.3,1,Prioritize for Clearing
Rewa,8,74.6,22.56972222222222,25.0,0,Prioritize for Clearing
"Nadiad, Nadiad, GUJARAT",9,74.5,7.098611111111111,44.4,1,Prioritize for Clearing
"Jagdalpur, Jagdalpur, CHHATTISGARH",23,74.5,30.561666666666667,52.2,3,Prioritize for Clearing
Supaul,2,74.4,74.43388888888889,50.0,0,Ignore
KODAIKANAL,6,74.3,44.775,66.7,0,Prioritize for Clearing
"Raisinghnagar, Raisinghnagar, RAJASTHAN",5,74.2,19.656388888888888,40.0,1,Prioritize for Clearing
Bandikui,2,74.2,74.24819444444444,100.0,0,Ignore
CABTMaidanODH_KOL,1,74.1,74.11666666666666,100.0,0,Ignore
BhawanipurSplitODH_KOL,1,74.0,74.01527777777778,100.0,0,Ignore
Karanjia,3,74.0,11.143888888888888,33.3,0,Ignore
PALAMANER REACH,8,74.0,43.85,75.0,0,Prioritize for Clearing
BUNDI,11,74.0,25.933333333333334,72.7,0,Prioritize for Clearing
SRINAGAR,3,74.0,37.038333333333334,66.7,0,Ignore
parvathipuram,4,73.9,8.540833333333333,25.0,0,Ignore
WADALA,236,73.9,8.483333333333334,28.4,8,Prioritize for Clearing
SALS,112,73.9,13.621111111111112,40.2,1,Prioritize for Clearing
AMBS,5,73.8,31.279722222222222,60.0,0,Prioritize for Clearing
DEGLUR,4,73.7,9.140277777777778,25.0,0,Ignore
Bidar,9,73.7,20.091666666666665,44.4,0,Prioritize for Clearing
Shahganj,2,73.7,73.69583333333333,50.0,0,Ignore
Morena,11,73.6,28.408055555555556,54.5,0,Prioritize for Clearing
Jharsuguda,6,73.6,13.506250000000001,33.3,1,Prioritize for Clearing
"Dewas1, Dewas, MADHYA PRADESH",32,73.5,15.919444444444444,43.8,2,Prioritize for Clearing
"Barobisha, Barobisha, WEST BENGAL",2,73.5,73.50013888888888,50.0,0,Ignore
banswara,7,73.5,16.413055555555555,28.6,0,Prioritize for Clearing
MANN,323,73.4,17.79361111111111,40.6,10,Prioritize for Clearing
Vayathur,9,73.4,25.591944444444444,55.6,0,Prioritize for Clearing
Farrukhabad,14,73.3,20.97152777777778,35.7,0,Prioritize for Clearing
VIJAYAWADA,27,73.2,10.195277777777777,33.3,1,Prioritize for Clearing
JLB SERVICE CENTRE,130,73.1,18.791666666666668,35.4,4,Prioritize for Clearing
Gumla,3,73.1,7.724444444444444,33.3,0,Ignore
Ferozepur,8,73.1,16.307916666666664,25.0,0,Prioritize for Clearing
"Dalsinghsarai, DALSINGHSARAI, BIHAR",5,73.1,40.61194444444445,60.0,0,Prioritize for Clearing
Kanke,10,73.1,42.8725,60.0,0,Prioritize for Clearing
CHIDAMBARAM,3,73.1,107.55,66.7,1,Ignore
KUSHKHERA,91,73.0,25.166666666666668,51.6,7,Prioritize for Clearing
FerokeHUB_FRK,1,73.0,72.98638888888888,100.0,0,Ignore
Tarantaran,4,73.0,20,25.0,0,Ignore
Umarkhed,2,72.9,72.90680555555556,50.0,0,Ignore
"Parbhani, Parbhani, MAHARASHTRA",5,72.9,13.768888888888888,40.0,0,Prioritize for Clearing
BARRACKPORE,4,72.9,60.89166666666667,50.0,0,Ignore
Bagalkot,8,72.9,11.904583333333333,25.0,0,Prioritize for Clearing
Njarakkal,6,72.9,11.260833333333334,33.3,0,Prioritize for Clearing
"NGP/JPK, Nagpur, MAHARASHTRA",11,72.9,63.724444444444444,63.6,3,Prioritize for Clearing
"Bhunter, BHUNTER, HIMACHAL PRADESH",9,72.9,46.81861111111111,77.8,0,Prioritize for Clearing
"Bagodar, Bagodar, JHARKHAND",4,72.8,72.83402777777778,50.0,0,Ignore
"Begusarai, Begusarai, BIHAR",25,72.8,14.605277777777777,36.0,3,Prioritize for Clearing
JAMSHEDPUR,2,72.8,72.78625,50.0,0,Ignore
BUND GARDEN,118,72.8,3.85,30.5,0,Prioritize for Clearing
"PNQ/WKD, PUNE, MAHARASHTRA",14,72.7,28.582500000000003,64.3,0,Prioritize for Clearing
"Pandua, Pandua, WEST BENGAL",5,72.7,22.693055555555556,40.0,1,Prioritize for Clearing
"Amravati, AMRAVATI, MAHARASHTRA",48,72.7,10.819583333333334,33.3,1,Prioritize for Clearing
"DEMOW, SIVSAGAR, ASSAM",3,72.7,27.69388888888889,66.7,0,Ignore
"JAI/PKM1, Jaipur, RAJASTHAN",13,72.6,28.76527777777778,53.8,1,Prioritize for Clearing
Agra,63,72.6,16.86638888888889,39.7,4,Prioritize for Clearing
Osmanabad,5,72.5,27.510833333333334,60.0,0,Prioritize for Clearing
"ALIGARH, Aligarh, UTTAR PRADESH",90,72.5,14.23986111111111,28.9,5,Prioritize for Clearing
BAGLI,3,72.4,21.601944444444445,33.3,0,Ignore
"Navnagar, NAVNAGAR, KARNATAKA",5,72.4,15.578333333333333,40.0,0,Prioritize for Clearing
Malerkotla S.O,3,72.3,18.511388888888888,33.3,0,Ignore
"SKota1, S Kota, ANDHRA PRADESH",2,72.3,72.25777777777778,50.0,0,Ignore
VELLORE,86,72.2,6.491666666666667,32.6,5,Prioritize for Clearing
Karjan,4,72.1,49.87013888888889,75.0,0,Ignore
TIRUCHENDUR,4,72.0,43.516666666666666,50.0,0,Ignore
HDPM,535,72.0,22.5,42.6,2,Prioritize for Clearing
SHAHPURA,8,71.9,25.791666666666664,75.0,0,Prioritize for Clearing
"MUNDRA, MUNDRA, GUJARAT",7,71.9,25.97861111111111,57.1,0,Prioritize for Clearing
Ratnagiri,11,71.8,21.79083333333333,45.5,0,Prioritize for Clearing
"Kauriram, Kauriram, UTTAR PRADESH",5,71.8,35.74527777777778,80.0,0,Prioritize for Clearing
saharsa,6,71.8,30.879444444444445,50.0,1,Prioritize for Clearing
GIDDERBAHA,2,71.8,71.84402777777777,50.0,0,Ignore
Gaya Hub,1,71.7,71.70361111111112,100.0,0,Ignore
PATHANKOT,2,71.7,71.67194444444445,50.0,0,Ignore
"Barhi, Barhi, MADHYA PRADESH",7,71.7,24.280277777777776,42.9,1,Prioritize for Clearing
AGRA SFC/APEX PUD,3,71.7,37.45,66.7,0,Ignore
"ANAND, ANAND, GUJARAT",32,71.6,7.33375,34.4,3,Prioritize for Clearing
Thenjipalam,8,71.6,20.935694444444444,37.5,0,Prioritize for Clearing
ChapraHub_CPR,1,71.6,71.57444444444444,100.0,0,Ignore
"Shikohabad, SHIKOHABAD, UTTAR PRADESH",8,71.6,42.38777777777778,75.0,1,Prioritize for Clearing
"Baori, Jodhpur, RAJASTHAN",3,71.5,19.78388888888889,33.3,0,Ignore
SIWAN,3,71.4,22.91111111111111,33.3,0,Ignore
"KARAIKAL, KARAIKAL, TAMIL NADU",5,71.4,23.901944444444446,40.0,0,Prioritize for Clearing
"Vinukonda, Vinukonda, ANDHRA PRADESH",2,71.4,71.42319444444445,100.0,0,Ignore
ELECTRONIC CITY,35,71.3,26.75,54.3,2,Prioritize for Clearing
"Surajpur, Bishrampur, CHHATTISGARH",4,71.3,40.49458333333333,100.0,0,Ignore
AMROHA,18,71.3,40.09166666666667,55.6,1,Prioritize for Clearing
LakeTown Hub Kolkata,5,71.2,6.681388888888889,20.0,0,Prioritize for Clearing
"Satna, Satna, MADHYA PRADESH",42,71.2,15.379861111111111,47.6,5,Prioritize for Clearing
"Gangavathi2, GANGAVATHI, KARNATAKA",3,71.2,30.974722222222223,66.7,0,Ignore
"Sankagiri, Sankagiri, TAMIL NADU",2,71.2,71.19458333333334,100.0,0,Ignore
"BASKANDI, fulertal, ASSAM",3,71.2,25.254444444444445,66.7,1,Ignore
CHAKRADHARPUR,3,71.1,89.88333333333334,66.7,0,Ignore
TOLICHOWKI,14,71.0,24.06666666666667,50.0,2,Prioritize for Clearing
Sidhi,4,71.0,23.01861111111111,25.0,0,Ignore
Dhemaji,2,71.0,71.01472222222222,100.0,0,Ignore
Thuravoor,6,71.0,34.477916666666665,50.0,0,Prioritize for Clearing
KOLKATA,30,71.0,14.885555555555555,36.7,1,Prioritize for Clearing
"Babulpeth, Chandrapur, MAHARASHTRA",4,71.0,66.55152777777778,100.0,0,Ignore
"BOM/MLD, Mumbai, MAHARASHTRA",25,70.9,37.65361111111111,76.0,0,Prioritize for Clearing
MELAGHAR,10,70.9,55.21666666666667,60.0,0,Prioritize for Clearing
MORAN,4,70.9,53.375,50.0,0,Ignore
Noida,182,70.8,12.461666666666666,35.2,1,Prioritize for Clearing
Mathura,13,70.8,9.52138888888889,30.8,2,Prioritize for Clearing
"Atela, Atela, HARYANA",3,70.8,66.73361111111112,66.7,0,Ignore
MEHAM,7,70.8,20.933333333333334,42.9,2,Prioritize for Clearing
"Murnad1, MURNAD, KARNATAKA",10,70.8,14.09611111111111,40.0,2,Prioritize for Clearing
Porbandar,11,70.8,17.446666666666665,27.3,0,Prioritize for Clearing
Jamnagar,33,70.7,22.6425,45.5,2,Prioritize for Clearing
Humnabad,5,70.7,14.777777777777779,40.0,1,Prioritize for Clearing
Ramgarh,8,70.7,11.97111111111111,25.0,0,Prioritize for Clearing
Betul,6,70.7,51.98833333333333,50.0,0,Prioritize for Clearing
"Shahpur JH, Shahpur JH, JHARKHAND",5,70.7,88.60805555555555,80.0,1,Prioritize for Clearing
Barnala,3,70.6,16.366666666666667,33.3,0,Ignore
Poojapura,6,70.5,12.883888888888889,33.3,0,Prioritize for Clearing
"MARTHANDAM, MARTHANDAM, TAMIL NADU",2,70.5,70.46638888888889,100.0,0,Ignore
"Dariyawad, Dariyawad, RAJASTHAN",2,70.5,70.50652777777778,100.0,0,Ignore
THIRUVALLA,16,70.4,34.141666666666666,75.0,0,Prioritize for Clearing
"JMD/GMR, Jamshedpur, JHARKHAND",17,70.4,28.058611111111112,64.7,1,Prioritize for Clearing
Barmer,6,70.4,31.00138888888889,66.7,1,Prioritize for Clearing
"Mohol, Mohol, MAHARASHTRA",2,70.4,70.39652777777778,100.0,0,Ignore
Kolhapur,24,70.4,16.480694444444445,41.7,0,Prioritize for Clearing
Chintamani,19,70.4,15.773055555555555,36.8,0,Prioritize for Clearing
Sundargarh,5,70.3,50.34888888888889,60.0,0,Prioritize for Clearing
HOSHIARPUR,6,70.3,62.753888888888895,66.7,0,Prioritize for Clearing
KANCHIPURAM,29,70.3,18,37.9,0,Prioritize for Clearing
Amravati,19,70.2,10.143055555555556,31.6,0,Prioritize for Clearing
RMRN,204,70.2,14.259027777777778,42.6,7,Prioritize for Clearing
Jajpur,2,70.1,70.0898611111111,50.0,0,Ignore
SPEEDER COURIER POWERFLEX TIRUCHIRAPPALLI,1,70.0,70.01222222222222,100.0,0,Ignore
"RajapurMH, Rajapur, MAHARASHTRA",2,70.0,69.96305555555556,100.0,0,Ignore
"AMBARNATH/ULASHNAGAR, AMBARNATH, MAHARASHTRA",16,70.0,9.181666666666667,25.0,2,Prioritize for Clearing
"BHADRAK, BHADRAK, ORISSA",6,70.0,29.31861111111111,50.0,2,Prioritize for Clearing
MANDI ADAMPUR,8,69.9,25.208333333333336,50.0,2,Prioritize for Clearing
Panchkula,27,69.9,17.612222222222222,40.7,0,Prioritize for Clearing
CHENGANNUR,32,69.9,26.525,53.1,1,Prioritize for Clearing
"Edakunnam, edakunnam, KERALA",4,69.8,63.680277777777775,100.0,0,Ignore
PARRYS,279,69.8,37.88333333333333,68.1,1,Prioritize for Clearing
"Anoopgarh, Anoopgarh, RAJASTHAN",2,69.8,69.7976388888889,100.0,0,Ignore
Korba,5,69.8,18.95638888888889,40.0,0,Prioritize for Clearing
"Nandyal, Nandyal, ANDHRA PRADESH",9,69.7,16.575277777777778,33.3,1,Prioritize for Clearing
RATIA,5,69.7,45.916666666666664,60.0,0,Prioritize for Clearing
"Jatni, Jatni, ORISSA",17,69.7,18.8575,35.3,1,Prioritize for Clearing
"Munger, Munger, BIHAR",9,69.6,22.62611111111111,44.4,1,Prioritize for Clearing
"Fazilka, Fazilka, PUNJAB",3,69.5,97.67805555555556,66.7,1,Ignore
Panjim,32,69.5,13.064583333333335,34.4,0,Prioritize for Clearing
Gorakhpur,22,69.4,22.598888888888887,40.9,1,Prioritize for Clearing
THANJAVUR,49,69.3,7.85,38.8,8,Prioritize for Clearing
chittorgarh,8,69.3,16.616944444444442,37.5,0,Prioritize for Clearing
"Karamadai, ANNUR, TAMIL NADU",1,69.3,69.34444444444445,100.0,1,Ignore
SELU,6,69.1,37.52583333333333,66.7,1,Prioritize for Clearing
Panruti,5,69.0,58.33027777777778,60.0,0,Prioritize for Clearing
DINAHATA,11,69.0,30.833333333333332,72.7,1,Prioritize for Clearing
SORABHA,2,68.9,68.85833333333333,100.0,0,Ignore
"Mandi, Mandi, HIMACHAL PRADESH",20,68.8,12.176944444444445,40.0,4,Prioritize for Clearing
"Shajapur, Shajapur, MADHYA PRADESH",2,68.8,68.82541666666665,50.0,0,Ignore
"Vatika, Jaipur, RAJASTHAN",8,68.8,11.886944444444445,25.0,2,Prioritize for Clearing
"MLR/SKT, Mangalore, KARNATAKA",2,68.7,68.73847222222221,100.0,0,Ignore
YESHWANTPUR,168,68.6,9.366666666666667,30.4,7,Prioritize for Clearing
"RK PETTAI, Ranipet, TAMIL NADU",2,68.5,68.50152777777778,100.0,0,Ignore
OldTownHub_BBI,1,68.5,68.50111111111111,100.0,0,Ignore
Datia,4,68.5,11.674027777777777,25.0,0,Ignore
Verna,19,68.5,13.748055555555556,31.6,1,Prioritize for Clearing
"Lakhisarai, Lakhisarai, BIHAR",3,68.5,39.918055555555554,100.0,0,Ignore
Kendarapara,2,68.5,68.53194444444443,100.0,0,Ignore
Kasargod,8,68.4,32.025416666666665,75.0,0,Prioritize for Clearing
TopsiaHub_KOL Kolkata,4,68.4,8.747083333333332,25.0,0,Ignore
Bellary,39,68.4,17.461666666666666,41.0,1,Prioritize for Clearing
"VPT/GWK-1, Visakhapatnam, ANDHRA PRADESH",8,68.4,25.61013888888889,50.0,0,Prioritize for Clearing
Attur,13,68.4,18.160555555555554,38.5,0,Prioritize for Clearing
Lakhisarai,6,68.4,33.138888888888886,83.3,0,Prioritize for Clearing
"JIRIGHAT, fulertal, ASSAM",2,68.4,68.42402777777778,100.0,0,Ignore
JAMNAGAR,15,68.4,25.533333333333335,53.3,1,Prioritize for Clearing
Sangamner,7,68.3,25.4775,57.1,1,Prioritize for Clearing
HANSI,6,68.3,48.141666666666666,66.7,1,Prioritize for Clearing
MAKRANA,3,68.1,17.241666666666667,33.3,1,Ignore
"Jaisalmer, Jaisalmer, RAJASTHAN",14,68.1,18.62916666666667,35.7,1,Prioritize for Clearing
Begusarai,6,68.1,20.581666666666667,33.3,0,Prioritize for Clearing
KOTPUTLI,4,68.0,38.150277777777774,50.0,0,Ignore
DALHOUSIE,8,67.9,22.96666666666667,37.5,2,Prioritize for Clearing
Agartala,9,67.9,59.16138888888889,55.6,1,Prioritize for Clearing
MOKAMA OFFICE,4,67.8,63.758333333333326,100.0,0,Ignore
"SULLIA, Sullia, KARNATAKA",2,67.8,67.7776388888889,50.0,0,Ignore
MANDIDEEP,4,67.8,26.125,50.0,0,Ignore
Adimali,8,67.7,8.852222222222222,37.5,0,Prioritize for Clearing
BONGAIGAON OFFICE,21,67.7,9.45,38.1,3,Prioritize for Clearing
"HOJAI, ASSAM, IN",2,67.6,67.56986111111111,100.0,1,Ignore
Sangrur,20,67.6,14.808333333333334,40.0,0,Prioritize for Clearing
Baijnath,4,67.6,21.05652777777778,25.0,1,Ignore
NISHIGANJ,2,67.5,67.53333333333332,50.0,1,Ignore
"PUNE, Maharashtra, IN",1,67.5,67.5363888888889,100.0,1,Ignore
DHAMPUR,8,67.5,21.115277777777777,25.0,0,Prioritize for Clearing
"Mahagama, Mahagama, JHARKHAND",4,67.5,45.89583333333333,75.0,0,Ignore
KAILASHAHAR,3,67.5,23.383333333333333,33.3,0,Ignore
"Jorhat, Jorhat, ASSAM",35,67.5,12.210833333333333,34.3,0,Prioritize for Clearing
"Shahpur, Shahpur, HIMACHAL PRADESH",1,67.4,67.44666666666667,100.0,0,Ignore
"Shiroda, Shiroda, MAHARASHTRA",3,67.4,64.3825,100.0,0,Ignore
"MYS/NRM-TML, Mysore, KARNATAKA",5,67.4,88.39972222222222,80.0,0,Prioritize for Clearing
"HYD/SEC, Hyderabad, TELANGANA",18,67.4,36.943749999999994,72.2,2,Prioritize for Clearing
"Panna, Panna, MADHYA PRADESH",6,67.4,34.14361111111111,83.3,0,Prioritize for Clearing
"BLI/Ballia, Ballia, UTTAR PRADESH",12,67.3,12.646805555555556,41.7,1,Prioritize for Clearing
"Kasargode, Kasargode, KERALA",10,67.2,23.621944444444445,30.0,1,Prioritize for Clearing
"Rayachoty, Rayachoty, ANDHRA PRADESH",4,67.2,58.33444444444444,75.0,0,Ignore
Mahabubabad,5,67.1,15.7275,40.0,0,Prioritize for Clearing
PNJ GROUND WAREHOUSE,76,67.1,9.225,30.3,1,Prioritize for Clearing
"Ambaji, AMBAJI, GUJARAT",2,67.1,67.10958333333333,100.0,0,Ignore
"LKO/TPN, Lucknow, UTTAR PRADESH",18,67.1,8.897916666666667,27.8,4,Prioritize for Clearing
Dehradun,125,67.0,17.30527777777778,32.0,4,Prioritize for Clearing
"Bhainsa, BHAINSA, TELANGANA",12,67.0,49.74236111111111,75.0,0,Prioritize for Clearing
NAKHATRANA,3,67.0,64.54138888888889,66.7,0,Ignore
KNDE,1205,67.0,20.250555555555554,47.4,22,Prioritize for Clearing
"Chhawlhhum, AIZAWL, MIZORAM",3,67.0,66.87416666666667,66.7,0,Ignore
"Nagaur, Nagaur, RAJASTHAN",13,66.9,45.23722222222222,69.2,2,Prioritize for Clearing
"Samod, Chomu, RAJASTHAN",2,66.9,66.88236111111111,100.0,2,Ignore
Mul,3,66.8,24.380277777777778,33.3,0,Ignore
Adoor,10,66.8,14.12736111111111,30.0,0,Prioritize for Clearing
"Latur, Latur, MAHARASHTRA",12,66.7,15.387083333333333,33.3,0,Prioritize for Clearing
Kalmeshwar,4,66.6,6.947638888888887,25.0,2,Ignore
Marthandam,5,66.6,18.05,20.0,0,Prioritize for Clearing
Malayinkeezh,4,66.5,37.25888888888889,50.0,0,Ignore
PEENYA APX/SFC PUD CENTRE,18,66.5,31.608333333333334,83.3,0,Prioritize for Clearing
sattenapalli,5,66.5,16.90361111111111,20.0,0,Prioritize for Clearing
"Kakdweep, Kakdwip, WEST BENGAL",4,66.5,5.156388888888889,25.0,1,Ignore
"Salepur OR, Salepur OR, ORISSA",2,66.4,66.36694444444444,50.0,0,Ignore
"Chhapra, Chhapra, BIHAR",19,66.4,13.156666666666666,31.6,2,Prioritize for Clearing
Thorrur,4,66.3,45.62916666666666,75.0,0,Ignore
LOWER PAREL (LPRL),1,66.2,66.245,100.0,1,Ignore
LATEHAR OFFICE,1,66.2,66.2,100.0,0,Ignore
Anjar,15,66.2,15.684166666666666,33.3,0,Prioritize for Clearing
"Kishangarh Bas, Kishangarh Bas, RAJASTHAN",2,66.1,66.1,100.0,0,Ignore
DELHI HUB (DELW),247,66.1,22.441944444444445,43.3,3,Prioritize for Clearing
"Belur, Hassan, KARNATAKA",4,66.1,18.858472222222222,50.0,1,Ignore
"Raichur, Raichur, KARNATAKA",13,66.1,15.39861111111111,38.5,1,Prioritize for Clearing
"KILIMANOOR, Trivandrum, KERALA",1,66.1,66.05972222222222,100.0,0,Ignore
Mahasamund,4,66.1,13.79375,25.0,0,Ignore
"Mandi Dabwali, MANDI DABWALI, PUNJAB",6,66.1,26.950972222222223,50.0,0,Prioritize for Clearing
Nakodar,10,66.0,18.520833333333332,30.0,0,Prioritize for Clearing
"Jaijaipur, DABHARA, CHHATTISGARH",1,66.0,65.95416666666667,100.0,0,Ignore
Rohtak,21,66.0,9.855,33.3,3,Prioritize for Clearing
Delhi,3550,65.8,10.030694444444444,30.4,41,Prioritize for Clearing
Akola,16,65.8,15.817222222222222,31.3,1,Prioritize for Clearing
"Talwandi Sabo, Talwandi, PUNJAB",2,65.8,65.82791666666665,50.0,0,Ignore
"Mehsana1, Mehsana, GUJARAT",17,65.8,8.22,35.3,1,Prioritize for Clearing
Haliyal,5,65.7,17.397222222222222,40.0,0,Prioritize for Clearing
"TEZU, TEZU, ARUNACHAL PRADESH",2,65.7,65.74444444444444,50.0,0,Ignore
CHIKODI,4,65.7,24.32625,50.0,0,Ignore
HSW APEX/SFC PUD CENTRE,6,65.7,65.66666666666666,50.0,0,Prioritize for Clearing
Haldwani,20,65.6,22.38722222222222,40.0,1,Prioritize for Clearing
"DINDIGUL/EAST-TML, Dindigul, TAMIL NADU",10,65.6,14.018472222222222,40.0,2,Prioritize for Clearing
"JOLAIBARI, SABROOM, TRIPURA",2,65.5,65.52541666666667,50.0,0,Ignore
Singrauli,11,65.5,17.605555555555554,36.4,2,Prioritize for Clearing
SAMPLA,4,65.5,-3.1166666666666667,25.0,3,Ignore
"Raigunj, Raigunj, WEST BENGAL",4,65.5,71.56875,100.0,0,Ignore
Shahjahanpur,10,65.4,11.393472222222222,20.0,0,Prioritize for Clearing
"Ulliyeri, Ulliyeri, KERALA",3,65.4,50.10916666666667,100.0,0,Ignore
Jaganath Prasad,2,65.2,65.24166666666667,50.0,0,Ignore
Kuthuparamba,12,65.2,25.388888888888886,50.0,0,Prioritize for Clearing
Muked,8,65.2,21.134027777777778,25.0,1,Prioritize for Clearing
Babina,2,65.2,65.15083333333334,50.0,0,Ignore
"Tapan, Tapan, WEST BENGAL",1,65.2,65.20027777777777,100.0,0,Ignore
Dhenkanal,8,65.1,25.810277777777777,62.5,0,Prioritize for Clearing
"Rasgovindpur, Rasgovindpur, ORISSA",1,65.1,65.07166666666667,100.0,0,Ignore
Kottayam,30,65.1,14.693194444444444,36.7,2,Prioritize for Clearing
Darjeeling,14,65.1,10.639583333333334,35.7,0,Prioritize for Clearing
"Mayiladurai, MAYILADURAI, TAMIL NADU",1,65.1,65.11972222222222,100.0,0,Ignore
Digra,2,65.1,65.1463888888889,100.0,0,Ignore
Sonipat,15,65.1,16.051944444444445,40.0,0,Prioritize for Clearing
Kohima,6,64.9,42.68569444444445,66.7,0,Prioritize for Clearing
PACHORA,2,64.9,64.89402777777778,50.0,0,Ignore
"HANDIA, Handia, UTTAR PRADESH",6,64.7,23.654444444444444,50.0,0,Prioritize for Clearing
"Vizianagaram, Vizianagaram, ANDHRA PRADESH",12,64.7,9.459027777777777,41.7,1,Prioritize for Clearing
"Allagadda, Allagadda, ANDHRA PRADESH",8,64.6,28.535,62.5,1,Prioritize for Clearing
Panna,8,64.6,39.139583333333334,75.0,1,Prioritize for Clearing
PERIYAPALAYAM REACH,5,64.5,27.316666666666666,80.0,0,Prioritize for Clearing
"Madhubani2, MADHUBANI, BIHAR",7,64.5,23.114722222222223,28.6,2,Prioritize for Clearing
Faridabad,29,64.4,9.571944444444444,27.6,3,Prioritize for Clearing
"Dhamtari, Dhamtari, CHHATTISGARH",1,64.3,64.34305555555555,100.0,0,Ignore
"Bhadgaon, Bhadgaon, MAHARASHTRA",1,64.3,64.32916666666667,100.0,0,Ignore
"Deoghar, Deoghar, JHARKHAND",8,64.3,5.796805555555555,37.5,1,Prioritize for Clearing
Mutil,20,64.2,19.781805555555554,35.0,1,Prioritize for Clearing
GUMMIDIPOONDI,14,64.2,28.425,64.3,0,Prioritize for Clearing
Barkatha,1,64.2,64.21916666666667,100.0,0,Ignore
"Annur, ANNUR, TAMIL NADU",1,64.2,64.1725,100.0,0,Ignore
"Zirapur, Zirapur, MADHYA PRADESH",2,64.1,64.14333333333333,50.0,1,Ignore
"Kailashahar, AGARTALA, TRIPURA",4,64.1,14.801805555555557,25.0,1,Ignore
SORO,4,64.0,36.875,50.0,1,Ignore
Malbazar,4,64.0,10.815416666666668,25.0,0,Ignore
"Maramon, MARAMON, KERALA",1,64.0,63.98444444444444,100.0,0,Ignore
"Doda, Doda, JAMMU AND KASHMIR",2,63.9,63.85527777777778,50.0,0,Ignore
Mandapeta,6,63.8,21.86763888888889,50.0,1,Prioritize for Clearing
"UPM/SA-PDP, Chengalpet, TAMIL NADU",3,63.8,42.143055555555556,100.0,0,Ignore
RAJEEV CHOWK (RJCX),21,63.8,18.648055555555555,38.1,0,Prioritize for Clearing
Chandrapur,21,63.8,13.417777777777777,28.6,0,Prioritize for Clearing
AMGURI,3,63.7,65.16666666666667,100.0,0,Ignore
"IXA/BJL, AGARTALA, TRIPURA",5,63.7,21.70277777777778,40.0,1,Prioritize for Clearing
Churu,3,63.7,18.53638888888889,33.3,0,Ignore
Pondicherry,19,63.6,14.296388888888888,36.8,3,Prioritize for Clearing
"Haridwar1, Haridwar, UTTARAKHAND",1,63.6,63.617777777777775,100.0,0,Ignore
Kahalgaon,2,63.6,63.64791666666666,50.0,0,Ignore
EDAPPAL,12,63.5,29.15,91.7,0,Prioritize for Clearing
"Usgao, Ponda Goa, GOA",2,63.4,63.37402777777778,50.0,1,Ignore
Khopoli,5,63.3,8.01,40.0,0,Prioritize for Clearing
Gajipatinagaram,6,63.3,11.477083333333333,33.3,0,Prioritize for Clearing
"Santrampur, Santrampur, GUJARAT",4,63.3,24.595694444444444,50.0,0,Ignore
"Dhakola, Dhakola, HARYANA",1,63.2,63.24138888888889,100.0,0,Ignore
"BOKARO, Bokaro, JHARKHAND",39,63.2,12.063888888888888,38.5,4,Prioritize for Clearing
ChikkaballapuraHub_CBP,1,63.1,63.08694444444444,100.0,0,Ignore
"Cherthala, Cherthala, KERALA",1,63.0,62.95333333333333,100.0,0,Ignore
Daund,2,63.0,63.01222222222222,50.0,0,Ignore
Manendragarh,7,63.0,14.133888888888889,28.6,0,Prioritize for Clearing
Shimla,31,63.0,21.47361111111111,38.7,0,Prioritize for Clearing
"Lehragaga, Lehragaga, PUNJAB",10,62.9,35.31791666666666,70.0,0,Prioritize for Clearing
Mandi,15,62.8,23.441111111111113,40.0,2,Prioritize for Clearing
GOA (GOIH),5,62.7,57.196666666666665,100.0,0,Prioritize for Clearing
Jalna,9,62.7,14.13888888888889,33.3,1,Prioritize for Clearing
Boden,3,62.6,30.75027777777778,66.7,0,Ignore
NAWANSHAHR,29,62.6,19.016666666666666,34.5,3,Prioritize for Clearing
Rourkela Hub,1,62.6,62.590555555555554,100.0,0,Ignore
Neyveli,6,62.5,18.279722222222222,33.3,0,Prioritize for Clearing
Ooty,23,62.5,9.383333333333333,26.1,4,Prioritize for Clearing
PNYX,1017,62.5,7.948888888888889,36.4,4,Prioritize for Clearing
BANASWADI PUD CENTRE,19,62.5,5.233333333333333,26.3,0,Prioritize for Clearing
MYDUKUR,3,62.5,24.300555555555555,33.3,0,Ignore
"Zuarinagar, Goa, GOA",3,62.4,56.11888888888889,100.0,0,Ignore
Amb S.O,5,62.3,19.2725,20.0,0,Prioritize for Clearing
Ranibennur,4,62.3,15.801805555555555,25.0,0,Ignore
"Saharsa, Saharsa, BIHAR",18,62.2,21.973333333333333,44.4,5,Prioritize for Clearing
Twincityhub_hbx,1,62.2,62.20611111111111,100.0,0,Ignore
KolhapursplitHub_KHL,1,62.2,62.172222222222224,100.0,0,Ignore
Hubli Hub,1,62.2,62.19888888888889,100.0,0,Ignore
"Sarath, SARATH, JHARKHAND",9,62.1,26.404722222222222,55.6,0,Prioritize for Clearing
Indapur,4,62.1,28.365000000000002,50.0,0,Ignore
"Ramsar, Ramsar, RAJASTHAN",7,62.0,38.638888888888886,71.4,1,Prioritize for Clearing
Warsi Express Powerflex Tumpa Begum KOLKATA,5,62.0,9.390277777777778,20.0,0,Prioritize for Clearing
HAILAKANDI OFFICE,2,62.0,61.99166666666667,100.0,0,Ignore
"Uttur, Uttur, MAHARASHTRA",1,61.9,61.869166666666665,100.0,0,Ignore
"Barama, Barama, ASSAM",1,61.8,61.760555555555555,100.0,0,Ignore
BANDRA (EAST),1,61.8,61.8,100.0,0,Ignore
"Jalpaiguri, Jalpaiguri, WEST BENGAL",8,61.8,16.34,37.5,0,Prioritize for Clearing
"Saoner, Saoner, MAHARASHTRA",23,61.8,16.22277777777778,30.4,0,Prioritize for Clearing
Kollam,20,61.7,13.305416666666666,40.0,1,Prioritize for Clearing
Edakochi,10,61.7,10.774166666666666,40.0,1,Prioritize for Clearing
HazratganjHub_LKO,1,61.7,61.70333333333333,100.0,0,Ignore
Ambikapur,7,61.7,6.911666666666667,28.6,0,Prioritize for Clearing
NayapuraHub_JDH Jodhpur,6,61.7,9.886944444444445,33.3,0,Prioritize for Clearing
"Kasganj1, KASGANJ, UTTAR PRADESH",12,61.6,22.31263888888889,50.0,1,Prioritize for Clearing
Pathalgaon,3,61.6,43.036944444444444,66.7,1,Ignore
"GOLOKGANJ, Agomoni, ASSAM",1,61.6,61.57666666666667,100.0,0,Ignore
DHARMANAGAR,9,61.6,41.75,66.7,0,Prioritize for Clearing
"Khordha, Khordha, ORISSA",1,61.5,61.532222222222224,100.0,0,Ignore
"BOM/BDP-VEHV, Thane, MAHARASHTRA",1,61.5,61.509166666666665,100.0,0,Ignore
"PALITANA, GUJARAT, IN",1,61.5,61.475,100.0,1,Ignore
GOLAGHAT OFFICE,7,61.4,27.583333333333332,57.1,0,Prioritize for Clearing
"Shahbad UP, Shahbad UP, UTTAR PRADESH",10,61.4,23.845972222222223,50.0,2,Prioritize for Clearing
Baihata,2,61.3,61.270833333333336,50.0,0,Ignore
"Srikakulam, Srikakulam, ANDHRA PRADESH",9,61.3,6.222777777777778,22.2,1,Prioritize for Clearing
KODERMA OFFICE,6,61.2,29.924999999999997,50.0,1,Prioritize for Clearing
Anantapur,5,61.1,16.169722222222223,40.0,0,Prioritize for Clearing
MUZAFFARPUR OFFICE,31,61.1,24.983333333333334,51.6,4,Prioritize for Clearing
Gurdaspur,8,61.0,28.64402777777778,62.5,0,Prioritize for Clearing
KangayamHub_KGY,1,61.0,61.03722222222222,100.0,0,Ignore
Kayamkulam,19,60.9,15.37138888888889,47.4,0,Prioritize for Clearing
JAYANAGAR,336,60.9,10.858333333333334,26.5,12,Prioritize for Clearing
"Kolar1, Kolar, KARNATAKA",3,60.9,82.93888888888888,66.7,0,Ignore
Sivagangai,3,60.9,12.266111111111112,33.3,0,Ignore
INDORE - IND,3,60.9,14.116666666666667,33.3,0,Ignore
kallakurichi,6,60.8,17.45138888888889,16.7,0,Prioritize for Clearing
"Uppinangady, Uppinangady, KARNATAKA",1,60.6,60.63472222222222,100.0,0,Ignore
KALKA,19,60.6,22.733333333333334,42.1,1,Prioritize for Clearing
"SMG/KRP-TML, SHIVAMOGGA, KARNATAKA",5,60.5,33.149166666666666,80.0,0,Prioritize for Clearing
TITABOR,1,60.5,60.516666666666666,100.0,0,Ignore
"Jamtara1, JAMTARA, JHARKHAND",6,60.3,28.469166666666666,50.0,0,Prioritize for Clearing
"Herbertpur, HARBERTPUR, UTTARAKHAND",6,60.3,13.132083333333334,33.3,2,Prioritize for Clearing
GOPICHETTIPALAYAM,2,60.2,60.175,50.0,0,Ignore
"Balodabazar, Balodabazar, CHHATTISGARH",1,60.1,60.09111111111111,100.0,0,Ignore
SANGAMNER,25,60.0,31.833333333333332,68.0,2,Prioritize for Clearing
Nadakavu,7,60.0,17.274166666666666,28.6,0,Prioritize for Clearing
"Mangalagiri, Mangalagiri, ANDHRA PRADESH",1,59.9,59.85444444444445,100.0,0,Ignore
Pinjore,4,59.9,13.104861111111111,25.0,0,Ignore
SOUTH KOLKATA PUD,8,59.9,45.78333333333333,87.5,0,Prioritize for Clearing
HITECH CITY,8,59.9,5.183333333333334,37.5,2,Prioritize for Clearing
Erattupetta,6,59.8,24.87708333333333,50.0,0,Prioritize for Clearing
Musuri,3,59.8,16.588333333333335,33.3,1,Ignore
Yadgir,11,59.8,19.065277777777776,27.3,2,Prioritize for Clearing
Varapuzha,16,59.8,15.12638888888889,37.5,0,Prioritize for Clearing
"Bhalki, BHALKI, KARNATAKA",1,59.8,59.78388888888889,100.0,0,Ignore
"Islampur, Islampur, WEST BENGAL",4,59.8,67.10819444444445,75.0,0,Ignore
Ajmer,27,59.8,14.508888888888889,33.3,3,Prioritize for Clearing
Vizianagaram,12,59.8,12.41611111111111,25.0,0,Prioritize for Clearing
Haridwar,11,59.7,11.986666666666666,27.3,0,Prioritize for Clearing
Sitarganj,3,59.7,48.60055555555556,66.7,0,Ignore
"Kota, Kota, RAJASTHAN",89,59.6,6.476111111111111,29.2,7,Prioritize for Clearing
"Rihand Nagar, RIHAND NAGAR, UTTAR PRADESH",1,59.6,59.59888888888889,100.0,0,Ignore
"Chathannur, Chathannur, KERALA",5,59.6,79.86166666666666,80.0,0,Prioritize for Clearing
MIRA ROAD (MIRM),1,59.5,59.50805555555556,100.0,0,Ignore
"Harapanahalli, Harapanahalli, KARNATAKA",4,59.4,29.23166666666667,50.0,0,Ignore
Kota,12,59.4,13.333472222222223,16.7,1,Prioritize for Clearing
Bhubaneshwar,13,59.4,10.356666666666667,38.5,0,Prioritize for Clearing
"Seelanaikenpatti, Salem, TAMIL NADU",4,59.3,30.348194444444445,50.0,0,Ignore
Palghar,12,59.3,10.971527777777778,33.3,0,Prioritize for Clearing
DEOBAND,25,59.3,24.8,56.0,4,Prioritize for Clearing
LADWA,2,59.2,59.19777777777778,50.0,0,Ignore
"Jalgaon, Jalgaon, MAHARASHTRA",38,59.2,10.21638888888889,34.2,1,Prioritize for Clearing
NAVIMUMBAI ETAIL W/HOUSE,608,59.2,29.166666666666664,65.3,25,Prioritize for Clearing
Karwar,10,59.2,16.828055555555558,20.0,0,Prioritize for Clearing
SIDHAULI (SITAPUR),9,59.1,15.416666666666666,33.3,4,Prioritize for Clearing
COCHIN APX/SFC PUD CENTRE,6,59.1,20.066666666666666,50.0,0,Prioritize for Clearing
kendrapara,2,59.1,59.05958333333333,50.0,0,Ignore
"Gharsana, GHARSANA, RAJASTHAN",4,59.0,16.878333333333334,25.0,1,Ignore
Khanna,1,59.0,58.96527777777778,100.0,0,Ignore
Krishnanagar,5,59.0,5.124722222222222,20.0,0,Prioritize for Clearing
"Kanigiri, KANIGIRI, ANDHRA PRADESH",2,59.0,58.95180555555555,100.0,0,Ignore
INDORE HUB (IDRW),13,58.9,24.828611111111112,53.8,0,Prioritize for Clearing
Katol,1,58.9,58.85027777777778,100.0,0,Ignore
"Azampur, Azamgarh, UTTAR PRADESH",2,58.8,58.81958333333333,100.0,0,Ignore
Faizabad,12,58.8,11.280416666666667,33.3,0,Prioritize for Clearing
TEHATTA,10,58.8,40.79166666666667,50.0,4,Prioritize for Clearing
Dapol,2,58.8,58.804027777777776,50.0,0,Ignore
"Tiruvallur, Tiruvallur, TAMIL NADU",7,58.7,4.604166666666667,14.3,2,Prioritize for Clearing
ARAKKONAM REACH,8,58.7,17.05,50.0,3,Prioritize for Clearing
KAITHAL,1,58.7,58.68861111111111,100.0,0,Ignore
NARSAPUR,4,58.7,56.78333333333333,75.0,0,Ignore
Thiruchengode,3,58.7,11.871944444444445,33.3,0,Ignore
Halol,8,58.6,9.515555555555554,12.5,0,Prioritize for Clearing
basna,2,58.6,58.626666666666665,50.0,0,Ignore
KOVILPATTI,3,58.5,65.93333333333334,66.7,0,Ignore
Pune,600,58.3,16.32736111111111,31.8,39,Prioritize for Clearing
"Sivakasi, SIVAKASI, TAMIL NADU",2,58.3,58.34097222222222,100.0,0,Ignore
GHATKESAR REACH,11,58.3,22.25,45.5,0,Prioritize for Clearing
"VPT/MWD, Visakhapatnam, ANDHRA PRADESH",7,58.2,42.937777777777775,71.4,0,Prioritize for Clearing
"BASTI, Basti, UTTAR PRADESH",19,58.2,9.901944444444444,21.1,3,Prioritize for Clearing
Belthangdy,6,58.2,6.0993055555555555,16.7,0,Prioritize for Clearing
"Chandausi, Chandausi, UTTAR PRADESH",6,58.1,-3.6551388888888887,33.3,4,Prioritize for Clearing
"Nirman Nagar, Jaipur, RAJASTHAN",12,58.1,15.90263888888889,41.7,2,Prioritize for Clearing
UDGIR,6,58.1,46.34166666666667,83.3,0,Prioritize for Clearing
"Nawada1, NAWADA, BIHAR",6,58.0,3.2401388888888887,33.3,1,Prioritize for Clearing
Karunagapalli,13,58.0,16.996388888888887,38.5,0,Prioritize for Clearing
"Mangalaya, Sanwer, MADHYA PRADESH",2,58.0,58.0325,100.0,0,Ignore
Rajnandgaon,3,57.9,11.443055555555556,33.3,0,Ignore
Baddi,10,57.9,17.599583333333335,30.0,1,Prioritize for Clearing
BANKURA,52,57.8,9.191666666666666,36.5,4,Prioritize for Clearing
"Attari, Attari, PUNJAB",3,57.7,18.64611111111111,33.3,1,Ignore
Aburoad S.O,8,57.7,20.117916666666666,37.5,1,Prioritize for Clearing
"Pavagada, Pavagada, KARNATAKA",2,57.6,57.645694444444445,100.0,0,Ignore
"Prantij, Prantij, GUJARAT",2,57.6,57.628194444444446,100.0,0,Ignore
Bareilly,23,57.6,14.70138888888889,26.1,1,Prioritize for Clearing
Kishanganj,3,57.6,13.373333333333333,33.3,0,Ignore
Jodhpur,30,57.5,19.71263888888889,30.0,1,Prioritize for Clearing
KALLAKURCHI,2,57.5,57.483333333333334,100.0,0,Ignore
Surendranagar,10,57.5,6.780694444444444,20.0,1,Prioritize for Clearing
"Kodinar, KODINAR, DAMAN AND DIU",2,57.3,57.25055555555555,100.0,0,Ignore
"BOM/CHB-EHV, Mumbai, MAHARASHTRA",5,57.3,11.227777777777778,20.0,0,Prioritize for Clearing
"Aska, Aska, ORISSA",6,57.3,59.929722222222225,83.3,1,Prioritize for Clearing
KURSEONG RSP,5,57.2,21.766666666666666,40.0,1,Prioritize for Clearing
GANDHINAGAR,198,57.2,5.816666666666666,34.8,3,Prioritize for Clearing
Rourkela,23,57.2,16.185833333333335,34.8,0,Prioritize for Clearing
"SAHARANPUR, SAHARANPUR, UTTAR PRADESH",100,57.1,20.498194444444444,32.0,7,Prioritize for Clearing
Pala,16,57.1,9.168194444444445,25.0,0,Prioritize for Clearing
Trivandrum,116,57.1,13.933472222222221,33.6,7,Prioritize for Clearing
"BOM/BDP, Mumbai, MAHARASHTRA",61,57.1,11.061944444444444,36.1,3,Prioritize for Clearing
Bhawaigarh,4,57.0,27.197361111111114,50.0,0,Ignore
North Paravur,6,56.9,49.28680555555556,50.0,0,Prioritize for Clearing
"AMBKP/AMBIKAPUR, Ambikapur, CHHATTISGARH",13,56.9,24.85388888888889,53.8,0,Prioritize for Clearing
GURUVAYUR,13,56.8,25.066666666666666,53.8,0,Prioritize for Clearing
"Margao, Margao, GOA",10,56.8,38.738194444444446,80.0,0,Prioritize for Clearing
"Deeg, Deeg, RAJASTHAN",3,56.8,15.854722222222222,33.3,1,Ignore
Kaiserganj,2,56.7,56.719027777777775,50.0,1,Ignore
"WILLIAM NAGAR, William Nagar, MEGHALAYA",9,56.7,21.134722222222223,33.3,0,Prioritize for Clearing
"Atheha, Pratapgarh, UTTAR PRADESH",4,56.7,61.39708333333333,75.0,1,Ignore
MADHUBANI REACH,12,56.6,24.625,50.0,0,Prioritize for Clearing
Jatara,1,56.6,56.59916666666667,100.0,0,Ignore
"Jafrabad, Jafrabad, GUJARAT",2,56.5,56.460972222222225,100.0,0,Ignore
Bijanbari,1,56.5,56.54555555555556,100.0,0,Ignore
Latur,19,56.4,17.88222222222222,36.8,1,Prioritize for Clearing
Nilambure,6,56.4,36.355694444444445,50.0,0,Prioritize for Clearing
CABTBerhampurODH_BMP,1,56.4,56.43055555555556,100.0,0,Ignore
"Saundatti, SAUNDATTI, KARNATAKA",3,56.3,57.85472222222222,66.7,0,Ignore
Bengaluru,1169,56.2,22.666666666666668,45.6,30,Prioritize for Clearing
sarangarh,5,56.2,15.030833333333334,40.0,0,Prioritize for Clearing
AJRA,2,56.0,55.96166666666667,100.0,0,Ignore
JALANDHAR - JRD,6,56.0,29.40833333333333,50.0,1,Prioritize for Clearing
Mainpuri,2,56.0,55.95555555555555,100.0,0,Ignore
Kanyakumari,1,56.0,56.00833333333333,100.0,0,Ignore
Mundra,3,55.9,26.755,66.7,0,Ignore
Gondia,8,55.9,18.724305555555553,25.0,0,Prioritize for Clearing
CunnighamRoadHub_BLR,1,55.9,55.901666666666664,100.0,0,Ignore
Junagadh,15,55.8,16.856666666666666,20.0,0,Prioritize for Clearing
"Junagadh, Junagadh, GUJARAT",16,55.8,23.63736111111111,43.8,0,Prioritize for Clearing
HISAR,7,55.8,38.335277777777776,71.4,1,Prioritize for Clearing
ChandigarhRoadHub_LUH Ludhiana,8,55.8,7.467222222222222,25.0,0,Prioritize for Clearing
Koppa Town,5,55.6,28.0025,60.0,0,Prioritize for Clearing
Jhansi,7,55.5,8.426388888888889,42.9,1,Prioritize for Clearing
Pudukottai,7,55.5,11.801944444444445,28.6,1,Prioritize for Clearing
"Khambhat, Khambat, GUJARAT",2,55.4,55.41972222222222,100.0,0,Ignore
DHAKUAKHANA OFFICE,2,55.4,55.35,50.0,0,Ignore
"Sathupally, Sathupally, TELANGANA",2,55.4,55.410694444444445,50.0,1,Ignore
"Nirjuli, Naharlagun, ARUNACHAL PRADESH",4,55.4,53.75194444444444,100.0,0,Ignore
NIDADAVOLE,1,55.4,55.375277777777775,100.0,0,Ignore
Pattambi,13,55.4,15.615,38.5,1,Prioritize for Clearing
"SIKAR, Sikar, RAJASTHAN",54,55.3,8.915416666666665,24.1,3,Prioritize for Clearing
GDD SFC/APEX CENTRE,18,55.2,23.8,44.4,0,Prioritize for Clearing
"Rawatbhata, Rawatbhata, RAJASTHAN",2,55.2,55.1975,50.0,1,Ignore
Khandagiri Hub,1,55.1,55.13361111111111,100.0,0,Ignore
Sri Ganganagar,8,55.1,13.255694444444444,25.0,1,Prioritize for Clearing
Kannur,36,55.1,20.242916666666666,38.9,3,Prioritize for Clearing
KOLLAM,56,55.1,10.258333333333333,39.3,2,Prioritize for Clearing
"Dhapa, DHAPA, WEST BENGAL",2,55.0,54.96361111111111,50.0,2,Ignore
"MAA/MBM-TML, Chennai, TAMIL NADU",5,55.0,46.61416666666667,60.0,0,Prioritize for Clearing
Mahulpalli,2,55.0,54.990972222222226,100.0,0,Ignore
Birsra,2,55.0,55.04819444444445,100.0,0,Ignore
SIHORA,4,54.8,6.264583333333333,25.0,1,Ignore
Aluva,18,54.8,14.013055555555557,44.4,0,Prioritize for Clearing
Sarigam,4,54.7,18.86472222222222,25.0,0,Ignore
"Dehlon, Dehlon, PUNJAB",9,54.7,27.766944444444444,66.7,0,Prioritize for Clearing
SURAT,175,54.6,16.15,34.9,0,Prioritize for Clearing
Baleshwar,5,54.6,19.0275,20.0,0,Prioritize for Clearing
"Akhnoor, Akhnoor, JAMMU AND KASHMIR",2,54.5,54.50111111111111,50.0,1,Ignore
DOIWALA,16,54.5,23.525,43.8,3,Prioritize for Clearing
Udaipur,30,54.3,16.571527777777778,33.3,0,Prioritize for Clearing
AnjarakandyHub_ANJ,1,54.3,54.309444444444445,100.0,0,Ignore
Theni,15,54.3,11.865555555555556,26.7,2,Prioritize for Clearing
"Siwani, Siwani, HARYANA",8,54.3,28.95347222222222,50.0,0,Prioritize for Clearing
"Pilani, Pilani, RAJASTHAN",5,54.2,27.308333333333334,60.0,0,Prioritize for Clearing
WALUJ,8,54.2,16.775,25.0,1,Prioritize for Clearing
"Saidapura Satara, Saidapura Satara, MAHARASHTRA",36,54.2,7.857638888888888,33.3,1,Prioritize for Clearing
Bihar Sharif,8,54.2,15.245833333333334,25.0,0,Prioritize for Clearing
Berhampur,15,54.1,15.311388888888889,20.0,0,Prioritize for Clearing
"Hazaribagh, Hazaribagh, JHARKHAND",36,54.0,9.445972222222222,27.8,7,Prioritize for Clearing
RASRA,2,53.9,53.86666666666666,50.0,0,Ignore
Yamunanagar,18,53.9,13.530555555555555,22.2,1,Prioritize for Clearing
MUMBAI EAST WAREHOUSE,325,53.8,3.933333333333333,28.3,4,Prioritize for Clearing
KARTARPUR,13,53.8,24.7,46.2,1,Prioritize for Clearing
Gulbarga,34,53.8,14.970694444444444,26.5,3,Prioritize for Clearing
Lalgudi,9,53.8,13.085,33.3,0,Prioritize for Clearing
Madurai,23,53.8,9.94,17.4,1,Prioritize for Clearing
sawai madhopur,6,53.7,11.507222222222222,33.3,1,Prioritize for Clearing
Rudrapur,15,53.7,14.28,33.3,1,Prioritize for Clearing
"Amreli1, Amreli, GUJARAT",3,53.7,57.22138888888889,66.7,0,Ignore
Sankara,7,53.7,15.544722222222223,28.6,1,Prioritize for Clearing
Phase2Noidahub_DEL,1,53.7,53.749722222222225,100.0,0,Ignore
Shahdol,8,53.6,38.498194444444444,75.0,1,Prioritize for Clearing
Thodupuzha,24,53.4,9.874722222222221,29.2,0,Prioritize for Clearing
TIRUPPATTUR (N.A),6,53.4,43.875,66.7,1,Prioritize for Clearing
TRANSPORT NAGAR LUCKNOW (LCKT),8,53.4,21.73611111111111,50.0,0,Prioritize for Clearing
"Basoli JK, Basoli JK, JAMMU AND KASHMIR",4,53.3,53.23458333333333,75.0,0,Ignore
Thiruvalla,10,53.3,7.607083333333334,20.0,0,Prioritize for Clearing
Nangal,8,53.3,15.298333333333334,37.5,1,Prioritize for Clearing
Siuri,3,53.2,24.418055555555554,33.3,0,Ignore
"Hathras1, Hathras, UTTAR PRADESH",7,53.2,6.899166666666667,14.3,1,Prioritize for Clearing
"HajipurTown, Hajipur Town, BIHAR",18,53.2,7.9625,33.3,4,Prioritize for Clearing
KaupHub_MPL,1,53.2,53.20333333333333,100.0,0,Ignore
Sadabad,2,53.1,53.065694444444446,50.0,0,Ignore
"Mandor Rj, Mandor RJ, RAJASTHAN",6,53.1,32.3125,50.0,3,Prioritize for Clearing
"Gonda, Gonda, UTTAR PRADESH",3,53.1,27.065277777777776,66.7,0,Ignore
"BADHARGHAT, AGARTALA, TRIPURA",12,53.1,21.17361111111111,41.7,2,Prioritize for Clearing
TENALI,3,53.1,-1.75,33.3,2,Ignore
PHULWARISHARIF,10,53.1,62.375,60.0,3,Prioritize for Clearing
Raigarh,26,52.9,15.045694444444443,30.8,1,Prioritize for Clearing
"Jobner, Kalwar, RAJASTHAN",6,52.9,18.07111111111111,33.3,1,Prioritize for Clearing
"Hoshiarpur, Hoshiarpur, PUNJAB",9,52.9,21.8025,44.4,0,Prioritize for Clearing
"PNQ/HDP, PUNE, MAHARASHTRA",49,52.9,12.404444444444444,24.5,1,Prioritize for Clearing
"Pandariya, Mungeli, CHHATTISGARH",2,52.9,52.85069444444444,50.0,2,Ignore
"Sanand, Sanand, GUJARAT",2,52.8,52.822916666666664,50.0,0,Ignore
"BELONIA, AGARTALA, TRIPURA",2,52.7,52.672916666666666,50.0,0,Ignore
"HYD/DIL-TML, Hyderabad, TELANGANA",2,52.7,52.67944444444445,50.0,1,Ignore
PATENCHERU,16,52.6,23.566666666666666,43.8,5,Prioritize for Clearing
ABAL,340,52.5,7.704861111111111,25.3,6,Prioritize for Clearing
"VLR/SA-KPD, Vellore, TAMIL NADU",5,52.5,24.368055555555557,40.0,0,Prioritize for Clearing
Nalgonda,7,52.4,12.812777777777777,28.6,0,Prioritize for Clearing
Baldwara,3,52.4,54.285555555555554,66.7,0,Ignore
keshkal,6,52.3,16.299861111111113,33.3,0,Prioritize for Clearing
Khurda,9,52.3,26.267222222222223,55.6,0,Prioritize for Clearing
Gharonda,2,52.3,52.288472222222225,50.0,0,Ignore
DEHRADUN E-TAIL,207,52.2,9.616666666666667,34.8,20,Prioritize for Clearing
"Aklera, Aklera, RAJASTHAN",3,52.1,29.436944444444446,66.7,0,Ignore
"Bodinayakanur, Bodinayakanur, TAMIL NADU",3,52.1,24.689166666666665,33.3,0,Ignore
Brahmavar,5,52.0,6.615833333333334,20.0,0,Prioritize for Clearing
"Barhalganj, BARHALGANJ, UTTAR PRADESH",2,52.0,52.040416666666665,50.0,0,Ignore
"Jashipur, Jashipur, ORISSA",4,51.9,59.541805555555555,75.0,0,Ignore
"Akbarnagar, Akbarnagar, BIHAR",5,51.8,41.68472222222222,100.0,0,Prioritize for Clearing
VandanaBaggaTelecom.MK LUDHIANA,5,51.8,6.496944444444444,20.0,0,Prioritize for Clearing
Saharanpur,13,51.7,12.121666666666666,15.4,3,Prioritize for Clearing
Shajapur,10,51.7,12.029583333333333,20.0,0,Prioritize for Clearing
Kozhikode,17,51.6,13.115555555555556,29.4,0,Prioritize for Clearing
Bhadrak,5,51.6,8.88111111111111,20.0,0,Prioritize for Clearing
Faridkot,12,51.5,14.110833333333334,16.7,0,Prioritize for Clearing
BALLARI,114,51.4,8.908333333333333,21.9,4,Prioritize for Clearing
"MADHOOPUR, madhupur, JHARKHAND",12,51.4,28.332638888888887,66.7,2,Prioritize for Clearing
"MAHABUBNAGAR, Mahabubnagar, TELANGANA",19,51.3,9.358611111111111,26.3,1,Prioritize for Clearing
Daltonganj,6,51.2,15.193888888888889,33.3,0,Prioritize for Clearing
"KEERANUR, KEERANUR, TAMIL NADU",2,51.2,51.16819444444444,50.0,0,Ignore
Bharatpur,10,51.2,15.70138888888889,30.0,1,Prioritize for Clearing
KEKRI,6,51.2,25.333333333333332,50.0,0,Prioritize for Clearing
Mahbubnagar,4,51.1,14.156805555555556,25.0,0,Ignore
Kullu,11,51.1,25.466666666666665,54.5,1,Prioritize for Clearing
"MANUGHAT, Manoghat, TRIPURA",2,51.1,51.06583333333334,50.0,0,Ignore
BARIPARA,2,51.0,51.045833333333334,50.0,0,Ignore
DAVANGERE,108,51.0,7.416666666666666,23.1,3,Prioritize for Clearing
"Betma, BETMA, MADHYA PRADESH",4,51.0,30.62013888888889,100.0,2,Ignore
DevanahalliHub_DHL,1,51.0,51.013888888888886,100.0,0,Ignore
Jowai,3,51.0,34.49305555555556,66.7,0,Ignore
ANUPGARH,2,50.9,50.91444444444445,50.0,0,Ignore
Tinsukia,2,50.9,50.94513888888889,100.0,0,Ignore
BARAN,2,50.9,50.885555555555555,100.0,0,Ignore
"Jhajha, Jhajha, BIHAR",9,50.8,5.403888888888889,33.3,3,Prioritize for Clearing
"Agartala, AGARTALA, TRIPURA",24,50.7,13.69361111111111,41.7,1,Prioritize for Clearing
Alwar Hub,1,50.7,50.73,100.0,0,Ignore
HoodiHub_BLR,1,50.7,50.68805555555556,100.0,0,Ignore
"BiharSharif, BiharSharif, BIHAR",32,50.6,12.43875,40.6,4,Prioritize for Clearing
Nadiad,8,50.6,8.910555555555556,25.0,1,Prioritize for Clearing
"Ranipet, Ranipet, TAMIL NADU",12,50.5,8.912083333333333,41.7,0,Prioritize for Clearing
Naya Raipur,9,50.4,8.338888888888889,44.4,0,Prioritize for Clearing
Pilani,6,50.4,10.426666666666666,16.7,2,Prioritize for Clearing
Ludhiana Hub,1,50.3,50.315555555555555,100.0,0,Ignore
Raiganj,17,50.3,18.623055555555556,29.4,1,Prioritize for Clearing
ShadowFaxSunamODH_SUN,1,50.3,50.349444444444444,100.0,0,Ignore
Vishakhapatnam,11,50.3,17.551666666666666,36.4,2,Prioritize for Clearing
Budanpur Ambedkar Nagar,4,50.2,12.01125,25.0,1,Ignore
Mayiladuthurai,8,50.1,14.679444444444446,25.0,0,Prioritize for Clearing
Forbesganj,6,50.1,9.737222222222222,16.7,0,Prioritize for Clearing
MUSIRI,3,50.1,39.07888888888889,100.0,0,Ignore
"ANANTHAPUR, Andhra Pradesh, IN",1,50.1,50.07694444444444,100.0,0,Ignore
Devanahalli,4,50.0,18.35388888888889,50.0,0,Ignore
Shornur,3,50.0,9.1475,33.3,0,Ignore
Thalassery,10,50.0,16.091527777777777,30.0,1,Prioritize for Clearing
Jhunjhunu,6,49.8,13.59375,33.3,1,Prioritize for Clearing
Egra,6,49.8,18.703055555555558,16.7,0,Prioritize for Clearing
"GUPTIPARA, GUPTIPARA, WEST BENGAL",2,49.7,49.65777777777778,100.0,0,Ignore
"Karjan, BHAVNAGAR, GUJARAT",1,49.6,49.6025,100.0,0,Ignore
NAGPUR HUB,14,49.6,37.39208333333333,57.1,0,Prioritize for Clearing
"HOWRAH, WEST BENGAL, IN",4,49.4,48.05166666666666,100.0,0,Ignore
BASHEERBAGH,64,49.4,5.883333333333333,29.7,2,Prioritize for Clearing
Sultanpur,6,49.4,18.20138888888889,50.0,0,Prioritize for Clearing
Nizamabad,6,49.0,9.631527777777777,16.7,0,Prioritize for Clearing
Hissar,24,49.0,11.120416666666667,29.2,0,Prioritize for Clearing
Guwahati,197,48.9,35.26166666666666,54.8,36,Prioritize for Clearing
Purnia,4,48.9,28.628472222222225,50.0,0,Ignore
UMRETH,3,48.9,19,33.3,0,Ignore
TRIMULGHERRY,3,48.9,39.68333333333333,66.7,0,Ignore
"Sausar, Sausar, MADHYA PRADESH",2,48.7,48.73027777777778,50.0,0,Ignore
"Tiptur, Tiptur, KARNATAKA",4,48.6,48.6125,50.0,0,Ignore
Alibag,8,48.6,15.805555555555557,25.0,0,Prioritize for Clearing
ChavakkadHub_GYO,2,48.5,48.52944444444445,50.0,0,Ignore
KOTA,7,48.5,3.257222222222222,28.6,0,Prioritize for Clearing
HAZARIBAGH,2,48.5,48.528055555555554,50.0,0,Ignore
Jammu Hub,1,48.4,48.38055555555555,100.0,0,Ignore
BarnalaHub_BRN,1,48.4,48.38194444444444,100.0,0,Ignore
Phagwara,14,48.3,15.029722222222222,28.6,1,Prioritize for Clearing
"Phulera, Phulera, RAJASTHAN",2,48.3,48.34916666666666,50.0,0,Ignore
"Dausa FM, Dausa, RAJASTHAN",4,48.3,39.2988888888889,50.0,1,Ignore
Amritsar,79,48.3,17.53472222222222,26.6,7,Prioritize for Clearing
BastiHub_BTI,1,48.3,48.27305555555556,100.0,0,Ignore
HOWRAH - HWA,2,48.3,48.31666666666666,50.0,0,Ignore
hanumangarh,11,48.2,38.668055555555554,72.7,2,Prioritize for Clearing
"Bilhaur, BILHAUR, UTTAR PRADESH",2,48.2,48.18083333333333,50.0,0,Ignore
Penukonda,3,48.2,4.959444444444444,33.3,1,Ignore
"Khariar, KHARIAR, ORISSA",3,48.1,32.544444444444444,66.7,3,Ignore
Kokrajhar,6,48.1,27.129166666666666,66.7,0,Prioritize for Clearing
"Bidar3, Bidar, KARNATAKA",4,48.1,48.15125,50.0,0,Ignore
ALAPPUZHA,49,48.0,8.4,26.5,8,Prioritize for Clearing
Puttur,10,47.9,7.934722222222223,30.0,0,Prioritize for Clearing
PADAGHA,10,47.9,36.16666666666667,100.0,0,Prioritize for Clearing
CABTKalaAmbODH_KAL,1,47.9,47.908055555555556,100.0,0,Ignore
Bhilwara,8,47.8,15.146527777777777,25.0,0,Prioritize for Clearing
PattomHub_TRV,2,47.7,47.73458333333334,50.0,0,Ignore
VARANASI,239,47.7,14.75,25.5,43,Prioritize for Clearing
srikakulam,3,47.6,25.859166666666667,66.7,0,Ignore
JAIPUR - JAI,14,47.5,14.016666666666667,35.7,1,Prioritize for Clearing
"Kerur, Badami, KARNATAKA",5,47.4,26.752222222222223,60.0,0,Prioritize for Clearing
Hamirpur,14,47.3,15.127500000000001,21.4,0,Prioritize for Clearing
Parbhani,9,47.3,35.68055555555556,55.6,1,Prioritize for Clearing
jaipatna,4,47.3,21.718611111111112,25.0,0,Ignore
Kaikalur,2,47.3,47.30458333333333,50.0,0,Ignore
"Balasore, Balasore, ORISSA",40,47.3,12.267777777777777,25.0,2,Prioritize for Clearing
"Umred, Umred, MAHARASHTRA",4,47.2,49.80083333333333,75.0,0,Ignore
Neyyattinkara,10,47.2,12.905694444444444,30.0,1,Prioritize for Clearing
Malappuram,22,47.2,10.250555555555556,22.7,3,Prioritize for Clearing
Dwarka,4,47.1,20.54375,50.0,1,Ignore
KandukurHub_KDR,1,47.0,46.996944444444445,100.0,0,Ignore
Sasthamcotta,3,46.9,28.251944444444444,66.7,0,Ignore
Porvorim,8,46.9,12.304583333333333,37.5,1,Prioritize for Clearing
EAST CHAMPARAN,6,46.8,9.192777777777778,16.7,0,Prioritize for Clearing
DependoTollygunjODH_KOL Kolkata,8,46.8,7.928333333333333,12.5,0,Prioritize for Clearing
Balawalahub_DED_OSH Dehradun,2,46.8,46.80277777777778,50.0,0,Ignore
"Saintala, SAINTALA, ORISSA",3,46.8,14.506388888888889,33.3,0,Ignore
Visakhapatnam,116,46.7,9.799444444444445,21.6,13,Prioritize for Clearing
"Balehonnur, BALEHONNUR, KARNATAKA",3,46.5,32.446666666666665,66.7,0,Ignore
PhullanwalODH_PHU,1,46.4,46.3525,100.0,0,Ignore
ALUWA,54,46.4,25.816666666666666,51.9,0,Prioritize for Clearing
"Basta, BASTA, ORISSA",2,46.4,46.39611111111111,100.0,0,Ignore
"Muktsar, Muktsar, PUNJAB",4,46.3,38.118611111111115,50.0,1,Ignore
"Nasrullagunj, Nasrullagunj, MADHYA PRADESH",2,46.2,46.24208333333334,100.0,0,Ignore
"Iringath, KOZHIKODE, KERALA",2,46.0,45.970416666666665,100.0,0,Ignore
PinkCity Hub,1,45.9,45.92583333333334,100.0,0,Ignore
Mathabhanga,4,45.8,22.641805555555557,50.0,0,Ignore
DhanpuraMDH_DHN,1,45.8,45.78666666666667,100.0,0,Ignore
"Manauli, Manauli, PUNJAB",2,45.8,45.80638888888888,50.0,0,Ignore
MakranaHub_MAK,1,45.7,45.71388888888889,100.0,0,Ignore
Ballia,4,45.7,43.04680555555555,75.0,0,Ignore
"Rairangpur, Rairangpur, ORISSA",1,45.7,45.653055555555554,100.0,1,Ignore
Sanvordem,7,45.5,13.638055555555555,42.9,0,Prioritize for Clearing
PALUS,2,45.4,45.400000000000006,100.0,0,Ignore
Sasaram,3,45.4,28.300833333333333,66.7,0,Ignore
"Mohammad Bazar, Mohammad Bazar, WEST BENGAL",2,45.4,45.35444444444445,100.0,0,Ignore
Hyderabad,1394,45.3,24.310277777777777,49.3,75,Prioritize for Clearing
Vazhakulam,3,45.2,17.607777777777777,33.3,0,Ignore
Ramesh Master kirana HYDERABAD,1,45.1,45.05861111111111,100.0,0,Ignore
Chitradurga,2,45.1,45.061388888888885,50.0,0,Ignore
ElasticRunGirishParkODH_KOL Kolkata,6,45.0,3.7288888888888887,16.7,0,Prioritize for Clearing
"Basudevpur, BASUDEVPUR, ORISSA",4,45.0,34.0475,50.0,1,Ignore
RatanPurcityHub_PAB,1,45.0,44.95805555555555,100.0,0,Ignore
"Manamunda, Manamunda, ORISSA",1,45.0,45.036944444444444,100.0,1,Ignore
"Chirkunda, Dhanbad, JHARKHAND",3,44.9,22.72138888888889,33.3,0,Ignore
JAYNAGAR,14,44.8,24.066666666666666,42.9,0,Prioritize for Clearing
MANDAPAM,6,44.8,22.958333333333336,16.7,1,Prioritize for Clearing
"Kalyanadurgam, Kalyanadurgam, ANDHRA PRADESH",4,44.8,22.971111111111114,50.0,1,Ignore
"TIRUPUR/SOUTH-TML, Tirupur, TAMIL NADU",2,44.8,44.784444444444446,100.0,0,Ignore
"CHAGALLU, NIDADAVOLE, ANDHRA PRADESH",2,44.8,44.80986111111112,100.0,0,Ignore
Dhubri,4,44.7,41.45347222222222,75.0,0,Ignore
NOIDA SECTOR 63,31,44.7,5.066666666666666,35.5,0,Prioritize for Clearing
"Chatarpur, Chatarpur, MADHYA PRADESH",27,44.6,23.810833333333335,40.7,5,Prioritize for Clearing
"MANGRULPIR, MAHARASHTRA, IN",7,44.3,36.00388888888889,57.1,1,Prioritize for Clearing
"Jangipur1, JANGIPUR, WEST BENGAL",1,44.2,44.19222222222222,100.0,1,Ignore
"Sindhekela, Balangir, ORISSA",2,44.2,44.16930555555555,50.0,2,Ignore
MarinedriveHub_RPR,1,44.2,44.224444444444444,100.0,0,Ignore
Patna,115,44.0,22.6575,47.0,13,Prioritize for Clearing
Sagar,19,43.9,16.933611111111112,47.4,1,Prioritize for Clearing
Dasua,16,43.9,12.601666666666667,25.0,0,Prioritize for Clearing
RaipurCitySplitHub_RPR,1,43.9,43.86333333333334,100.0,0,Ignore
"Mankuva, BHUJ, GUJARAT",3,43.8,24.82888888888889,66.7,0,Ignore
VARANASI (VRNS),5,43.7,23.426666666666666,40.0,0,Prioritize for Clearing
Aizawl,3,43.6,59.535833333333336,66.7,0,Ignore
ALWAL,17,43.4,26.566666666666666,64.7,1,Prioritize for Clearing
"Ramnagar1, Ramnagar Udhampur, JAMMU AND KASHMIR",1,43.4,43.431666666666665,100.0,0,Ignore
"Kalburagi, Kalaburagi, KARNATAKA",13,43.3,15.6525,30.8,0,Prioritize for Clearing
Nagda,10,43.3,14.439305555555556,10.0,1,Prioritize for Clearing
"Halol, Halol, GUJARAT",3,43.2,25.563333333333333,66.7,0,Ignore
"Saraimeer, Saraimeer, UTTAR PRADESH",4,43.1,26.011666666666667,50.0,0,Ignore
KOTTAYAM,62,43.1,7.266666666666667,21.0,5,Prioritize for Clearing
BarigumaMDH_BRM,1,43.0,42.96277777777778,100.0,0,Ignore
Visakhapatanam,7,43.0,28.26361111111111,57.1,0,Prioritize for Clearing
"Banarhat, BANARHAT, WEST BENGAL",1,42.9,42.89805555555556,100.0,0,Ignore
"Vijayapura1, Vijayapura, KARNATAKA",4,42.9,38.48472222222222,75.0,0,Ignore
"Betai, Betai, WEST BENGAL",1,42.9,42.94111111111111,100.0,0,Ignore
"Mecheda, Mecheda, WEST BENGAL",2,42.9,42.85013888888889,50.0,1,Ignore
Koraput,5,42.8,18.381944444444443,20.0,0,Prioritize for Clearing
"Karunapuram, KARUNAPURAM, TAMIL NADU",5,42.7,29.90888888888889,60.0,0,Prioritize for Clearing
"Daund, Daund, MAHARASHTRA",1,42.6,42.585,100.0,0,Ignore
"BHIWANI, Bhiwani, HARYANA",45,42.6,10.735555555555555,15.6,3,Prioritize for Clearing
"Jobat, Jobat, MADHYA PRADESH",3,42.6,24.523055555555555,33.3,1,Ignore
Brahmbad,2,42.5,42.46958333333333,50.0,0,Ignore
movva,4,42.4,24.97222222222222,50.0,0,Ignore
MALKANAGIRI OFFICE,1,42.4,42.35,100.0,0,Ignore
"Boudh, Boudh, ORISSA",7,42.4,41.69694444444445,57.1,2,Prioritize for Clearing
PUTTUR,6,42.3,16.683333333333334,33.3,2,Prioritize for Clearing
Sikar,8,42.3,12.936666666666667,25.0,2,Prioritize for Clearing
Behror,5,42.3,18.013333333333332,40.0,0,Prioritize for Clearing
Gurgaon,1297,42.3,18.203055555555554,40.9,86,Prioritize for Clearing
CABTSantoshpurODH_KOL Kolkata,6,42.1,4.94513888888889,16.7,0,Prioritize for Clearing
Naharlagun,8,42.0,24.165555555555557,37.5,0,Prioritize for Clearing
APX SFC ETAIL PUD IN KSW,6,42.0,33.75,66.7,0,Prioritize for Clearing
NoharbadharaMDH_NOH,1,42.0,41.984722222222224,100.0,0,Ignore
Gobindgarh,19,42.0,9.141944444444444,21.1,1,Prioritize for Clearing
"Ghoti, Nashik, MAHARASHTRA",3,41.9,19.65222222222222,33.3,0,Ignore
Rajahmundary,17,41.9,11.186666666666667,11.8,0,Prioritize for Clearing
SURAT (STVH),9,41.9,26.54861111111111,88.9,0,Prioritize for Clearing
Anandapur,5,41.9,28.886666666666667,60.0,0,Prioritize for Clearing
Rafiganj,2,41.8,41.837777777777774,50.0,0,Ignore
"Kodai Road, Dindugul, TAMIL NADU",2,41.7,41.679722222222225,50.0,0,Ignore
ANDHERI (ADHR),15,41.7,21.298333333333332,40.0,1,Prioritize for Clearing
"Sukiapokhri, Sukiapokhri, WEST BENGAL",2,41.5,41.54347222222222,100.0,0,Ignore
Avinashi Road Hub,2,41.5,41.47416666666667,50.0,0,Ignore
"Choppadandi, Karimnagar, TELANGANA",1,41.5,41.540277777777774,100.0,0,Ignore
"Ghataprabha, Gokak, KARNATAKA",1,41.4,41.384166666666665,100.0,0,Ignore
"Bargarh, Bargarh, ORISSA",1,41.4,41.44638888888889,100.0,0,Ignore
"MADANPALLI, Madanapalli, ANDHRA PRADESH",5,41.4,17.403333333333332,40.0,1,Prioritize for Clearing
"Shahpur Bhoura, SHAHPUR BHOURA, MADHYA PRADESH",1,41.4,41.36472222222222,100.0,0,Ignore
Vyara,7,41.3,10.694722222222222,14.3,0,Prioritize for Clearing
"SASTHAMCOTTA, sasthamkotta, KERALA",1,41.3,41.3175,100.0,0,Ignore
GBL SERVICE CENTRE,5,41.3,39.916666666666664,60.0,1,Prioritize for Clearing
BARAUNI OFFICE,6,41.2,3.8583333333333334,16.7,3,Prioritize for Clearing
"Diamond Harbour1, Diamond Harbour, WEST BENGAL",1,41.2,41.195277777777775,100.0,0,Ignore
CP BRANCH OFFICE,99,41.2,6.916666666666667,18.2,1,Prioritize for Clearing
Dhar,9,41.2,13.930833333333334,33.3,0,Prioritize for Clearing
NELAMANGALA,97,41.1,8.35,29.9,5,Prioritize for Clearing
HSRL,1699,41.1,7.892777777777778,28.7,14,Prioritize for Clearing
"Contai, CONTAI, WEST BENGAL",1,41.1,41.10805555555556,100.0,0,Ignore
"SULEBHAVI, Belguam, KARNATAKA",1,41.1,41.1325,100.0,0,Ignore
Alipurduar,12,41.1,14.092916666666667,25.0,1,Prioritize for Clearing
Paonta Sahib,6,41.0,19.701666666666668,16.7,0,Prioritize for Clearing
Merces Hub Panjim,9,41.0,6.071666666666666,22.2,0,Prioritize for Clearing
"Zamaniya, Zamaniya, UTTAR PRADESH",2,41.0,41.04486111111111,50.0,0,Ignore
KANKAVALI,1,40.9,40.86666666666667,100.0,0,Ignore
Shikrapur,2,40.8,40.786249999999995,50.0,0,Ignore
PardiODH_NAG,1,40.8,40.81805555555555,100.0,0,Ignore
ManikondaHub_Hyd,1,40.7,40.69444444444444,100.0,0,Ignore
"IDR/MSR, Indore, MADHYA PRADESH",47,40.7,11.685833333333333,44.7,0,Prioritize for Clearing
"Murthal, Sonipat, HARYANA",2,40.6,40.590555555555554,100.0,0,Ignore
"KANPUR, UTTAR PRADESH, IN",3,40.6,7.041666666666667,33.3,1,Ignore
Begumpet Hub,2,40.6,40.565555555555555,100.0,0,Ignore
"Ashta, Ashta, MADHYA PRADESH",1,40.5,40.5425,100.0,0,Ignore
Mirzapur,8,40.5,3.7761111111111108,12.5,1,Prioritize for Clearing
"Deoghar, Jharkhand, IN",3,40.5,37.73444444444444,66.7,0,Ignore
NASIK (NSKH),2,40.4,40.42861111111111,50.0,0,Ignore
"Budbuda, BUDBUDA, MADHYA PRADESH",33,40.4,12.416944444444445,36.4,2,Prioritize for Clearing
"BANDERDEWA, BANDERDEWA, ASSAM",6,40.4,19.057916666666664,33.3,1,Prioritize for Clearing
GUDUR,7,40.4,15.866666666666667,14.3,1,Prioritize for Clearing
"Dhanduka, Dhanduka, GUJARAT",2,40.3,40.305416666666666,50.0,0,Ignore
TRINITY,113,40.3,8.983333333333333,15.9,5,Prioritize for Clearing
"Sonepur, Sonepur, ORISSA",5,40.2,29.65888888888889,80.0,0,Prioritize for Clearing
JAYANAGAR PUD,13,40.2,25.6,61.5,0,Prioritize for Clearing
RajpurroadHub_DED Dehradun,17,40.1,3.665,17.6,2,Prioritize for Clearing
Mehsana,18,40.1,8.590277777777779,22.2,3,Prioritize for Clearing
Dungarpur H.O,7,40.1,35.47888888888889,57.1,1,Prioritize for Clearing
Roha,4,40.1,11.223194444444445,25.0,0,Ignore
Rayachoti,3,40.1,9.8825,33.3,1,Ignore
Udaipur Hub,1,40.1,40.08722222222222,100.0,0,Ignore
Sivaganga,2,40.0,40.03944444444444,50.0,0,Ignore
Lalpar,3,40.0,21.379722222222224,33.3,0,Ignore
Balotra,2,39.9,39.88583333333334,100.0,1,Ignore
Haltu Hub Kolkata,6,39.8,8.587222222222223,16.7,0,Prioritize for Clearing
"Mughalsarai1, Mughal Sarai, UTTAR PRADESH",5,39.7,15.279722222222222,20.0,1,Prioritize for Clearing
"Trichur, TRICHUR, KERALA",32,39.6,11.884722222222223,18.8,0,Prioritize for Clearing
"Malavalli, Malavalli, KARNATAKA",1,39.6,39.624722222222225,100.0,0,Ignore
KOLKATA - CCU,21,39.6,12.516666666666667,33.3,1,Prioritize for Clearing
BILASPUR PUD,2,39.5,39.475,50.0,0,Ignore
PEENYA,109,39.5,3.55,17.4,6,Prioritize for Clearing
Chirawa,2,39.4,39.403333333333336,50.0,0,Ignore
"Sonamukhi, SONAMUKHI, WEST BENGAL",1,39.4,39.40472222222222,100.0,0,Ignore
"Rajgarh RJ, Rajgarh RJ, RAJASTHAN",1,39.3,39.34972222222222,100.0,0,Ignore
"Chittoor, Andhra Pradesh, IN",3,39.3,48.22,66.7,0,Ignore
"AZG/Sidhari, Azamgarh, UTTAR PRADESH",7,39.2,28.613888888888887,57.1,3,Prioritize for Clearing
"Machhagaon, Machhagaon, ORISSA",3,39.2,20.973333333333333,33.3,0,Ignore
Mangawan,2,39.1,39.09625,50.0,0,Ignore
KANGEYAM ROAD TIRUPUR,10,39.0,22.358333333333334,30.0,0,Prioritize for Clearing
"Mahuva, Mahuva, GUJARAT",1,39.0,39.03138888888889,100.0,0,Ignore
Lalbagh,5,39.0,27.394444444444446,60.0,0,Prioritize for Clearing
MUMBAI - MUM,61,38.8,17.483333333333334,44.3,16,Prioritize for Clearing
Dehradun Hub Dehradun,9,38.7,6.438888888888889,11.1,0,Prioritize for Clearing
"Sirsa, Sirsa, HARYANA",67,38.6,11.005833333333333,14.9,2,Prioritize for Clearing
NAG,39,38.5,41.958888888888886,82.1,0,Prioritize for Clearing
"Payyannur, Kannur, KERALA",2,38.5,38.49847222222222,100.0,1,Ignore
"JODH/PKM, Jodhpur, RAJASTHAN",11,38.4,11.112777777777778,27.3,4,Prioritize for Clearing
Maharajpur,2,38.4,38.43875,50.0,0,Ignore
"Takhatgarh, Takhatgarh, RAJASTHAN",6,38.3,24.540972222222223,33.3,2,Prioritize for Clearing
Angul,9,38.3,11.979722222222222,44.4,0,Prioritize for Clearing
Jalalabad,2,38.2,38.19416666666667,50.0,0,Ignore
Kottiyam,2,38.2,38.16486111111111,50.0,0,Ignore
"Bhavnagar, BHAVNAGAR, GUJARAT",28,38.1,8.475277777777777,28.6,5,Prioritize for Clearing
Kote Holenarsipura,4,38.1,19.836805555555557,50.0,0,Ignore
Sirsa,13,38.1,13.426388888888889,23.1,0,Prioritize for Clearing
SOHNA,56,38.1,4.941666666666666,19.6,0,Prioritize for Clearing
Lonavala,8,38.0,18.62097222222222,37.5,1,Prioritize for Clearing
"Thandla, Thandla, MADHYA PRADESH",4,38.0,26.77402777777778,75.0,0,Ignore
Palampur,7,37.9,25.697777777777777,57.1,1,Prioritize for Clearing
RAIGARH(MH),1,37.8,37.810833333333335,100.0,0,Ignore
JAKHAL MANDI,8,37.7,25.425,50.0,0,Prioritize for Clearing
"Sonada, Darjeeling, WEST BENGAL",2,37.7,37.721944444444446,50.0,0,Ignore
PORVORIM - POG,5,37.5,39.96666666666667,60.0,1,Prioritize for Clearing
Mekkaad,10,37.5,5.720138888888888,20.0,0,Prioritize for Clearing
"GAU/Lankeswar-TML, Guwahati, ASSAM",5,37.5,21.721944444444443,40.0,1,Prioritize for Clearing
Kandukur,2,37.3,37.34222222222222,50.0,0,Ignore
LodhipurHub_MRD Moradabad,1,37.3,37.28055555555556,100.0,0,Ignore
DELIVERY PICKUP SOUKYA RD,42,37.3,9.416666666666668,26.2,1,Prioritize for Clearing
"Singanallur, Coimbatore, TAMIL NADU",4,37.3,36.35944444444445,50.0,1,Ignore
Kashipur,13,37.2,19.89611111111111,30.8,0,Prioritize for Clearing
Guna,8,37.2,8.08013888888889,12.5,2,Prioritize for Clearing
Cochin,190,37.2,16.560833333333335,41.6,27,Prioritize for Clearing
MARGAO,2,37.2,37.15,50.0,0,Ignore
SIVAGANGA,1,37.1,37.115,100.0,0,Ignore
"DEL/LH3, Gurgaon, HARYANA",708,37.1,41.29875,58.9,110,Prioritize for Clearing
Jalpaiguri,192,37.1,26.297083333333333,50.5,26,Prioritize for Clearing
BICHOLIM,69,37.0,19.15,36.2,0,Prioritize for Clearing
Gangapur City,4,36.9,37.49583333333334,50.0,0,Ignore
Idappadi,7,36.8,21.71388888888889,42.9,1,Prioritize for Clearing
FAR APEX/SFC PUD,3,36.8,34.016666666666666,66.7,0,Ignore
JOGESHWARI,190,36.7,8.516666666666667,17.9,2,Prioritize for Clearing
"Chamoli, Chamoli, UTTARAKHAND",1,36.6,36.554722222222225,100.0,0,Ignore
Godhra,4,36.6,25.734444444444442,50.0,0,Ignore
"Nokha BH, NokhaBR, BIHAR",2,36.4,36.3925,50.0,0,Ignore
MUDDEBIHAL,1,36.3,36.266666666666666,100.0,0,Ignore
"Bodhan1, Bodhan, TELANGANA",2,36.2,36.22958333333334,50.0,0,Ignore
Ziro,5,36.1,29.996388888888887,60.0,0,Prioritize for Clearing
PATTIMATTOM,2,36.1,36.06666666666666,50.0,0,Ignore
HALOL,2,36.1,36.108333333333334,50.0,0,Ignore
Om Store NEW DELHI,1,36.1,36.076388888888886,100.0,0,Ignore
"Shadnagar1, SHADNAGAR, TELANGANA",2,36.0,36.025277777777774,50.0,1,Ignore
MULM,3537,36.0,15.303055555555556,40.9,13,Prioritize for Clearing
"Mandideep, Mandideep, MADHYA PRADESH",15,36.0,22.979444444444443,46.7,2,Prioritize for Clearing
"Madanthyar, MADANTHYAR, KARNATAKA",3,36.0,34.0725,66.7,0,Ignore
GONDIA - GNI,2,36.0,36.00833333333333,50.0,0,Ignore
Sathyamangalam,2,36.0,35.963055555555556,50.0,0,Ignore
ARSIKERE,4,35.8,41.83333333333333,50.0,1,Ignore
Arrah,6,35.8,16.169166666666666,33.3,0,Prioritize for Clearing
"Pursotampur, Purshotampur, ORISSA",1,35.8,35.82138888888889,100.0,0,Ignore
"RAJATALAB HP, RajaTalab HP, HIMACHAL PRADESH",2,35.7,35.659444444444446,100.0,0,Ignore
Raipur,420,35.6,25.68138888888889,51.7,36,Prioritize for Clearing
ISHU GENRAL STORE GAUTAM BUDDHA NAGAR,1,35.6,35.59,100.0,0,Ignore
Gadchiroli,4,35.6,14.417638888888888,25.0,0,Ignore
Jaipur,556,35.6,18.540277777777778,45.0,42,Prioritize for Clearing
BELGAUM,3,35.6,3.566666666666667,33.3,0,Ignore
CABTGariahatODH_KOL KOLKATA,12,35.6,7.845,16.7,0,Prioritize for Clearing
ElasticRunKattedanODH_HYD,1,35.5,35.5025,100.0,0,Ignore
Derabassi,3,35.5,16.2425,33.3,0,Ignore
Nellore,9,35.5,3.2286111111111113,11.1,4,Prioritize for Clearing
Suradahub_SRD chatrapur,1,35.4,35.40638888888889,100.0,0,Ignore
"MORADABAD, Moradabad, UTTAR PRADESH",93,35.4,11.114166666666666,19.4,5,Prioritize for Clearing
"DEHRADUN, Dehradun, UTTARAKHAND",107,35.3,21.414166666666667,27.1,1,Prioritize for Clearing
"Leh, Jammu & Kashmir, IN",4,35.3,31.284166666666664,50.0,1,Ignore
"Madhuban UP, Madhuban UP, UTTAR PRADESH",2,35.2,35.21527777777778,100.0,0,Ignore
MOTIHARI,1,35.2,35.155,100.0,0,Ignore
Parsabad,1,35.2,35.1725,100.0,0,Ignore
Navelim,21,35.2,11.88638888888889,19.0,0,Prioritize for Clearing
MANCHAR,3,35.1,-2.3833333333333333,33.3,2,Ignore
"BOM/CHB, Mumbai, MAHARASHTRA",77,35.1,12.721944444444444,22.1,3,Prioritize for Clearing
BHOPAL WAREHOUSE,4,35.0,19.266666666666666,50.0,0,Ignore
"Balugaon, BALUGAON, ORISSA",2,35.0,35.01,50.0,1,Ignore
"Bemetara, BEMETARA, CHHATTISGARH",3,34.9,27.502777777777776,66.7,0,Ignore
Chalanguda,6,34.8,27.685833333333335,66.7,0,Prioritize for Clearing
Sunny Telcom hassmat GHAZIABAD,1,34.8,34.809444444444445,100.0,0,Ignore
"Palanpur1, Palanpur, GUJARAT",26,34.7,7.826805555555556,30.8,6,Prioritize for Clearing
JAIPUR WAREHOUSE,56,34.6,19.28333333333333,19.6,15,Prioritize for Clearing
Indore,300,34.6,13.819722222222222,20.3,27,Prioritize for Clearing
"Dakra, KHALARI, JHARKHAND",1,34.6,34.605,100.0,0,Ignore
"Mannargudi, Tiruvarur, TAMIL NADU",1,34.6,34.57805555555556,100.0,0,Ignore
"Hosanagara, HOSANAGARA, KARNATAKA",2,34.5,34.45333333333333,100.0,0,Ignore
ElasticRunJaripatkaODH_NAG,1,34.5,34.54972222222222,100.0,0,Ignore
"Buhana, Buhana, RAJASTHAN",2,34.4,34.357638888888886,100.0,0,Ignore
CALICUT,87,34.3,2.6,18.4,8,Prioritize for Clearing
Pathankot,13,34.3,13.7125,23.1,0,Prioritize for Clearing
Silchar,3,34.3,33.8525,66.7,0,Ignore
Jind,6,34.3,14.067777777777778,33.3,1,Prioritize for Clearing
Soham Patel kirana SURAT,1,34.2,34.17,100.0,0,Ignore
"Khirkiya, Khirkiya, MADHYA PRADESH",2,34.2,34.180277777777775,50.0,1,Ignore
RAJKOT - RJT,5,34.1,17.033333333333335,20.0,0,Prioritize for Clearing
TrimurtiNagar Hub,1,34.1,34.05972222222222,100.0,0,Ignore
"Alipura, BANGALORE, KARNATAKA",2,34.0,33.96486111111111,100.0,0,Ignore
SABG,2545,34.0,1.136388888888889,29.4,7,Prioritize for Clearing
MANESAR WAREHOUSE,32,34.0,5.550000000000001,18.8,0,Prioritize for Clearing
"Masrakh, MASHRAKH, BIHAR",5,33.9,22.510833333333334,40.0,1,Prioritize for Clearing
GANDHI NAGAR (GANR),2,33.9,33.94652777777778,50.0,0,Ignore
"Gadchiroli, Gadchiroli, MAHARASHTRA",17,33.9,24.174722222222222,41.2,3,Prioritize for Clearing
"Amberi, Amberi, ORISSA",2,33.7,33.70305555555556,100.0,0,Ignore
MMMHub_GOP Gorakhpur,3,33.6,43.71666666666667,66.7,0,Ignore
RAIPUR CG - RIP,6,33.6,10.625,16.7,0,Prioritize for Clearing
NAGAON,3,33.6,12.309444444444445,33.3,0,Ignore
Pandharkawda,6,33.4,12.089166666666667,33.3,1,Prioritize for Clearing
"PUNALUR, Punalur, KERALA",2,33.3,33.32472222222222,100.0,0,Ignore
RANCHI (IXRH),3,33.2,23.283333333333335,33.3,0,Ignore
HADAPSAR SERVICE CENTRE,583,33.2,9.35,38.9,0,Prioritize for Clearing
"Baradwar, Sakti, CHHATTISGARH",2,33.2,33.22138888888889,100.0,0,Ignore
"Dalhousie, DALHOUSIE, HIMACHAL PRADESH",6,33.2,21.58,33.3,1,Prioritize for Clearing
"Gurugram, Haryana, IN",945,33.1,25.469722222222224,51.0,57,Prioritize for Clearing
Dibrugarh,4,33.0,36.16,75.0,1,Ignore
Basar,2,33.0,33.033611111111114,100.0,1,Ignore
Kurukshetra,19,32.9,16.002777777777776,21.1,3,Prioritize for Clearing
AMBALA,565,32.9,21.966666666666665,42.7,2,Prioritize for Clearing
KORAMANGALA,3921,32.6,10.583333333333334,45.1,4,Prioritize for Clearing
"Chirala, Chirala, ANDHRA PRADESH",9,32.6,25.253333333333334,55.6,3,Prioritize for Clearing
Gurazala,2,32.5,32.45236111111112,50.0,0,Ignore
KANNUAJ,4,32.5,18.225,25.0,0,Ignore
Phase3Noida Hub,1,32.5,32.477222222222224,100.0,0,Ignore
Nandigama,2,32.5,32.464999999999996,50.0,0,Ignore
BrahmapurMDH_KOL,2,32.3,32.33291666666667,50.0,0,Ignore
SAMBALPUR,3,32.1,20.3575,33.3,1,Ignore
MUDIGERE,7,32.1,26.216666666666665,57.1,1,Prioritize for Clearing
"Bastar, Bastar, CHHATTISGARH",4,32.1,32.65902777777778,50.0,0,Ignore
"AMARAVATHIPUTHUR, AMARAVATHIPUTHUR, TAMIL NADU",1,32.0,32.0475,100.0,0,Ignore
PALAMANER,3,32.0,33.43333333333333,66.7,0,Ignore
"Bareilly, Bareilly, UTTAR PRADESH",112,31.9,7.784027777777778,18.8,5,Prioritize for Clearing
Ayyantholehub_AYY,3,31.9,2.3222222222222224,33.3,0,Ignore
"GUNTUR, ANDHRA PRADESH, IN",4,31.8,35.83166666666666,50.0,1,Ignore
Vaniyambadi,4,31.8,19.127361111111114,50.0,0,Ignore
Buguda,8,31.7,12.03736111111111,25.0,0,Prioritize for Clearing
Cuttack,214,31.7,15.621111111111112,43.0,23,Prioritize for Clearing
DEHRADUN,1026,31.6,17.766666666666666,49.4,1,Prioritize for Clearing
LUCKNOW WAREHOUSE,5,31.6,25.45,60.0,0,Prioritize for Clearing
"Kadipur, Kadipur, UTTAR PRADESH",2,31.5,31.49319444444444,50.0,1,Ignore
"Palakkad, PALAKKAD, KERALA",27,31.4,6.214166666666666,14.8,2,Prioritize for Clearing
ElasticRunAundhODH_AND,1,31.4,31.425833333333333,100.0,0,Ignore
VISAKHAPATNAM - VTD,4,31.3,13.308333333333334,25.0,0,Ignore
BENGALURU - BLR,104,31.3,16.516666666666666,31.7,6,Prioritize for Clearing
beawar,5,31.2,14.13861111111111,40.0,1,Prioritize for Clearing
Kagal,4,31.2,15.588333333333335,25.0,0,Ignore
Nawanshahr,2,31.2,31.18402777777778,100.0,0,Ignore
bramhapuri,4,31.2,6.2804166666666665,25.0,0,Ignore
KunnamangalamHub_KNM,2,31.1,31.088611111111113,50.0,0,Ignore
"Soolai Erode, Erode, TAMIL NADU",4,31.1,13.125,25.0,0,Ignore
Etwah,11,31.0,17.708333333333332,18.2,0,Prioritize for Clearing
Rupnagar,14,30.9,11.120555555555555,21.4,2,Prioritize for Clearing
DELHI SAMALKHA WAREH,20,30.9,28.325000000000003,50.0,3,Prioritize for Clearing
NATIONAL HIGHWAY EXT,8,30.9,17.066666666666666,37.5,0,Prioritize for Clearing
yanam,2,30.9,30.93763888888889,100.0,0,Ignore
"TUPIA, JAMUGURI, ASSAM",8,30.7,26.205416666666665,62.5,0,Prioritize for Clearing
Bhosari Hub,1,30.6,30.58277777777778,100.0,0,Ignore
BELGIUM SQUARE OFFICE.,1703,30.6,26.3,53.3,0,Prioritize for Clearing
IXB,5,30.6,30.508333333333333,100.0,0,Prioritize for Clearing
Ludhiana,1203,30.5,17.416666666666668,40.8,159,Prioritize for Clearing
Nitin sweets shop NEW DELHI,1,30.5,30.520555555555557,100.0,0,Ignore
"AshtaMH, ASHTA MH, MAHARASHTRA",1,30.5,30.54111111111111,100.0,0,Ignore
Ernakulam,665,30.5,16.665,44.7,92,Prioritize for Clearing
SagarHub_SGR,1,30.4,30.405833333333334,100.0,0,Ignore
"Itahar, ITAHAR, WEST BENGAL",2,30.4,30.38444444444444,50.0,1,Ignore
Meerut,39,30.4,10.450555555555555,17.9,3,Prioritize for Clearing
"TUTICORIN/WEST-TML, Tuticorin, TAMIL NADU",4,30.2,5.626666666666667,25.0,1,Ignore
SULLIA,2,30.1,30.06666666666667,50.0,0,Ignore
Sopore,3,30.1,17.361944444444443,33.3,1,Ignore
Jodhpur Hub,2,29.9,29.945,50.0,0,Ignore
MORADABAD,596,29.7,21.983333333333334,21.6,0,Prioritize for Clearing
CTMK,473,29.7,18.54388888888889,17.5,7,Prioritize for Clearing
Mungeli,2,29.7,29.706527777777776,50.0,0,Ignore
Shri Krishna Express GURGAON,1,29.7,29.721666666666668,100.0,0,Ignore
CHENNAI - MAA,19,29.6,18.4,31.6,4,Prioritize for Clearing
SURAT GROUND HUB,1149,29.6,23.516666666666666,49.7,89,Prioritize for Clearing
"Barmer, BARMER, RAJASTHAN",1,29.5,29.53472222222222,100.0,0,Ignore
Ayyanthole,26,29.5,7.469861111111111,19.2,0,Prioritize for Clearing
BHUBANESWAR - BBN,7,29.4,13.15,28.6,0,Prioritize for Clearing
Varanasi,97,29.3,15.366388888888888,41.2,4,Prioritize for Clearing
"Angamaly, Aluva, KERALA",2,29.3,29.251666666666665,50.0,0,Ignore
"Babain, KURUKSHETRA, HARYANA",4,29.3,23.952916666666667,50.0,0,Ignore
ElasticRunVishrantwadiSplitODH_PUNE,1,29.2,29.204444444444444,100.0,0,Ignore
"Satyavedu, ANDHRA PRADESH, IN",3,29.2,30.97972222222222,66.7,1,Ignore
JAHANGIRABAD,2,29.1,29.14333333333333,50.0,0,Ignore
"BONGAON, BONGAON, WEST BENGAL",2,29.1,29.072361111111114,50.0,1,Ignore
HSR LAYOUT (HSRL),1,29.1,29.09111111111111,100.0,0,Ignore
DARUHERA,7,29.1,23.766666666666666,42.9,1,Prioritize for Clearing
GAU WAREHOUSE,8,29.1,23.65,37.5,0,Prioritize for Clearing
WAGHOLI,2,29.0,28.991666666666667,50.0,1,Ignore
Huzur,2,29.0,28.9925,50.0,0,Ignore
Vinay store NEW DELHI,1,29.0,29.029722222222222,100.0,0,Ignore
VIRUDHACHALAM,10,28.9,24.583333333333332,50.0,0,Prioritize for Clearing
Nautanwa Maharajganj,2,28.9,28.944722222222225,50.0,0,Ignore
BareillyBypaasHub_BRY,2,28.9,28.915277777777778,50.0,0,Ignore
BhandaraHub_BHR,1,28.9,28.91861111111111,100.0,0,Ignore
"Jeori, JEORI, HIMACHAL PRADESH",2,28.8,28.830416666666665,50.0,0,Ignore
ChaparHub_CHP dhubri,1,28.7,28.704166666666666,100.0,0,Ignore
ULHAS NAGAR,810,28.7,7.416666666666667,17.2,1,Prioritize for Clearing
AirportrdHub_HSS,2,28.6,28.621805555555554,50.0,0,Ignore
Kottakkal,6,28.6,11.165277777777778,33.3,1,Prioritize for Clearing
"Moodubelle1, Moodubelle, KARNATAKA",1,28.6,28.594166666666666,100.0,0,Ignore
DabriHub_DEL,3,28.6,36.329166666666666,66.7,0,Ignore
MARAKANAM - MRM ,2,28.5,28.541666666666664,50.0,0,Ignore
BHOPAL - BPA,3,28.5,23.516666666666666,33.3,1,Ignore
Bangalore,662,28.4,19.415972222222223,43.7,34,Prioritize for Clearing
Mugalsarai,4,28.4,10.854166666666668,25.0,1,Ignore
Amrut kirana Store SURAT,3,28.3,23.348333333333333,33.3,0,Ignore
Bareilly Hub,2,28.2,28.243472222222223,50.0,0,Ignore
TheogODH_TEO,1,28.2,28.15888888888889,100.0,1,Ignore
Jhumri Telaiya,1,28.1,28.067777777777778,100.0,0,Ignore
JodhpurHubTemp_JDH Jodhpur,1,28.1,28.149166666666666,100.0,0,Ignore
ElasticrunPadmaraonagarODH_HYD,2,28.0,27.990138888888886,50.0,0,Ignore
MOHALI  ETAIL DLVRY AGENT,5,28.0,34.1,60.0,1,Prioritize for Clearing
AzaraHub_GAU,1,27.9,27.92861111111111,100.0,0,Ignore
"Garwar, Garwar, UTTAR PRADESH",5,27.8,1.2863888888888888,20.0,2,Prioritize for Clearing
SAKINAKA,70,27.8,9.983333333333334,18.6,0,Prioritize for Clearing
Hoshiarpur,15,27.8,8.851111111111111,20.0,0,Prioritize for Clearing
MUMBAI KANDIVALI WAR,2278,27.7,28.633333333333333,90.5,189,Prioritize for Clearing
ItarsiHub_ITR,1,27.6,27.561944444444446,100.0,0,Ignore
Tikamgarh,7,27.6,32.23111111111111,57.1,0,Prioritize for Clearing
"Totu, Shimla, HIMACHAL PRADESH",51,27.6,7.753333333333333,13.7,2,Prioritize for Clearing
Jagtai,2,27.6,27.56111111111111,50.0,0,Ignore
VILHOLI GAOTHAN,1,27.6,27.616666666666667,100.0,0,Ignore
SansargarhMDH_SGH Mohla,1,27.5,27.50027777777778,100.0,0,Ignore
HINJEWADI WAREHOUSE,7164,27.3,26.283333333333335,65.8,204,Prioritize for Clearing
SURAT - SUR,16,27.3,11.575,25.0,5,Prioritize for Clearing
Ichalkaranji,12,27.3,5.07375,16.7,1,Prioritize for Clearing
Amravati Hub,2,27.3,27.329583333333332,100.0,0,Ignore
Mahag,2,27.2,27.165694444444448,50.0,0,Ignore
BANER SERVICE CENTRE,45,27.2,5.283333333333333,13.3,1,Prioritize for Clearing
BIHAR SHARIF,1,27.2,27.15277777777778,100.0,0,Ignore
Lucknow,560,27.2,17.064444444444444,33.6,44,Prioritize for Clearing
BhadrakHub_BHC,1,27.1,27.134722222222223,100.0,0,Ignore
BHOWANIPUR,801,27.1,28.45,76.2,0,Prioritize for Clearing
AHMEDABAD - AHD,24,27.0,9.416666666666668,29.2,3,Prioritize for Clearing
"Majra, Dehradun, UTTARAKHAND",104,27.0,21.516111111111112,40.4,0,Prioritize for Clearing
"Pathankot, Pathankot, PUNJAB",124,27.0,7.769166666666667,8.9,15,Prioritize for Clearing
Uluberia,424,27.0,15.426111111111112,43.9,28,Prioritize for Clearing
Parippally,6,26.9,8.049444444444443,16.7,1,Prioritize for Clearing
VADODARA WAREHOUSE,303,26.9,7.066666666666666,16.8,17,Prioritize for Clearing
"Deoli Raj, Deoli Raj, RAJASTHAN",7,26.8,15.20861111111111,28.6,2,Prioritize for Clearing
COD CPU VI,5,26.8,29.1,60.0,0,Prioritize for Clearing
Una,15,26.8,17.4325,13.3,0,Prioritize for Clearing
SiddagangaHub_TKR,2,26.7,26.735,50.0,0,Ignore
Sihora,5,26.7,22.201666666666668,40.0,0,Prioritize for Clearing
DDB BRANCH OFFICE,37,26.6,26.85,81.1,0,Prioritize for Clearing
pakala,3,26.6,23.91583333333333,33.3,0,Ignore
moga 1,2,26.5,26.463194444444447,50.0,0,Ignore
Mollykutty HOME ALAPPUZHA,1,26.5,26.493333333333332,100.0,0,Ignore
BHIWANDI HUB,6705,26.5,20.6,37.4,636,Prioritize for Clearing
"Nandurshingote, Sinnar, MAHARASHTRA",1,26.4,26.385833333333334,100.0,0,Ignore
"Boranada, Boranada, RAJASTHAN",4,26.4,23.94152777777778,50.0,0,Ignore
NAGPUR - NGP,7,26.4,6.95,14.3,4,Prioritize for Clearing
CJBH,267,26.3,27.314166666666665,70.0,2,Prioritize for Clearing
SUMAN STORE NEW DELHI,3,26.3,29.516111111111112,66.7,0,Ignore
"Savanur, Lakshmeshwara, KARNATAKA",2,26.3,26.310138888888886,50.0,0,Ignore
"Channapatna, CHANNAPATNA, KARNATAKA",2,26.1,26.077083333333334,50.0,0,Ignore
"Port Blair, Andaman & Nicobar Islands, IN",2,26.0,25.958194444444445,50.0,0,Ignore
Hariom stationary NEW DELHI,1,26.0,26.02277777777778,100.0,0,Ignore
Teachers Obroi ERNAKULAM,1,25.9,25.909166666666668,100.0,0,Ignore
Mandideep,2,25.9,25.88652777777778,50.0,0,Ignore
"BLR/APT, BANGALORE, KARNATAKA",2,25.9,25.924861111111113,50.0,0,Ignore
Hajipur,24,25.9,20.87638888888889,50.0,7,Prioritize for Clearing
Maihar,7,25.8,14.733888888888888,14.3,0,Prioritize for Clearing
Abango,2,25.7,25.722638888888888,50.0,1,Ignore
FerozepurRoadHub_LUH,2,25.7,25.71666666666667,50.0,0,Ignore
"Mettupalayam, Tamilnadu, IN",4,25.7,25.723055555555558,50.0,0,Ignore
PALITANA,4,25.7,22.758333333333333,50.0,0,Ignore
RJCX,4440,25.7,3.0941666666666667,29.1,16,Prioritize for Clearing
GURUGRAM - GGN,323,25.7,15.883333333333333,38.1,59,Prioritize for Clearing
Jhulana,2,25.6,25.647777777777776,50.0,0,Ignore
LekhrajMarketHub_LKO,2,25.6,25.62972222222222,50.0,0,Ignore
DELHI - DEL,162,25.6,10.266666666666666,24.7,19,Prioritize for Clearing
RAJKOT,1190,25.6,28.683333333333334,68.5,0,Prioritize for Clearing
BOM,3,25.6,25.691666666666666,100.0,0,Ignore
LUDHIANA - LDH,21,25.5,12.733333333333333,19.0,1,Prioritize for Clearing
Coimbatore,963,25.5,6.507777777777778,30.2,46,Prioritize for Clearing
SriGanganagar Hub,2,25.4,25.354166666666664,50.0,0,Ignore
OngoleHub_ONG,2,25.4,25.415138888888887,50.0,0,Ignore
Goldencity,4,25.2,8.289722222222222,25.0,0,Ignore
HYDERABAD - HYD,29,25.1,15.733333333333333,37.9,4,Prioritize for Clearing
Laxmi Shoping Center THANE,1,25.0,24.958333333333332,100.0,0,Ignore
JODHPUR TRANSIT HUB,41,25.0,26.866666666666667,63.4,7,Prioritize for Clearing
"Mudhol, MUDHOL, KARNATAKA",2,25.0,25.03875,50.0,0,Ignore
PATNA HUB (PATW),4,25.0,22.238611111111112,50.0,0,Ignore
Vaishali,3,25.0,32.50555555555555,66.7,0,Ignore
Aaqib Ahmad MEERUT,1,24.9,24.907222222222224,100.0,0,Ignore
PathankotHub_PHT,2,24.9,24.947083333333335,50.0,0,Ignore
Mahi kirana store FARIDABAD,1,24.8,24.820555555555554,100.0,0,Ignore
DachepalleODH_DHP,2,24.8,24.75125,50.0,0,Ignore
PATALGANGA HUB,75,24.8,21.416666666666668,28.0,0,Prioritize for Clearing
Kundanagari,4,24.8,6.6288888888888895,25.0,0,Ignore
DARTPLUS GOPINATH,40,24.7,27.75,57.5,1,Prioritize for Clearing
ELCT,1357,24.7,3.9894444444444446,12.3,8,Prioritize for Clearing
"SURAT/LH1, Surat, GUJARAT",2248,24.7,20.8775,38.0,227,Prioritize for Clearing
JHAJJHAR,961,24.6,17.88277777777778,45.3,63,Prioritize for Clearing
"BLR/HOS-TML, BANGALORE, KARNATAKA",184,24.6,8.717222222222222,26.1,2,Prioritize for Clearing
AGR E-TAIL PROCSSING UNIT,18,24.6,18.691666666666666,44.4,0,Ignore
"Mauda, Mauda, MAHARASHTRA",1,24.5,24.499444444444446,0.0,1,Ignore
bundi,3,24.4,26.409166666666668,66.7,0,Ignore
PalluruthyHub_PRT,3,24.4,1.236388888888889,33.3,1,Ignore
UPPINANGADY,24,24.4,5.433333333333334,8.3,2,Prioritize for Clearing
Sonada,3,24.4,22.738611111111112,33.3,0,Ignore
"BHIWANDI/LH1, Bhiwandi, MAHARASHTRA",5699,24.3,18.34777777777778,40.4,277,Prioritize for Clearing
"CHINNAMANDAM, Rayachoty, ANDHRA PRADESH",9,24.3,27.413055555555555,55.6,2,Prioritize for Clearing
Atif General Store NEW DELHI,1,24.3,24.329722222222223,0.0,0,Ignore
Chandigarh Hub,2,24.3,24.32513888888889,50.0,0,Ignore
FerozepurRoadHub_LUH Ludhiana,15,24.3,4.942777777777778,6.7,0,Ignore
COD PROCESSING CENTRE II,11328,24.2,23.816666666666666,47.2,1117,Prioritize for Clearing
"Banahatti1, Banhatti, KARNATAKA",2,24.2,24.22597222222222,50.0,1,Ignore
PANCHKULA WAREHOUSE,4,24.1,23.291666666666668,25.0,1,Ignore
Rampura Phul,2,24.1,24.14013888888889,50.0,0,Ignore
KANGAYAM - KNY,2,24.1,24.125,50.0,0,Ignore
"CHANDRAGIRI AP, Chandragiri, ANDHRA PRADESH",6,24.1,18.158749999999998,33.3,0,Ignore
Vijayawada,424,24.0,15.187083333333334,38.4,31,Prioritize for Clearing
"Gamharia, GamhariaJH, JHARKHAND",4,24.0,1.30625,25.0,1,Ignore
"Gopichettipalyam, Gopichettipalyam, TAMIL NADU",2,24.0,24.024722222222223,50.0,0,Ignore
"Kalol GJ, Kalol, GUJARAT",5,24.0,31.5725,60.0,0,Ignore
TALEGAON PUD CENTRE,32,24.0,5.666666666666667,31.3,0,Ignore
Badarpur,2,24.0,24.042916666666663,50.0,0,Ignore
Moradabad,13,23.9,11.792222222222222,15.4,1,Prioritize for Clearing
"RAJULA, GUJARAT, IN",2,23.9,23.867916666666666,50.0,0,Ignore
TanukuHub_TKU,1,23.8,23.80361111111111,0.0,0,Ignore
Bobbili,4,23.8,6.432361111111112,25.0,1,Ignore
Anand dairy NEW DELHI,1,23.8,23.765555555555554,0.0,0,Ignore
Visakhapatnam Hub,2,23.8,23.84069444444444,50.0,0,Ignore
Runni Saidpur,2,23.8,23.817777777777778,50.0,0,Ignore
APSPQRS,2,23.8,23.758333333333333,50.0,0,Ignore
"PAMPORA, JAMMU  KASHMIR, IN",4,23.7,12.099166666666667,25.0,0,Ignore
JAMMU HUB,94,23.7,22.891666666666666,29.8,8,Prioritize for Clearing
KONA WAREHOUSE,644,23.7,11.7,38.2,51,Prioritize for Clearing
Guru Trading Company SANGRUR,2,23.7,23.686666666666667,50.0,0,Ignore
Ranchi,150,23.7,18.805972222222223,38.7,11,Prioritize for Clearing
VesuHub_STV Surat,21,23.7,6.281944444444444,9.5,0,Ignore
Challakere,4,23.6,22.19,25.0,0,Ignore
Thalayolaparambu,10,23.6,8.492083333333333,20.0,0,Ignore
DomlurHub_BLR,1,23.5,23.495555555555555,0.0,0,Ignore
Sanju trading PANCHKULA,1,23.5,23.46611111111111,0.0,0,Ignore
BANGALORE HUB,116,23.5,23.075416666666666,34.5,2,Prioritize for Clearing
Bhular cosmetic shop MOHALI,1,23.3,23.266111111111112,0.0,0,Ignore
DudukaODH_DDK Sundargarh,1,23.3,23.341944444444444,0.0,0,Ignore
KUSHWAHA MANISH STORE GAUTAM BUDDHA NAGAR,1,23.3,23.34,0.0,0,Ignore
Ahmedabad,1568,23.3,14.506666666666666,29.2,79,Prioritize for Clearing
GURGAON C W,108,23.2,1.5416666666666665,11.1,9,Prioritize for Clearing
"Mysore, Mysore, KARNATAKA",93,23.2,4.996388888888889,11.8,2,Prioritize for Clearing
HYD COD PROCESSING CENTRE,53,23.2,2.466666666666667,5.7,2,Prioritize for Clearing
Jai shree raam NEW DELHI,1,23.2,23.226944444444445,0.0,0,Ignore
"Gohad, Gohad, MADHYA PRADESH",2,23.1,23.12,50.0,1,Ignore
Baba Kirana Store BHOPAL,1,23.1,23.10527777777778,0.0,0,Ignore
UDI AIR HUB,49,23.0,21.933333333333334,26.5,10,Prioritize for Clearing
Mani Home store BANGALORE,1,23.0,22.95777777777778,0.0,0,Ignore
"Zira, Zira, PUNJAB",4,22.9,23.52722222222222,50.0,1,Ignore
Raikwar store NOIDA,1,22.9,22.863055555555555,0.0,0,Ignore
"BHELLA, Bhella, ASSAM",4,22.9,26.287777777777777,75.0,1,Ignore
Ajay goswami SHIVPURI,1,22.9,22.888055555555557,0.0,0,Ignore
Karuvatta,2,22.9,22.93472222222222,50.0,0,Ignore
Abhishek Gandi PARVATHIPURAM,1,22.9,22.860833333333332,0.0,0,Ignore
"Meerut, Meerut, UTTAR PRADESH",95,22.9,9.434444444444445,10.5,2,Prioritize for Clearing
Sonu Kirana store NEW DELHI,1,22.9,22.88083333333333,0.0,0,Ignore
ElasticRunVijayawadaSplitODH_VJA2,1,22.8,22.764166666666668,0.0,0,Ignore
"Bokchora, Bokchora, WEST BENGAL",2,22.8,22.805277777777775,50.0,0,Ignore
Sindhanur,4,22.8,11.474305555555556,25.0,1,Ignore
"Jambusar, Jambusar, GUJARAT",4,22.8,23.2375,25.0,0,Ignore
Rathuar club GREATER NOIDA,1,22.8,22.814722222222223,0.0,0,Ignore
HIRANKUDNA,4168,22.7,13.508333333333333,33.5,0,Ignore
Sakhigopal,2,22.7,22.732222222222227,50.0,0,Ignore
Gurtej Store NEW DELHI,1,22.7,22.686944444444446,0.0,0,Ignore
Wardha,7,22.7,12.93388888888889,14.3,0,Ignore
Minu Chowdhury ALIPURDUAR,1,22.7,22.72222222222222,0.0,0,Ignore
"Surguja, Chattisgarh, IN",2,22.6,22.605694444444445,50.0,0,Ignore
Arti Store NEW DELHI,1,22.6,22.605833333333333,0.0,0,Ignore
Davanagere,2,22.6,22.57069444444444,50.0,0,Ignore
SILCHAR HUB,156,22.6,26.2,53.2,12,Prioritize for Clearing
Nikhil Soni MUMBAI,1,22.6,22.601944444444445,0.0,0,Ignore
"Bajpe, BAJPE, KARNATAKA",2,22.5,22.535416666666666,50.0,1,Ignore
Noida Hub,2,22.5,22.473472222222224,50.0,0,Ignore
AIR HUB,1,22.5,22.516666666666666,0.0,0,Ignore
JABALPUR HUB,190,22.4,17.95,18.9,9,Prioritize for Clearing
Bhola nath MIRZAPUR,1,22.4,22.406666666666666,0.0,0,Ignore
Gauri Store MIRZAPUR,1,22.4,22.392777777777777,0.0,0,Ignore
Newasa,5,22.3,15.933333333333334,20.0,0,Ignore
GAUH,83,22.3,18.703611111111112,42.2,8,Prioritize for Clearing
"Bhingar, Bhingar, MAHARASHTRA",10,22.3,28.02722222222222,70.0,0,Ignore
"PATHSALA, BARPETA, ASSAM",3,22.3,20.193055555555556,33.3,0,Ignore
Saniya Opticals NEW DELHI,1,22.3,22.296388888888888,0.0,0,Ignore
"GUWAHATI, ASSAM, IN",45,22.3,16.581666666666667,22.2,1,Prioritize for Clearing
SouthtukoganjHub_IDR,1,22.3,22.267777777777777,0.0,0,Ignore
"KURSEONG, WEST BENGAL, IN",4,22.2,21.63888888888889,25.0,0,Ignore
AVKASH RAJ KUMAR NISHAD STORE RAJAPUR ALLAHABAD,1,22.2,22.218611111111112,0.0,0,Ignore
"Dudhnoi, DUDHNOI, ASSAM",2,22.1,22.084722222222222,50.0,0,Ignore
Kunal General store GURGAON,1,22.1,22.06361111111111,0.0,0,Ignore
Dinesh kirana NEW DELHI,1,22.1,22.134166666666665,0.0,0,Ignore
"NGP/LH1, Nagpur, MAHARASHTRA",1358,22.1,21.453055555555558,40.6,88,Prioritize for Clearing
SHREE RIDDHI SIDHHI MUMBAI,1,22.1,22.13222222222222,0.0,0,Ignore
"Rahatgarh, rahatgarh, MADHYA PRADESH",1,22.0,22.0175,0.0,1,Ignore
CBVS,486,22.0,1.4816666666666665,43.0,6,Prioritize for Clearing
"RTO/RJT, Jaipur, RAJASTHAN",2,22.0,21.950972222222223,50.0,0,Ignore
Hooghly,2,22.0,21.979166666666668,50.0,0,Ignore
Sathish tea stall MADURAI,2,21.9,21.93402777777778,0.0,0,Ignore
"RAIGARH, Raigarh, CHHATTISGARH",15,21.9,18.369722222222222,13.3,0,Ignore
Karan Bhatia dlf Dexter GURGAON,1,21.9,21.871388888888887,0.0,0,Ignore
"Karur, Tamil Nadu, IN",1,21.9,21.889722222222222,0.0,1,Ignore
"UNA, UNA, HIMACHAL PRADESH",53,21.9,6.817777777777778,7.5,0,Ignore
OVALI ETAIL HUB,3993,21.9,24.066666666666666,45.0,267,Prioritize for Clearing
Rewari Hub,3,21.8,7.777222222222222,33.3,0,Ignore
laxmi stationary NEW DELHI,1,21.8,21.84638888888889,0.0,0,Ignore
MILAN STORE PURULIA,1,21.8,21.779722222222222,0.0,0,Ignore
"Chebbi, Lakshmeshwara, KARNATAKA",2,21.8,21.84138888888889,0.0,0,Ignore
"Fulbarihat, Fulbari Hat, WEST BENGAL",1,21.7,21.68888888888889,0.0,1,Ignore
Rahul store GURGAON,1,21.7,21.715555555555557,0.0,0,Ignore
Kolar,1,21.7,21.71611111111111,0.0,0,Ignore
ADITYA CHOUDHURY GUNUPUR,1,21.7,21.68027777777778,0.0,0,Ignore
Vikas chopra JALANDHAR,1,21.7,21.73638888888889,0.0,0,Ignore
"GUDALUR THE NILGIRIS DISTRICT, TAMIL NADU, IN",2,21.7,21.727083333333333,50.0,0,Ignore
VizagTcHub_VTZ Visakhapatnam,2,21.7,21.675416666666667,0.0,0,Ignore
Nadia,478,21.7,8.941666666666666,28.2,43,Prioritize for Clearing
Aayush kirana HALDWANI,1,21.7,21.657777777777778,0.0,0,Ignore
Krishan NEW DELHI,3,21.7,22.717222222222222,0.0,0,Ignore
Bharti narvariya GWALIOR,1,21.6,21.580277777777777,0.0,0,Ignore
"JHANJHARPUR, BIHAR, IN",2,21.6,21.623055555555556,50.0,0,Ignore
Barbil,2,21.6,21.57986111111111,50.0,0,Ignore
Wadakkancherry,4,21.5,11.462222222222223,25.0,0,Ignore
KHAlSA ENTERPRISE JAIPUR,1,21.5,21.528055555555557,0.0,0,Ignore
Gurmeet Singh ZZZ GIDDERBAHA,1,21.5,21.532222222222224,0.0,0,Ignore
Mahesh Master Kirana EAST GODAVARI,1,21.5,21.49277777777778,0.0,0,Ignore
Roshani Goud BHAWANIPATNA,1,21.5,21.51388888888889,0.0,0,Ignore
Ritesh Store GURGAON,2,21.5,21.50208333333333,0.0,0,Ignore
THIRUVANANTHAPURAM,2,21.5,21.516666666666666,0.0,2,Ignore
ELITE D?COR GREATER NOIDA,2,21.5,21.500972222222224,0.0,0,Ignore
Gauchar,2,21.4,21.393055555555556,50.0,0,Ignore
"BISHALGARH, Bishalgarh, TRIPURA",5,21.4,22.31111111111111,0.0,0,Ignore
Vikas Kumar Store DEHRADUN,1,21.4,21.406666666666666,0.0,0,Ignore
BD Mishra cafe GHAZIABAD,1,21.4,21.441666666666666,0.0,0,Ignore
"PNQ/LH1, PUNE, MAHARASHTRA",3714,21.4,15.58875,34.5,46,Prioritize for Clearing
Namakkal,6,21.4,19.513055555555557,33.3,0,Ignore
Nathdwara,6,21.4,7.185,33.3,4,Prioritize for Clearing
KARAN CONFECTIONERY CHANDIGARH,2,21.3,21.34972222222222,0.0,0,Ignore
CHATTRAL PUD,2,21.3,21.258333333333333,50.0,0,Ignore
"Dhule, Dhule, MAHARASHTRA",15,21.3,21.845833333333335,20.0,0,Ignore
Tushar Kirana Store NEW DELHI,1,21.3,21.2725,0.0,0,Ignore
BAKUL BAGAN (BHWP),4,21.3,20.071111111111108,25.0,0,Ignore
HassanTcHub_HSN Hassan,1,21.3,21.2825,0.0,0,Ignore
Rathore store NEW DELHI,1,21.3,21.261666666666667,0.0,0,Ignore
Kshitiz Tredars KANPUR,1,21.3,21.27638888888889,0.0,0,Ignore
Dada Connexion HOSHIARPUR,1,21.2,21.225277777777777,0.0,0,Ignore
BopalHub_AMD,1,21.2,21.223333333333333,0.0,0,Ignore
Ponda,6,21.2,10.559583333333332,16.7,1,Prioritize for Clearing
Chennai,233,21.1,12.060555555555556,36.9,15,Prioritize for Clearing
JYOTIPRAKASHSWAIN PURI,1,21.1,21.080555555555556,0.0,0,Ignore
Hazari store house CHINSURAH,1,21.1,21.064722222222223,0.0,0,Ignore
Rajat grocery shop BAREILLY,1,21.1,21.066666666666666,0.0,0,Ignore
FKL_hydpatan,17,21.0,0.004166666666666667,17.6,2,Prioritize for Clearing
Chandra Mahesh kirana store NOIDA,1,21.0,21.020555555555557,0.0,0,Ignore
"Kozhikode, KERALA, IN",5,21.0,11.785,40.0,0,Ignore
PENUKONDA,2,21.0,20.975,0.0,0,Ignore
"Kasargod, KERALA, IN",2,20.9,20.852500000000003,50.0,0,Ignore
Shivam store NEW DELHI,2,20.9,20.90152777777778,0.0,0,Ignore
Shilpa Home PATHANAMTHITTA,1,20.9,20.88861111111111,0.0,0,Ignore
Shasi Kant Store NEW DELHI,1,20.9,20.869444444444444,0.0,0,Ignore
Naval Premlal Patil Kalyan,1,20.9,20.945,0.0,0,Ignore
Satyanarayana store JAIPUR,1,20.9,20.870555555555555,0.0,0,Ignore
HawamahalHub_JAI,2,20.9,20.900833333333335,50.0,0,Ignore
"Gudha Gorji, GUDHA GORJI, RAJASTHAN",1,20.8,20.835,0.0,1,Ignore
Gaulapar,1,20.8,20.80027777777778,0.0,0,Ignore
Kamalapati Kumbhar provision store JHARSUGUDA,2,20.8,20.795972222222222,0.0,0,Ignore
"NAGARKURNOOL, TELANGANA, IN",1,20.8,20.822222222222223,0.0,0,Ignore
MANJUNATH_HOME_KIRANA RAICHUR,1,20.8,20.765,0.0,0,Ignore
BABA STORE NEW DELHI,1,20.8,20.817777777777778,0.0,0,Ignore
Pushpak store MUMBAI,1,20.7,20.72388888888889,0.0,0,Ignore
MUJEEB(HOME) KOZHIKODE,2,20.7,20.704444444444444,0.0,0,Ignore
"NILAMEL, Nilamel, KERALA",1,20.7,20.700555555555557,0.0,1,Ignore
Rudayagiri,2,20.7,20.680972222222223,50.0,0,Ignore
Danish shaikh MUMBAI,1,20.6,20.63111111111111,0.0,0,Ignore
Kshipra,1,20.6,20.55638888888889,0.0,1,Ignore
"Hansdiha1, Hansdiha, JHARKHAND",2,20.6,20.570694444444445,0.0,0,Ignore
Kaisarganj,2,20.6,20.62194444444444,50.0,0,Ignore
Aarohi Departmental Store GURGAON,1,20.6,20.62638888888889,0.0,0,Ignore
BABLI STORE NEW DELHI,1,20.6,20.616666666666667,0.0,0,Ignore
Vansh Enterprise JAMNAGAR,1,20.6,20.579722222222223,0.0,0,Ignore
Umaria,6,20.5,21.605694444444445,33.3,0,Ignore
NEW ASHOK FOOTWEAR SURAT,1,20.5,20.5275,0.0,0,Ignore
SUMAN HOME PATHANKOT,1,20.5,20.546666666666667,0.0,0,Ignore
Kherwara,2,20.5,20.469305555555557,50.0,0,Ignore
S. k Gupta Refrigeration & maneesh GAUTAM BUDDHA NAGAR,1,20.5,20.50722222222222,0.0,0,Ignore
Kamalpreet Kirana HOSHIARPUR,1,20.5,20.454444444444444,0.0,0,Ignore
ChaderghatHub_HYD,2,20.5,20.46805555555556,50.0,1,Ignore
"Sardarshahar, Sardarshahar, RAJASTHAN",4,20.4,21.114166666666666,25.0,1,Ignore
Kakinada,18,20.4,8.769166666666667,22.2,0,Ignore
BHIWADI - BHD,170,20.4,16.90833333333333,34.7,0,Ignore
Mohla,3,20.4,25.694166666666668,66.7,0,Ignore
Devi store dlf GURGAON,4,20.4,19.626666666666665,25.0,0,Ignore
Kashmir kaur JALANDHAR,1,20.4,20.42388888888889,0.0,0,Ignore
SalebhataODH_BLG,1,20.4,20.38861111111111,0.0,0,Ignore
"Pinarayi, Pinarayi, KERALA",1,20.4,20.41611111111111,0.0,1,Ignore
BAREJA SERVICE CENTRE,584,20.4,9.933333333333334,32.0,0,Ignore
Rishabh kirana shop NEW DELHI,3,20.4,19.7225,0.0,0,Ignore
"Rahata, Rahata, MAHARASHTRA",1,20.3,20.290555555555557,0.0,1,Ignore
HYD HUB AT AVIATION,1,20.3,20.333333333333332,0.0,0,Ignore
Rewari Stn,3,20.3,6.768888888888889,33.3,1,Ignore
PATNA GROUND HUB,4,20.3,20.45,0.0,0,Ignore
"Hooghly, WEST BENGAL, IN",1,20.2,20.218333333333334,0.0,0,Ignore
MAYUR VIHAR,949,20.2,9.116666666666667,8.1,1,Prioritize for Clearing
Manoj Kumar pal DEHRADUN,1,20.2,20.150833333333335,0.0,0,Ignore
Tulsi Ram Teli GIRWA,1,20.1,20.06972222222222,0.0,0,Ignore
MZ Art Asif GHAZIABAD,1,20.1,20.11611111111111,0.0,0,Ignore
BELAPUR,1314,20.1,6.041666666666666,38.6,1,Prioritize for Clearing
Kaithal,10,20.1,17.49041666666667,20.0,0,Ignore
Arvind store NEW DELHI,1,20.1,20.139166666666668,0.0,0,Ignore
KASHYAP HOME JETPUR,1,20.1,20.12361111111111,0.0,0,Ignore
Tanishka store GAUTAM BUDDHA NAGAR,1,20.1,20.060277777777777,0.0,0,Ignore
Tavar store NEW DELHI,1,20.1,20.050833333333333,0.0,0,Ignore
GOTA TEMP PUD,2,20.1,20.133333333333336,50.0,0,Ignore
Naga Lakshmi Bai MK stores GUNTUR,1,20.1,20.06388888888889,0.0,0,Ignore
KOCHI - KCI,7,20.1,9.183333333333334,42.9,0,Ignore
"Bhitarwar, Dabra, MADHYA PRADESH",1,20.0,20.00861111111111,0.0,1,Ignore
"Nagpur, MAHARASHTRA, IN",185,20.0,19.544166666666666,29.2,10,Prioritize for Clearing
Pratap jenral store GURGAON,1,20.0,20.03972222222222,0.0,0,Ignore
LBNagarHub_HYD,1,19.9,19.876944444444444,0.0,0,Ignore
"ULU/AMT-TML, HOWRAH, WEST BENGAL",3,19.9,19.280555555555555,0.0,0,Ignore
"RTO/CHD, BANGALORE, KARNATAKA",3,19.9,22.055,33.3,0,Ignore
"TINDIVANAM, TINDIVANAM, TAMIL NADU",1,19.9,19.895833333333332,0.0,0,Ignore
BALIRAJ AND SONS DEHRADUN,1,19.9,19.945555555555554,0.0,0,Ignore
CHETAN MORE ENTERPRISES KHOPOLI,1,19.9,19.928055555555556,0.0,0,Ignore
Garia Hub Kolkata,8,19.9,8.398333333333333,12.5,0,Ignore
Raj Bhati kirana GREATER NOIDA,1,19.9,19.86138888888889,0.0,0,Ignore
"ATTILI, ATTILI, ANDHRA PRADESH",1,19.9,19.858055555555556,0.0,1,Ignore
Vikas auto repair RAIGARH,1,19.8,19.7925,0.0,0,Ignore
"Urga, Korba, CHHATTISGARH",2,19.8,19.752222222222223,0.0,0,Ignore
"Dhemaji, Dhemaji, ASSAM",2,19.8,19.78388888888889,0.0,0,Ignore
OKHLA,1462,19.8,11.083333333333334,34.0,0,Ignore
Vaka Vijaya Kumar Reddy master kirana KAKINADA,4,19.8,19.8125,0.0,0,Ignore
"Pollachi, Tamil Nadu, IN",4,19.8,15.23486111111111,50.0,0,Ignore
"Chika, Chika HR, HARYANA",5,19.8,17.031944444444445,40.0,2,Prioritize for Clearing
"Rasipuram, Namakkal, TAMIL NADU",5,19.8,22.51861111111111,40.0,0,Ignore
Surjeet store NEW DELHI,2,19.8,19.79888888888889,0.0,0,Ignore
Subaida home KALPETTA,1,19.7,19.703333333333333,0.0,0,Ignore
Nagpur,1004,19.7,6.501944444444445,24.7,24,Prioritize for Clearing
"Theni, Tamil Nadu, IN",1,19.7,19.686944444444446,0.0,1,Ignore
TenkasiHub_TVL,1,19.7,19.74277777777778,0.0,0,Ignore
Yadu online store RAIPUR,1,19.7,19.70722222222222,0.0,0,Ignore
GHATKOPAR,509,19.6,9.116666666666667,11.0,2,Prioritize for Clearing
V & S Store NEW DELHI,1,19.6,19.64777777777778,0.0,0,Ignore
FARIDABAD SERVICE CENTRE,1381,19.6,5.483333333333333,18.3,1,Prioritize for Clearing
Guru kripa dry cleaners NEW DELHI,1,19.6,19.626666666666665,0.0,0,Ignore
"DANDEPALLY, DANDEPALLY, TELANGANA",1,19.6,19.6225,0.0,1,Ignore
"Jadugora, JADUGORA, JHARKHAND",1,19.5,19.514444444444443,0.0,0,Ignore
BRAJABANDHU PRADHAN BALASORE,1,19.5,19.525833333333335,0.0,0,Ignore
AMRITSAR HUB,41,19.5,21.4,22.0,5,Prioritize for Clearing
"Khammam, Khammam, TELANGANA",27,19.5,3.5258333333333334,3.7,2,Prioritize for Clearing
"CHANGODAR GIDC, GUJARAT, IN",113,19.5,14.055833333333334,19.5,11,Prioritize for Clearing
Dixit games GONDAL,2,19.5,19.490833333333335,50.0,0,Ignore
AGARTALA HUB,72,19.5,17.566666666666666,5.6,0,Ignore
"Titilagarh, Titlagarh, ORISSA",2,19.5,19.512777777777778,0.0,0,Ignore
HARISH HOME MAVELIKARA,1,19.5,19.488888888888887,0.0,0,Ignore
Aggarwal Dairy GURGAON,1,19.4,19.4325,0.0,0,Ignore
KOTDWARA,2,19.4,19.398055555555555,50.0,0,Ignore
Amalapuram,10,19.4,12.778611111111111,10.0,2,Prioritize for Clearing
Dilshad store NEW DELHI,1,19.4,19.354444444444443,0.0,0,Ignore
Kishan store NEW DELHI,2,19.3,19.29736111111111,0.0,0,Ignore
Chandni store GURGAON,1,19.3,19.344722222222224,0.0,0,Ignore
"Nellyadi, Uppinangady, KARNATAKA",1,19.3,19.334722222222222,0.0,1,Ignore
Hanumanth HOME DHARWAD,1,19.3,19.314722222222223,0.0,0,Ignore
"KHAIRAGARH, CHHATTISGARH, IN",1,19.3,19.281388888888888,0.0,1,Ignore
KOOTHATTUKULAM,2,19.3,19.291666666666668,50.0,1,Ignore
SITICSMejaKhasODH_MJK Allahabad,1,19.3,19.25583333333333,0.0,0,Ignore
Tirupur Hub,4,19.3,2.5194444444444444,25.0,0,Ignore
IndirapuramHub_DEL,2,19.3,19.258194444444445,50.0,0,Ignore
Mehzabin Store MUMBAI,1,19.3,19.254722222222224,0.0,0,Ignore
Dass Kirana Store SRI GANGANAGAR,1,19.2,19.24,0.0,0,Ignore
"Chirayinkeezhu1, Chirayinkeezhu, KERALA",3,19.2,25.080555555555556,66.7,1,Ignore
VASM,4382,19.2,6.825,30.8,23,Prioritize for Clearing
Kamlesh shop NEW DELHI,1,19.2,19.183611111111112,0.0,0,Ignore
DAVE STORE AHMEDABAD,1,19.2,19.246944444444445,0.0,0,Ignore
"DARBHANGA, BIHAR, IN",3,19.2,20.273888888888887,0.0,0,Ignore
MR DEEPAK H ENTERPRISES PANVEL,1,19.2,19.166666666666668,0.0,0,Ignore
Guruvayoor,16,19.2,9.07263888888889,18.8,1,Prioritize for Clearing
Mohan Store GURGAON,1,19.2,19.17972222222222,0.0,0,Ignore
PRIYANKA STORE NEW DELHI,1,19.2,19.189166666666665,0.0,0,Ignore
Parwanoo,2,19.2,19.175,50.0,0,Ignore
Tanishka store NEW DELHI,1,19.1,19.136111111111113,0.0,0,Ignore
Chikhli (ROMH),2,19.1,19.093750000000004,50.0,0,Ignore
MEERUT - MEE,2,19.1,19.05,0.0,0,Ignore
Gautam NEW DELHI,2,19.1,19.145555555555557,0.0,0,Ignore
"CHIKKAMAGALURU, KARNATAKA, IN",3,19.1,23.00861111111111,33.3,1,Ignore
HindupurHub_HDP,1,19.1,19.060833333333335,0.0,0,Ignore
Raj Kirana SHADNAGAR,2,19.0,19.008333333333333,0.0,0,Ignore
"TAORU, HARYANA, IN",511,19.0,12.474722222222223,22.7,25,Prioritize for Clearing
Pavan APSPQRS,1,19.0,19.018055555555556,0.0,0,Ignore
Dev Kumar kirana NEW DELHI,1,19.0,18.96472222222222,0.0,0,Ignore
"Sunder Nagar HP, Sunder Nagar, HIMACHAL PRADESH",2,19.0,19.010277777777777,50.0,1,Ignore
"MALA, MALA KL, KERALA",1,19.0,19.04083333333333,0.0,1,Ignore
Vicky kirana Store CHANDIGARH,1,19.0,18.998055555555556,0.0,0,Ignore
VARKALAHUB_VKL,1,18.9,18.916944444444443,0.0,0,Ignore
Tumkur Hub Tumkur,1,18.9,18.907222222222224,0.0,0,Ignore
Sanjay mobile NEW DELHI,1,18.9,18.884722222222223,0.0,0,Ignore
KhanapurHub_IXG,1,18.9,18.856666666666666,0.0,0,Ignore
Reeshu kirana store CHANDIGARH,1,18.9,18.886388888888888,0.0,0,Ignore
Basanti,2,18.9,18.938472222222224,50.0,0,Ignore
CABTBerhampurODH_BMP Berhampur,3,18.9,17.404444444444444,33.3,0,Ignore
"Giridih, GIRIDIH, JHARKHAND",5,18.8,-4.227222222222222,20.0,4,Prioritize for Clearing
ASHIFA A KANNUR,1,18.8,18.786944444444444,0.0,0,Ignore
"DEL/LH1, Gurgaon, HARYANA",12096,18.8,11.870972222222221,27.1,990,Prioritize for Clearing
Nohira stores TIRUPATI,1,18.8,18.783333333333335,0.0,0,Ignore
Nobpe telecom VADODARA,1,18.8,18.788611111111113,0.0,0,Ignore
Eamandhi Padma Sri Master Kirana Store KAKINADA,1,18.8,18.753055555555555,0.0,0,Ignore
"Bhubaneshwar, Odisha, IN",30,18.8,15.166666666666668,16.7,0,Ignore
JSR STORE KANNUR,1,18.8,18.837222222222223,0.0,0,Ignore
"Adirampattinam, ADIRAMAPATTINAM, TAMIL NADU",1,18.8,18.7925,0.0,0,Ignore
Tarun store ZIRAKPUR,2,18.7,18.716388888888886,50.0,0,Ignore
Paota,2,18.6,18.633472222222224,50.0,0,Ignore
Arun enterprises THANE,1,18.6,18.6275,0.0,0,Ignore
"Ongole/Hub, Ongole, ANDHRA PRADESH",36,18.6,13.06,8.3,2,Prioritize for Clearing
Playstore The digital hub THODUPUZHA,2,18.6,18.617083333333333,50.0,0,Ignore
JAMDOLI,2,18.6,18.579444444444444,0.0,0,Ignore
"Armoor, Armoor, TELANGANA",1,18.6,18.628333333333334,0.0,0,Ignore
"Brahmagiri, Brahmagiri, ORISSA",5,18.6,21.93,40.0,1,Prioritize for Clearing
Diksha kirana store GURGAON,1,18.6,18.599166666666665,0.0,0,Ignore
Patel general store LUCKNOW,1,18.5,18.503888888888888,0.0,0,Ignore
"THN/WGH, Thane, MAHARASHTRA",2,18.5,18.50375,0.0,0,Ignore
medak,2,18.5,18.49513888888889,50.0,0,Ignore
Manoj Kumar NEW DELHI,2,18.5,18.479305555555555,0.0,0,Ignore
NagaonHub_NGN,1,18.5,18.533055555555556,0.0,0,Ignore
Jaigaon,2,18.5,18.46986111111111,50.0,0,Ignore
EcityPhase2TempHub_BLR Bangalore,1,18.4,18.436666666666667,0.0,0,Ignore
CHSK,762,18.3,9.185277777777777,29.7,3,Prioritize for Clearing
GANDHIDHAM HUB,63,18.3,18.633333333333333,4.8,5,Prioritize for Clearing
RaipurCityHub_RPR,5,18.3,2.8916666666666666,40.0,0,Ignore
PenukondaMDH_PEN Penukonda,1,18.3,18.330555555555556,0.0,0,Ignore
Kotkhai,2,18.3,18.313333333333333,50.0,1,Ignore
Ankit Kumar GAUTAM BUDDHA NAGAR,1,18.3,18.268055555555556,0.0,0,Ignore
dhakuakhana,2,18.2,18.19013888888889,50.0,0,Ignore
ROTS,3,18.2,20.747222222222224,0.0,0,Ignore
"AMD/LH1, Ahmedabad, GUJARAT",1811,18.2,20.3775,33.9,93,Prioritize for Clearing
Kurunnappan HOME KOTTAYAM,1,18.2,18.235555555555557,0.0,0,Ignore
Anugrah Kujur Home JAMSHEDPUR,1,18.2,18.220277777777778,0.0,0,Ignore
Neeraj Food Point ROHTAK,1,18.2,18.17888888888889,0.0,0,Ignore
"Bijainagar, Bijainagar, RAJASTHAN",4373,18.2,19.380555555555556,4.9,75,Prioritize for Clearing
DEVESH GENERAL STORE NEW DELHI,1,18.2,18.191944444444445,0.0,0,Ignore
Mehra Enterprises KOTA,1,18.2,18.1975,0.0,0,Ignore
"JANGAREDDIGUDEM, ANDHRA PRADESH, IN",2,18.1,18.057916666666667,50.0,0,Ignore
Aaradhna nivash house RAJKOT,1,18.1,18.065,0.0,0,Ignore
THIRUTHURAIPOONDI,2,18.1,18.09166666666667,0.0,0,Ignore
RAMA ROAD,14,18.1,20.616666666666667,14.3,0,Ignore
Saleem General Store BAGALKOT,1,18.1,18.098055555555554,0.0,0,Ignore
COKH,826,18.0,17.63361111111111,17.3,32,Prioritize for Clearing
"Raigad, Maharashtra, IN",4,18.0,14.98125,50.0,1,Ignore
Kannauj,1,18.0,17.99138888888889,0.0,0,Ignore
Ajay hardware KANPUR,1,18.0,17.994722222222222,0.0,0,Ignore
FAR COD PROCESSING CENTRE,1287,18.0,13.883333333333333,28.2,0,Ignore
Nitin store NEW DELHI,1,18.0,18.024722222222223,0.0,0,Ignore
KUNAL ENTERPRISE PUNE,1,17.9,17.92527777777778,0.0,0,Ignore
MGMargHub_GGT,1,17.9,17.856944444444444,0.0,0,Ignore
Gogamukh,2,17.9,17.905416666666667,50.0,0,Ignore
"Mahabubabad, TELANGANA, IN",1,17.9,17.86888888888889,0.0,0,Ignore
Neha kirana Store GURGAON,1,17.9,17.893333333333334,0.0,0,Ignore
Ranjit kumar kirana BIHAR SHARIF,1,17.9,17.874444444444446,0.0,0,Ignore
D Bharati Reddy CHATRAPUR,2,17.8,17.81527777777778,0.0,0,Ignore
Girish store NEW DELHI,1,17.8,17.826666666666668,0.0,0,Ignore
SEEPZ SAKINAKA HUB,19,17.8,7.316666666666666,10.5,1,Prioritize for Clearing
RKTM,6432,17.8,6.483888888888889,21.6,6,Prioritize for Clearing
Gursharan singh dhillon GURDASPUR,2,17.8,17.778055555555557,0.0,0,Ignore
Shah Enterprises Goregaon MUMBAI,5,17.8,22.461111111111112,20.0,0,Ignore
PURBALOK,791,17.8,4.266666666666667,7.8,6,Prioritize for Clearing
Sibsagar,4,17.7,17.52263888888889,50.0,0,Ignore
"Paradeep, PARADEEP, ORISSA",1,17.7,17.689444444444444,0.0,0,Ignore
Pradeep kashyap kirana GAUTAM BUDDHA NAGAR,1,17.7,17.708055555555557,0.0,0,Ignore
"PCK/WDL, Delhi NCR, DELHI",1219,17.7,16.091944444444444,15.7,0,Ignore
SHARIF RAZA KANPUR,1,17.7,17.664166666666667,0.0,0,Ignore
"IGATPURI, MAHARASHTRA, IN",4,17.6,20.142222222222223,50.0,0,Ignore
BILASPUR MINI HUB (A,168,17.6,9.2,41.7,23,Prioritize for Clearing
RambaghHub_RMB,3,17.6,1.0141666666666667,33.3,0,Ignore
Adra,2,17.6,17.619027777777777,0.0,0,Ignore
Mokokchung,1,17.5,17.536666666666665,0.0,1,Ignore
ShamliHub_SHI,1,17.5,17.533055555555556,0.0,0,Ignore
"Gudur, Gudur, ANDHRA PRADESH",2,17.5,17.538333333333334,0.0,0,Ignore
Raju General store NEW DELHI,1,17.5,17.538055555555555,0.0,0,Ignore
"NBM/GHN, Navi Mumbai, MAHARASHTRA",2659,17.5,14.234722222222222,20.6,0,Ignore
Vasai Hub,3,17.5,19.3225,0.0,0,Ignore
DhuleHub_DHL,1,17.5,17.538333333333334,0.0,0,Ignore
"BHIWANDI, MAHARASHTRA, IN",1024,17.5,12.746805555555556,19.4,31,Prioritize for Clearing
Sonu Kumar GURGAON,1,17.4,17.392222222222223,0.0,0,Ignore
K.G.N general store NEW DELHI,2,17.4,17.425555555555555,0.0,0,Ignore
Akshay store NEW DELHI,1,17.4,17.368333333333332,0.0,0,Ignore
"PILKHUWA, UTTAR PRADESH, IN",3,17.4,17.600833333333334,33.3,0,Ignore
"Bhilwara, Rajasthan, IN",2,17.4,17.447222222222223,0.0,0,Ignore
Eagle Boys master VIJAYAWADA,3,17.4,20.559444444444445,0.0,0,Ignore
"GAU/LH1, Guwahati, ASSAM",525,17.4,13.786666666666667,15.0,25,Prioritize for Clearing
Abhinandan GURGAON,4,17.3,16.515694444444446,0.0,0,Ignore
Sanjeev Kumar NEW DELHI,3,17.3,20.093888888888888,0.0,0,Ignore
Surendra genral store LUCKNOW,1,17.3,17.321944444444444,0.0,0,Ignore
Super Auto  Garage and washing center KALAMB,1,17.3,17.269166666666667,0.0,0,Ignore
PalanpurHub_PLN,1,17.3,17.323611111111113,0.0,0,Ignore
ASLALI WAREHOUSE,5887,17.3,9.2,23.3,355,Prioritize for Clearing
Govindpur,4,17.2,16.79361111111111,50.0,0,Ignore
"Fatehabad HR, Fatehabad HR, HARYANA",210,17.2,11.164166666666667,8.1,1,Prioritize for Clearing
Sidhi master kirana KAKINADA,3,17.2,15.221666666666668,33.3,0,Ignore
NATIONAL HIGHWAY HUB,102,17.2,11.091666666666667,13.7,6,Prioritize for Clearing
ms stationary NEW DELHI,2,17.1,17.060555555555556,0.0,0,Ignore
AIR HUB IN SIW,324,17.1,15.041666666666668,10.8,23,Prioritize for Clearing
"Shilong, Meghalaya, IN",4,17.1,4.605138888888889,25.0,1,Ignore
"Indore, MADHYA PRADESH, IN",53,17.1,7.711944444444445,9.4,4,Prioritize for Clearing
"Kalladka, KALLADKA, KARNATAKA",1,17.1,17.083333333333332,0.0,0,Ignore
GUWAHATI HUB,1070,17.1,16.741666666666667,28.0,85,Prioritize for Clearing
"Radhanpur, Radhanpur, GUJARAT",2,17.1,17.070416666666667,0.0,1,Ignore
"MLR/HUB, Mangalore, KARNATAKA",66,17.1,15.902083333333334,6.1,1,Prioritize for Clearing
Hanuman Enterprises Master Kirana BANGALORE,1,17.1,17.130555555555556,0.0,0,Ignore
Gumti Hub,3,17.0,4.961111111111111,33.3,0,Ignore
"Dalkhola, DALKHOLA, WEST BENGAL",7,17.0,16.99,0.0,0,Ignore
Jagjeet Singh Begampur NEW DELHI,1,17.0,17.046388888888888,0.0,0,Ignore
suratgarh,6,17.0,10.625694444444445,33.3,2,Prioritize for Clearing
Aarush kirana atore SAHARANPUR,1,17.0,17.03472222222222,0.0,0,Ignore
TUSHAR D. ROKDE PANVEL,3,17.0,20.53472222222222,0.0,0,Ignore
MadpurHub_MDP,1,16.9,16.870833333333334,0.0,0,Ignore
Gupta Store NEW DELHI,1,16.9,16.89138888888889,0.0,0,Ignore
JEEDIMETLA CPU,2,16.9,16.866666666666667,50.0,0,Ignore
Sudhir Majanu Store NEW DELHI,1,16.9,16.921666666666667,0.0,0,Ignore
Bhajan ram PATIALA,1,16.9,16.908055555555556,0.0,0,Ignore
Sohal Traders AMRITSAR,2,16.9,16.910694444444445,0.0,0,Ignore
AURANGABAD MINI HUB,147,16.9,17.1,5.4,6,Prioritize for Clearing
Nandurbar,6,16.9,10.849583333333333,33.3,2,Prioritize for Clearing
JAGADHRI,7,16.9,20.3075,28.6,1,Prioritize for Clearing
Vidya kirana NEW DELHI,1,16.8,16.755277777777778,0.0,0,Ignore
"Supaul, SUPAUL, BIHAR",6,16.8,5.4719444444444445,16.7,2,Prioritize for Clearing
"Pandalam, PANDALAM, KERALA",4,16.8,15.39736111111111,25.0,1,Ignore
"DurgapurMH, Durgapur MH, MAHARASHTRA",1,16.8,16.82472222222222,0.0,0,Ignore
SHiV DHRUV STORE NEW DELHI,1,16.8,16.826666666666668,0.0,0,Ignore
WAZIRPUR,32,16.8,13.141666666666666,28.1,0,Ignore
"JBL/HUB, Jabalpur, MADHYA PRADESH",185,16.8,16.282777777777778,17.3,10,Prioritize for Clearing
OldFaridabadHub_DEL,1,16.8,16.836111111111112,0.0,0,Ignore
SANTACRUZ,19,16.7,11.283333333333333,31.6,0,Ignore
RAJKOT ETAIL CENTER,2322,16.7,11.15,38.9,10,Prioritize for Clearing
Chintalapudihub_CHN chintalapudi,1,16.7,16.718055555555555,0.0,0,Ignore
"Bahtpar Rani, Bahtpar Rani, UTTAR PRADESH",1,16.7,16.68027777777778,0.0,0,Ignore
"PCK/JA1, Jaipur, RAJASTHAN",25,16.7,16.705555555555556,16.0,0,Ignore
"Udaipur, RAJASTHAN, IN",1,16.7,16.73361111111111,0.0,1,Ignore
Shubham Maurya YAMUNANAGAR,1,16.7,16.658333333333335,0.0,0,Ignore
Firozabad Hub,1,16.7,16.743333333333332,0.0,0,Ignore
Kolarhub_BHO,1,16.6,16.621388888888887,0.0,0,Ignore
"Morbi, Gujrat, IN",2,16.6,16.608333333333334,50.0,0,Ignore
Paradip,4,16.6,15.181666666666665,25.0,0,Ignore
Surat,2882,16.6,8.17013888888889,18.7,96,Prioritize for Clearing
Geeta kirana shop NEW DELHI,4,16.6,14.40861111111111,25.0,0,Ignore
DELHI OFFSITE HUB,1713,16.6,16.5,27.1,90,Prioritize for Clearing
"Papum Pare, ARUNACHAL PRADESH, IN",1,16.6,16.5625,0.0,1,Ignore
Aleyamma HOME KOTTAYAM,1,16.6,16.63388888888889,0.0,0,Ignore
"NAMCHI, SIKKIM, IN",8,16.5,3.876666666666667,37.5,1,Prioritize for Clearing
"PCK/FBD, Delhi NCR, DELHI",367,16.5,16.388333333333332,3.3,0,Ignore
GOHPUR,2,16.5,16.46666666666667,0.0,0,Ignore
PANVEL HUB,133,16.5,9.883333333333333,19.5,5,Prioritize for Clearing
Kinwat,2,16.5,16.468888888888888,50.0,1,Ignore
Sonari,2,16.4,16.35875,50.0,0,Ignore
KUNAL TRADERS NEW DELHI,2,16.4,16.428333333333335,0.0,0,Ignore
JAGGI STORE NEW DELHI,1,16.4,16.35861111111111,0.0,0,Ignore
Sohan Singh general kirana NEW DELHI,2,16.4,16.37486111111111,0.0,0,Ignore
RawatbhataMDH_KTU Rawatbhata,1,16.4,16.416666666666668,0.0,0,Ignore
FARUKHNAGAR,80,16.3,6.449999999999999,22.5,9,Prioritize for Clearing
"ANCHARAKANDY, KERALA, IN",13,16.3,15.526111111111112,0.0,0,Ignore
"RKT/PC, Rajkot, GUJARAT",2823,16.3,16.2025,12.9,239,Prioritize for Clearing
"Makroniya MP, MAKRONIYA, MADHYA PRADESH",151,16.3,14.618611111111111,6.0,9,Prioritize for Clearing
Nimbahera S.O,5,16.3,10.669166666666667,20.0,2,Prioritize for Clearing
Pooja kirana Store GAUTAM BUDDHA NAGAR,2,16.3,16.264583333333334,0.0,0,Ignore
"Malumichampatti, Malumichampatti, TAMIL NADU",1,16.3,16.260833333333334,0.0,0,Ignore
Swati kirana store FATEHPUR,1,16.3,16.301666666666666,0.0,0,Ignore
"Ernakulam, Kerala, IN",7,16.2,16.593055555555555,14.3,1,Prioritize for Clearing
"Bhadravati, Karnataka, IN",6,16.2,3.264861111111111,33.3,0,Ignore
RIAR TAILOR NEW DELHI,1,16.2,16.176111111111112,0.0,0,Ignore
"DEL/APT, Delhi NCR, DELHI",95,16.2,11.416944444444445,27.4,2,Prioritize for Clearing
Shyam sunder NEW DELHI,3,16.2,20.89388888888889,0.0,0,Ignore
Ganesh general store GURGAON,1,16.2,16.20722222222222,0.0,0,Ignore
MedakMDH_MED Hyderabad,2,16.2,16.166805555555555,50.0,0,Ignore
"Thirupparankundram, Thiruparankundram, TAMIL NADU",2,16.1,16.058194444444446,0.0,0,Ignore
"Godda, Godda, JHARKHAND",4,16.1,17.97833333333333,0.0,0,Ignore
"VADAKKUVALLIYUR, TAMIL NADU, IN",4,16.1,16.03388888888889,0.0,0,Ignore
"Mandi, HIMACHAL PRADESH, IN",8,16.1,14.940138888888889,0.0,0,Ignore
"Bamanhat, Bamanhat, WEST BENGAL",1,16.1,16.125555555555554,0.0,0,Ignore
"Mundargi, MUNDARGI, KARNATAKA",3,16.1,20.441111111111113,33.3,0,Ignore
PRINCE SHOP NEW DELHI,1,16.1,16.101666666666667,0.0,0,Ignore
"Udumalapet, TAMIL NADU, IN",2,16.1,16.054166666666667,50.0,0,Ignore
THE MAGGIE POINT NEW DELHI,2,16.0,16.005138888888887,0.0,0,Ignore
PETLAD,1,16.0,16.041944444444443,0.0,0,Ignore
Fkl-MUMFlexSai4_EXT,590,16.0,15.667361111111111,8.6,0,Ignore
"Ranchi, Jharkhand, IN",3,16.0,14.760277777777778,33.3,0,Ignore
"Kotturu, KOTTURU, ANDHRA PRADESH",1,16.0,15.98,0.0,0,Ignore
A Tiwari Store VARANASI,1,16.0,16.03972222222222,0.0,0,Ignore
NILAV NAVSARI,2,16.0,15.954722222222223,50.0,0,Ignore
BANDIKUI,1,16.0,15.983333333333333,0.0,0,Ignore
Yakubpur,92,16.0,15.836944444444445,21.7,1,Prioritize for Clearing
IdentifyPlusAmreliODH_AMR,2,16.0,15.998611111111112,0.0,0,Ignore
"Gopiganj, Gopiganj, UTTAR PRADESH",1,16.0,16.010833333333334,0.0,0,Ignore
"BALICHAK, WEST BENGAL, IN",2,15.9,15.92263888888889,0.0,0,Ignore
Motherhub_JKS Gurgaon,129,15.9,15.52,15.5,0,Ignore
Motherhub_ANJ Bangalore,154,15.9,16.283611111111114,14.9,0,Ignore
MotherHub_BNL gurgaon,1,15.9,15.903611111111111,0.0,0,Ignore
Dash store NEW DELHI,1,15.8,15.834166666666667,0.0,0,Ignore
"JEHANABAD, BIHAR, IN",2,15.8,15.825416666666667,50.0,0,Ignore
"Hazaribagh, Jharkhand, IN",2,15.8,15.79125,50.0,0,Ignore
Tushar Store RAJKOT,1,15.8,15.822777777777778,0.0,0,Ignore
Shahabad,1,15.8,15.769166666666667,0.0,1,Ignore
Velda,2,15.8,15.839444444444444,50.0,1,Ignore
"Bangalore, KARNATAKA, IN",1161,15.8,13.33611111111111,15.6,13,Prioritize for Clearing
MEE DEL RD WAREHOUSE,1,15.7,15.683333333333334,0.0,0,Ignore
JAMBUSAR,2,15.7,15.749305555555555,0.0,0,Ignore
"JAI/LH1, Jaipur, RAJASTHAN",2570,15.7,10.816111111111113,14.6,117,Prioritize for Clearing
TAVAREKERE,59,15.7,4.916666666666667,5.1,0,Ignore
Nitin mali MUMBAI,1,15.7,15.7,0.0,0,Ignore
"Mumbai, MAHARASHTRA, IN",417,15.6,10.139722222222222,25.4,20,Prioritize for Clearing
GURGAON (SKHX),104,15.6,6.5552777777777775,16.3,0,Ignore
Malhotra Store DEHRADUN,2,15.6,15.59611111111111,0.0,0,Ignore
"Shahjhapur RJ, Shahjhapur RJ, RAJASTHAN",1,15.6,15.614166666666666,0.0,0,Ignore
KALIABOR,1,15.6,15.6,0.0,0,Ignore
"QUILANDY, KERALA, IN",2,15.6,15.567222222222222,50.0,0,Ignore
PUDUCHERRY WAREHOUSE,2,15.6,15.575,0.0,0,Ignore
PNQH,2365,15.6,15.20861111111111,15.1,32,Prioritize for Clearing
BENGALURU ETAIL HUB,7531,15.5,6.333333333333333,24.0,428,Prioritize for Clearing
CCUH,2257,15.5,11.342222222222222,21.7,183,Prioritize for Clearing
"VISAKHAPATNAM, ANDHRA PRADESH, IN",27,15.4,12.490833333333333,11.1,0,Ignore
"Vatadara, Vatadara, GUJARAT",5,15.4,18.074444444444445,0.0,1,Prioritize for Clearing
NAUGACHIA OFFICE,1,15.4,15.4,0.0,0,Ignore
"Sangli, MAHARASHTRA, IN",2,15.4,15.4225,50.0,0,Ignore
Kundli,2,15.4,15.352916666666667,0.0,0,Ignore
"SEONI, MADHYA PRADESH, IN",2,15.4,15.404305555555556,0.0,0,Ignore
Arti kirna store DHAMPUR,2,15.4,15.393333333333333,0.0,0,Ignore
"HYD/RTO, Hyderabad, TELANGANA",5,15.3,16.398888888888887,0.0,0,Ignore
"Ludhiana, Punjab, IN",36,15.3,9.935555555555556,13.9,0,Ignore
SD KIRANA PATIALA,1,15.3,15.339166666666667,0.0,0,Ignore
"Vengurla, Vengurla, MAHARASHTRA",4,15.3,19.802638888888886,0.0,0,Ignore
Bhawanipatna,6,15.3,13.820555555555554,33.3,0,Ignore
Padampur,1,15.3,15.287222222222223,0.0,0,Ignore
SAKET,9,15.2,12.716666666666667,11.1,1,Prioritize for Clearing
"Lavkhushnagar, Lavkushnagar, MADHYA PRADESH",1,15.2,15.249444444444444,0.0,0,Ignore
ElasticRunMapusaODH_GOA,1,15.2,15.216111111111111,0.0,0,Ignore
"GWL/HUB, Gwalior, MADHYA PRADESH",166,15.2,11.34138888888889,11.4,6,Prioritize for Clearing
BORIVALI E-TAIL CENTRE,4490,15.2,2.65,6.1,15,Prioritize for Clearing
"NGP/GHR, Nagpur, MAHARASHTRA",1029,15.1,6.072222222222222,24.7,2,Prioritize for Clearing
Kamar store NEW DELHI,1,15.1,15.14,0.0,0,Ignore
"Sambalpur, Odisha, IN",3,15.1,8.084722222222222,33.3,1,Ignore
BANDARU PRANAVI MASTER KIRANA EAST GODAVARI,1,15.1,15.092222222222222,0.0,0,Ignore
SURAT AIR HUB,1618,15.1,12.783333333333333,31.3,96,Prioritize for Clearing
ASHOK NAGAR,1,15.1,15.116666666666667,0.0,0,Ignore
"RTO/AMD, Ahmedabad, GUJARAT",97,15.1,10.439444444444444,37.1,0,Ignore
Surat Sort Facility Surat,196,15.1,17.925555555555555,17.3,0,Ignore
Khamgaon,6,15.1,12.529166666666667,16.7,0,Ignore
"LUDHIANA, PUNJAB, IN",18,15.0,14.26125,0.0,0,Ignore
KANPUR HUB,529,15.0,12.883333333333333,10.8,27,Prioritize for Clearing
Kumar Krishna General store GURGAON,2,15.0,14.9975,0.0,0,Ignore
Tiwari Store VARANASI,1,15.0,15.043611111111112,0.0,0,Ignore
SANGRUR,3,15.0,1.9966666666666666,33.3,0,Ignore
KALOL,1010,15.0,10.6,22.9,0,Ignore
CHEMBUR,9762,15.0,5.833333333333333,19.3,0,Ignore
DLF CYBER CITY,3864,15.0,5.4,15.9,2,Prioritize for Clearing
KavuriHills Hub,3,15.0,2.22,33.3,0,Ignore
"BAHADURGANJ, BIHAR, IN",2,15.0,15.047222222222222,50.0,0,Ignore
Ronak Store ROURKELA,2,15.0,15.011666666666665,50.0,0,Ignore
"Bongaigaon, Bongaigaon, ASSAM",14,14.9,11.605138888888888,28.6,0,Ignore
Jintu,2,14.9,14.916666666666666,0.0,0,Ignore
TRV APEX/SFC PUD CENTRE,1,14.9,14.883333333333333,0.0,0,Ignore
EKL_SuratHub_STX,201,14.9,16.517777777777777,1.0,0,Ignore
JAI HOME TIRUPUR,1,14.9,14.861666666666666,0.0,0,Ignore
"SAL/HUB, Salem, TAMIL NADU",99,14.9,11.580555555555556,11.1,6,Prioritize for Clearing
"Yamuna Nagar, Haryana, IN",2,14.8,14.793888888888889,50.0,0,Ignore
IXCH,1159,14.8,11.317222222222222,16.8,82,Prioritize for Clearing
"Kharsia, Karshia, CHHATTISGARH",1,14.8,14.750833333333333,0.0,0,Ignore
Mohan Store NEW DELHI,1,14.8,14.76,0.0,0,Ignore
"Kuchaman, Kuchaman City, RAJASTHAN",1,14.8,14.827777777777778,0.0,0,Ignore
DEHRADUN WAREHOUSE,1016,14.8,8.966666666666667,11.6,24,Prioritize for Clearing
Hassan,30,14.8,3.6005555555555553,3.3,0,Ignore
Behera Store BARIPARA,1,14.8,14.800555555555556,0.0,0,Ignore
ALVI GENERAL STORE NEW DELHI,4,14.8,14.77888888888889,25.0,0,Ignore
Melwin store MADURAI,1,14.8,14.80861111111111,0.0,0,Ignore
GhazipurHub_GIR Ghazipur,2,14.7,14.745138888888889,0.0,0,Ignore
"Nagrota Bagwan, Nagrota Bagwan, HIMACHAL PRADESH",1,14.7,14.678888888888888,0.0,1,Ignore
"MANALI, HIMACHAL PRADESH, IN",2,14.7,14.715000000000002,50.0,0,Ignore
IslampurWBHub_IPR Islampur,1,14.7,14.698055555555555,0.0,0,Ignore
,3011,14.7,11.145,20.1,0,Ignore
MiraRoad Hub,5,14.7,16.316388888888888,0.0,0,Ignore
"BETHAMCHERLA, BETHAMCHERLA, ANDHRA PRADESH",1,14.7,14.654722222222222,0.0,0,Ignore
Burhar,2,14.7,14.678055555555556,50.0,0,Ignore
"UNNAO, UTTAR PRADESH, IN",129,14.7,14.6925,11.6,3,Prioritize for Clearing
Minumula mani WARANGAL,1,14.7,14.743333333333334,0.0,0,Ignore
"BOM/RVP, Mumbai, MAHARASHTRA",3,14.6,9.26138888888889,33.3,0,Ignore
"Jalpaiguri, WEST BENGAL, IN",16,14.6,9.786388888888888,25.0,1,Prioritize for Clearing
"Guwahati, Assam, IN",2,14.6,14.598611111111111,50.0,0,Ignore
"CHITTOOR, ANDHRA PRADESH, IN",6,14.6,14.448472222222222,0.0,0,Ignore
BennenagariHub_DVG,1,14.6,14.574166666666667,0.0,0,Ignore
WarangalHub_WGL,1,14.6,14.619444444444444,0.0,0,Ignore
"Haveri, Karnataka, IN",1,14.5,14.488055555555556,0.0,0,Ignore
Ronit shop GURGAON,3,14.5,16.131666666666668,0.0,0,Ignore
VASHI MINI HUB,1277,14.5,9.883333333333333,29.3,92,Prioritize for Clearing
Madhepura,5,14.5,15.099444444444444,20.0,1,Prioritize for Clearing
"COK/HUB, Cochin, KERALA",237,14.5,12.471666666666668,5.9,11,Prioritize for Clearing
"Mehta, Mehta, PUNJAB",4,14.5,10.096250000000001,25.0,2,Ignore
"SBP/HUB, Sambalpur, ORISSA",118,14.5,12.845277777777778,7.6,0,Ignore
"JUNAGARH, ODISHA, IN",3,14.5,15.973888888888888,0.0,0,Ignore
"LUD/RTO, Ludhiana, PUNJAB",4,14.5,12.770416666666666,0.0,0,Ignore
MAAH,77,14.4,9.671111111111111,15.6,1,Prioritize for Clearing
SECUNDERABAD HUB,394,14.4,13.458333333333332,4.6,18,Prioritize for Clearing
"SALEM, TAMIL NADU, IN",3,14.4,12.0475,33.3,0,Ignore
"Chitradurga1, CHITRADURGA, KARNATAKA",1,14.4,14.438055555555556,0.0,0,Ignore
"Othakadai, Otthakadai, TAMIL NADU",5,14.4,14.168611111111112,20.0,1,Prioritize for Clearing
PATNA AIR HUB,966,14.3,12.441666666666666,10.5,65,Prioritize for Clearing
RJK HUB,253,14.3,15.95,7.1,4,Prioritize for Clearing
SINGH STATIONERY NEW DELHI,1,14.3,14.341111111111111,0.0,0,Ignore
Patiala Hub,3,14.3,1.556111111111111,33.3,1,Ignore
ElasticRunVisakhapatnamSplitODH_VTZ Visakhapatnam,6,14.3,4.5552777777777775,16.7,0,Ignore
"RKT/HUB, Rajkot, GUJARAT",713,14.2,8.816944444444445,14.9,12,Prioritize for Clearing
"PCK/AGRA, Agra, UTTAR PRADESH",2644,14.2,9.3075,26.8,0,Ignore
AGRA HUB,89,14.2,9.4,22.5,7,Prioritize for Clearing
"Mahilpur, MAHALPUR, PUNJAB",4,14.2,15.120833333333334,25.0,1,Ignore
Harur,2,14.2,14.232083333333334,0.0,0,Ignore
Kota Hub Kota,5,14.2,4.6,20.0,0,Ignore
"SLG/HUB, SILIGURI, WEST BENGAL",251,14.2,10.928888888888888,11.2,45,Prioritize for Clearing
Khariar,7,14.2,8.528611111111111,14.3,0,Ignore
Dharwad,383,14.2,11.877777777777778,12.0,30,Prioritize for Clearing
"PCK/SPT, Hyderabad, TELANGANA",46,14.1,13.799027777777777,4.3,0,Ignore
"KANNAMANGALAM ALAPPUZHA DISTRICT, KERALA, IN",6,14.1,13.13236111111111,16.7,0,Ignore
"Yavatmal, MAHARASHTRA, IN",2,14.1,14.086805555555555,0.0,0,Ignore
"Tendukheda, TENDUKHEDA, MADHYA PRADESH",1,14.1,14.092777777777778,0.0,1,Ignore
Chikiti,2,14.1,14.138333333333334,0.0,0,Ignore
"MALKANGIRI, ODISHA, IN",3,14.1,-1.0544444444444443,33.3,2,Ignore
"BBN/HUB, Bhubaneswar, ORISSA",626,14.0,14.0825,13.7,31,Prioritize for Clearing
NAGPUR AIR HUB,441,14.0,10.45,9.1,24,Prioritize for Clearing
fkl_soukyaRD,830,14.0,10.293055555555556,23.0,0,Ignore
RAIPUR HUB,410,14.0,14.350000000000001,4.6,20,Prioritize for Clearing
Hira das shop NEW DELHI,2,14.0,14.041805555555555,0.0,0,Ignore
Mohammad Raess NEW DELHI,1,14.0,14.041666666666666,0.0,0,Ignore
"Karjat, Maharashtra, IN",2,14.0,13.951805555555556,50.0,0,Ignore
"Budaun, Uttar Pradesh, IN",3,14.0,15.099166666666667,33.3,0,Ignore
"GAU/RTO, Guwahati, ASSAM",5,14.0,12.828333333333333,0.0,0,Ignore
"CHENBAGARAMANPUTHUR, CHENBAGARAMANPUTHUR, TAMIL NADU",1,14.0,13.971944444444444,0.0,0,Ignore
Ruby store NEW DELHI,2,13.9,13.879305555555556,50.0,0,Ignore
Anuj General Store LUCKNOW,1,13.9,13.860833333333334,0.0,0,Ignore
SHIRPUR,2,13.9,13.905277777777776,0.0,0,Ignore
Ram Magan Tripathi GURGAON,1,13.9,13.935833333333333,0.0,0,Ignore
OVALI ETAIL UNIT,6027,13.8,12.7,11.6,217,Prioritize for Clearing
"MFP/HUB, Muzaffarpur, BIHAR",182,13.8,11.348333333333333,6.0,2,Prioritize for Clearing
"IXS/HUB, Silchar, ASSAM",81,13.8,14.1575,7.4,3,Prioritize for Clearing
"CHENNAI, TAMIL NADU, IN",413,13.8,7.439166666666667,13.8,24,Prioritize for Clearing
"AUR/HUB, AURANGABAD, MAHARASHTRA",158,13.7,12.45861111111111,6.3,12,Prioritize for Clearing
LKOH,684,13.7,9.544722222222223,12.3,9,Prioritize for Clearing
JIGANI ETAIL CPU,314,13.7,7.4,21.0,1,Prioritize for Clearing
Anil kumar SULTANPUR,1,13.7,13.740555555555556,0.0,0,Ignore
Kochi Hub,2,13.7,13.712083333333334,50.0,0,Ignore
Darbhanga,2,13.7,13.717083333333335,0.0,0,Ignore
Gaya Hub Gaya,1,13.7,13.6675,0.0,0,Ignore
Coimbatore Sort Facility Coimbatore,452,13.7,11.389722222222222,6.9,0,Ignore
Gyaneshwar Storr NEW DELHI,4,13.6,12.935972222222222,25.0,0,Ignore
"RTO/FC1, BANGALORE, KARNATAKA",4,13.6,13.74013888888889,0.0,0,Ignore
"Hoogly, West Bengal, IN",106,13.6,8.741666666666667,12.3,1,Prioritize for Clearing
AIR HUB IN BBW,875,13.6,13.65,7.3,61,Prioritize for Clearing
"Jafarabad MH, JafrabadMH, MAHARASHTRA",1,13.6,13.613888888888889,0.0,0,Ignore
fkl_LUDFlex,2,13.5,13.480833333333333,0.0,0,Ignore
"RTO/MIR, Mumbai, MAHARASHTRA",146,13.5,7.982222222222222,21.9,0,Ignore
Anuppur,8,13.5,7.044722222222221,37.5,1,Prioritize for Clearing
prince store NEW DELHI,2,13.4,13.369166666666667,0.0,0,Ignore
PUNE - PNQ,617,13.4,7.9,24.1,299,Prioritize for Clearing
"RAIPUR/HUB, Raipur, CHHATTISGARH",308,13.4,12.502083333333335,10.1,24,Prioritize for Clearing
Pinki panchal tea stall PANIPAT,1,13.4,13.446666666666667,0.0,0,Ignore
"MLD/HUB, Malda, WEST BENGAL",41,13.4,9.473333333333333,7.3,0,Ignore
"SLP/HUB, Solapur, MAHARASHTRA",44,13.4,10.61736111111111,9.1,0,Ignore
Saha Store SHYAMNAGAR,1,13.4,13.372222222222222,0.0,0,Ignore
Virajpet,6,13.3,5.261111111111111,16.7,0,Ignore
MotherHub_HYP Hyderabad,240,13.3,11.930833333333332,5.0,0,Ignore
Jai mata di communication NEW DELHI,4,13.3,13.484444444444446,0.0,0,Ignore
"Hagaribommanahalli2, hagaribommanahalli, KARNATAKA",2,13.3,13.299583333333334,0.0,0,Ignore
"Kadgaon, Kadgaon, MAHARASHTRA",1,13.3,13.28111111111111,0.0,0,Ignore
NASIK MINI HUB,286,13.3,14.016666666666666,11.5,31,Prioritize for Clearing
FKL_JKS,19,13.3,1.9883333333333333,31.6,0,Ignore
HSR LAYOUT,3114,13.3,6.8,3.5,9,Prioritize for Clearing
RAI/CHG Raipur,63,13.3,12.97888888888889,7.9,0,Ignore
Kalyan,1,13.2,13.1775,0.0,0,Ignore
KakrolaHub_DEL,2,13.2,13.21,0.0,0,Ignore
SOLAPUR AIR HUB,79,13.2,12.6,2.5,3,Prioritize for Clearing
Mahmood store NEW DELHI,2,13.2,13.152361111111112,0.0,0,Ignore
Ashwani Kumar Store NEW DELHI,3,13.2,11.195833333333333,0.0,0,Ignore
CAHM,2936,13.2,4.788055555555555,14.9,3,Prioritize for Clearing
VIJAYAWADA (VIJA),2,13.2,13.216666666666667,0.0,0,Ignore
"PCK/BJE, Delhi NCR, DELHI",3185,13.2,10.494722222222222,7.7,1,Prioritize for Clearing
"Ankalkhop, ASHTA MH, MAHARASHTRA",1,13.2,13.24638888888889,0.0,0,Ignore
"Mumbai, MH, IN",9,13.2,4.7347222222222225,11.1,0,Ignore
"Virar, Maharashtra, IN",12,13.2,7.998888888888889,33.3,0,Ignore
"Berachampa, Berachampa, WEST BENGAL",3,13.2,19.607222222222223,0.0,1,Ignore
"KALGACHIA, BARPETA, ASSAM",1,13.2,13.23638888888889,0.0,1,Ignore
KUSUM STORE NEW DELHI,4,13.2,14.072777777777777,0.0,0,Ignore
Dwarahat,1,13.2,13.188888888888888,0.0,1,Ignore
"DEULGAON RAJA, MAHARASHTRA, IN",2,13.1,13.14111111111111,0.0,0,Ignore
MeharbanHub_OSH Ludhiana,2,13.1,13.055972222222222,0.0,0,Ignore
Pimpri Hub Pune,7,13.1,5.758611111111111,14.3,0,Ignore
VINAYAK ENTERPRISES HAMIRPUR,3,13.1,13.757777777777777,0.0,0,Ignore
Romanchal Sahu BHAWANIPATNA,2,13.1,13.136388888888888,0.0,0,Ignore
Mourya herbal NEW DELHI,2,13.1,13.070555555555556,0.0,0,Ignore
BLUE DART CENTRE,57,13.1,12.316666666666666,3.5,0,Ignore
Etah,2,13.1,13.055694444444445,0.0,0,Ignore
"VIJ/LH1, Vijayawada, ANDHRA PRADESH",345,13.1,8.585,8.7,17,Prioritize for Clearing
Mohammed Rizwan Ansari NEW DELHI,2,13.0,12.984861111111112,0.0,0,Ignore
MotherHub_DEL JHAJJHAR,196,13.0,11.069166666666668,8.7,0,Ignore
HYDERABAD HUB,3051,13.0,10.716666666666667,8.5,183,Prioritize for Clearing
MASTER SR AGENCYS CHOUTUPPAL,1,13.0,13.025277777777777,0.0,0,Ignore
"Etawah, UTTAR PRADESH, IN",4,13.0,12.985416666666667,0.0,0,Ignore
"DVG/HUB, DAVANGERE, KARNATAKA",64,13.0,13.352083333333333,4.7,0,Ignore
fkl_DELFlexYakubpur,20,13.0,0.0022222222222222222,35.0,0,Ignore
BALAK RAM NEW DELHI,2,12.9,12.870555555555555,0.0,0,Ignore
"RANCHI, JHARKHAND, IN",35,12.9,13.591944444444444,0.0,0,Ignore
KashipurHub_KAS Kashipur,7,12.9,5.423333333333333,14.3,1,Prioritize for Clearing
Jhajjar,18,12.9,5.834722222222222,5.6,1,Prioritize for Clearing
CHAKAN,7810,12.9,11.1,7.9,2,Prioritize for Clearing
ASIF Store JAIPUR,1,12.9,12.904444444444444,0.0,0,Ignore
GnanabharathiOSH_BLR Bangalore,3,12.9,6.861111111111111,33.3,0,Ignore
Althaf Home BELTHANGADY,1,12.9,12.913611111111111,0.0,0,Ignore
"Angara, TATISILWAY, JHARKHAND",2,12.9,12.910138888888888,0.0,1,Ignore
Pharenda,2,12.9,12.869305555555556,0.0,0,Ignore
GreaterNoida Hub,5,12.9,4.610833333333333,20.0,0,Ignore
"Mathura, Uttar Pradesh, IN",1,12.9,12.919722222222223,0.0,0,Ignore
Motherhub_RAC Ranchi,17,12.8,13.480277777777777,5.9,0,Ignore
"DEHRADUN, UTTARAKHAND, IN",19,12.8,7.528333333333333,10.5,0,Ignore
Rajgarh,2,12.8,12.816527777777779,0.0,0,Ignore
VIJAYNAGAR MINI HUB,1207,12.8,10.983333333333333,8.0,89,Prioritize for Clearing
DOBBASPET,41,12.8,6.233333333333333,2.4,1,Prioritize for Clearing
gurgaon,10,12.8,8.186388888888889,10.0,1,Prioritize for Clearing
THIRUVANKULAM,1,12.8,12.783333333333333,0.0,0,Ignore
"DUMRAON, BIHAR, IN",4,12.8,13.241805555555555,0.0,0,Ignore
Dhekiajuli,2,12.8,12.834305555555556,0.0,0,Ignore
Phulera,1,12.8,12.774722222222222,0.0,0,Ignore
HYDH,5021,12.7,10.605833333333333,10.0,148,Prioritize for Clearing
Jakir store NEW DELHI,3,12.7,12.3075,0.0,0,Ignore
AMD,9290,12.7,10.95138888888889,5.7,513,Prioritize for Clearing
"HYDERABAD, TELANGANA, IN",300,12.7,8.472361111111113,12.3,11,Prioritize for Clearing
GWALIOR MINI HUB,166,12.7,12.149999999999999,2.4,12,Prioritize for Clearing
CelebrationMallODH_ATQ Amritsar,4,12.7,4.755972222222223,25.0,0,Ignore
AMBALA HUB,50,12.7,10.8,2.0,3,Prioritize for Clearing
"FARIDABAD, HARYANA, IN",85,12.7,11.379722222222222,7.1,1,Prioritize for Clearing
ALLAHABAD - ALL,4,12.6,13.641666666666666,0.0,0,Ignore
"VARANASI, UTTAR PRADESH, IN",2,12.6,12.634999999999998,0.0,0,Ignore
GautamnagarHub_BBI,2,12.6,12.620277777777778,0.0,0,Ignore
DELH,14985,12.6,9.7125,9.1,515,Prioritize for Clearing
"BHO/HUB, Bhopal, MADHYA PRADESH",400,12.6,11.641944444444444,8.3,29,Prioritize for Clearing
"Sattenapalli1, SATTENAPALLI, ANDHRA PRADESH",1,12.6,12.555,0.0,0,Ignore
Motherhub_VJN Vijayawada,98,12.6,10.54138888888889,10.2,0,Ignore
MotherHub_FRK Farukhnagar,358,12.6,12.497361111111111,5.3,0,Ignore
Devtadin saroj VASAI,1,12.5,12.515833333333333,0.0,0,Ignore
RUDRAPUR HUB,168,12.5,7.341666666666667,14.3,11,Prioritize for Clearing
SAMEER NEW DELHI,3,12.5,15.440833333333334,0.0,0,Ignore
BHAI JAAN ELECTRICALS NEW DELHI,1,12.5,12.483611111111111,0.0,0,Ignore
"JASDAN, GUJARAT, IN",3,12.5,9.530555555555555,0.0,0,Ignore
GURGAON CPC,3679,12.5,10.966666666666667,9.9,0,Ignore
MEERA ROAD-BHAYANDER,14,12.4,9.641666666666666,14.3,0,Ignore
GOREGAON,289,12.4,7.266666666666667,18.3,0,Ignore
"ASHTA, MADHYA PRADESH, IN",2,12.4,12.407083333333333,0.0,0,Ignore
Food blast RUPNAGAR,1,12.4,12.416666666666666,0.0,0,Ignore
"Pallu, Hanumangarh, RAJASTHAN",2,12.4,12.444861111111111,0.0,0,Ignore
Vaishnavi Store VADODARA,2,12.4,12.400694444444445,0.0,0,Ignore
"RTO/MLD, Mumbai, MAHARASHTRA",1513,12.4,7.934166666666667,21.9,0,Ignore
Kushtagi,2,12.4,12.389166666666666,0.0,0,Ignore
MotherHub_BLR Bengaluru,194,12.4,10.987777777777778,6.7,0,Ignore
Kamble nivas LATUR,4,12.3,12.758055555555556,0.0,0,Ignore
fkl-mhmalur_EXT,135,12.3,7.621111111111111,8.9,2,Prioritize for Clearing
BHIM,753,12.3,3.091111111111111,12.4,8,Prioritize for Clearing
"Khatav, MAHARASHTRA, IN",2,12.3,12.329305555555557,0.0,0,Ignore
Talcher,2,12.3,12.311388888888889,50.0,1,Ignore
ANIL KIRANA STORE GURGAON,3,12.3,18.884166666666665,0.0,1,Ignore
Sangli Hub Sangli,7,12.3,8.305555555555555,14.3,0,Ignore
Dahej,2,12.3,12.261388888888888,0.0,0,Ignore
BHATINDA AIR HUB,268,12.2,14.408333333333331,0.4,19,Prioritize for Clearing
Murarai,2,12.2,12.172361111111112,0.0,0,Ignore
VARANASI - VRS,3,12.2,16.95,0.0,1,Ignore
"BLR/LH1, BANGALORE, KARNATAKA",2498,12.2,9.671666666666667,12.0,125,Prioritize for Clearing
"Khargapur, Tikamgarh, MADHYA PRADESH",1,12.2,12.233055555555556,0.0,1,Ignore
"Goa, Goa, IN",23,12.1,6.596666666666667,8.7,2,Prioritize for Clearing
MEERUT HUB,50,12.1,7.35,28.0,4,Prioritize for Clearing
"Siwan, Maharajaganj, BIHAR",4,12.1,13.829027777777778,0.0,1,Ignore
"Gurgaon, Haryana, IN",27,12.1,4.183888888888889,18.5,0,Ignore
"TCR/HUB-TSP, TRICHUR, KERALA",1,12.1,12.081111111111111,0.0,0,Ignore
AIR HUB IN RAW,421,12.1,11.75,4.0,25,Prioritize for Clearing
LUH/LUH Ludhiana,165,12.1,10.94,6.1,0,Ignore
"SXR/HUM, Srinagar, JAMMU AND KASHMIR",148,12.1,11.804027777777778,2.7,0,Ignore
Nabarangpur,3,12.1,16.938055555555554,0.0,1,Ignore
"RJM/HUB, Rajahmundry, ANDHRA PRADESH",71,12.1,8.791666666666666,1.4,5,Prioritize for Clearing
BHIWANDI NEW WAREHOU,1056,12.1,10.141666666666666,7.6,20,Prioritize for Clearing
Shiv shankar GAUTAM BUDDHA NAGAR,1,12.1,12.145833333333334,0.0,0,Ignore
"IDR/LH1, Indore, MADHYA PRADESH",736,12.1,9.51763888888889,10.6,26,Prioritize for Clearing
BENGALURU TRANSIT HU,2021,12.1,7.6,11.4,33,Prioritize for Clearing
Motherhub_SAI_4 Thane,3344,12.1,10.11,4.7,0,Ignore
"RTO/VASAI, Mumbai, MAHARASHTRA",1990,12.1,6.939027777777778,11.4,0,Ignore
Sarupathar,2,12.1,12.066527777777779,0.0,0,Ignore
"KADIRI, ANDHRA PRADESH, IN",8,12.1,12.06625,0.0,0,Ignore
"Patna, Bihar, IN",34,12.1,11.431111111111111,2.9,1,Prioritize for Clearing
RAISINGHNAGAR,4,12.0,15.841527777777777,0.0,0,Ignore
BOMH,13929,12.0,9.452222222222222,9.0,567,Prioritize for Clearing
Jodhpur Hub Jodhpur,7,12.0,5.3975,14.3,0,Ignore
"Lalgola, LALGOLA, WEST BENGAL",7,12.0,-4.114722222222222,28.6,5,Prioritize for Clearing
VijayamangalamHub_VJM VIJAYAMANGALAM,3,12.0,11.944444444444445,0.0,0,Ignore
"Baikunthpur, Baikunthpur, CHHATTISGARH",3,12.0,14.175555555555556,33.3,0,Ignore
KOCHIN HUB,254,12.0,10.533333333333335,4.3,0,Ignore
"kanota, Kanota, RAJASTHAN",4,12.0,13.2375,25.0,1,Ignore
OVALI WAREHOUSE,895,12.0,5.516666666666667,6.6,2,Prioritize for Clearing
Kandivali Hub,2,12.0,12.011944444444444,0.0,0,Ignore
Motherhub_MAL Malur,588,12.0,11.970277777777778,0.7,0,Ignore
"RTO/MAT, BANGALORE, KARNATAKA",184,11.9,10.333194444444445,4.3,0,Ignore
Ashok Nagar,2,11.9,11.859166666666667,0.0,0,Ignore
PONDICHERRY MINI HUB,94,11.9,11.308333333333334,7.4,7,Prioritize for Clearing
Shourya store NEW DELHI,1,11.9,11.894722222222223,0.0,0,Ignore
Yadav general kirana NEW DELHI,2,11.9,11.906805555555556,0.0,0,Ignore
Manoj jenral store BHARATPUR,3,11.9,5.713055555555556,33.3,0,Ignore
Shree Ganesh Ladies Tailor NAGPUR,1,11.9,11.930277777777778,0.0,0,Ignore
"AGR/HUB, Agra, UTTAR PRADESH",2580,11.9,11.460138888888888,0.2,48,Prioritize for Clearing
Nashik Hub Nashik,4,11.9,6.183055555555556,25.0,0,Ignore
"SAHARSA, BIHAR, IN",2,11.9,11.927222222222223,0.0,0,Ignore
SHALABAM KOZHIKODE,2,11.8,11.758472222222222,0.0,0,Ignore
RaipurCityHub_RPR Raipur,8,11.8,3.627222222222222,12.5,0,Ignore
"Pallipuram, Allapey, KERALA",1,11.8,11.770555555555555,0.0,0,Ignore
Kovaipudur,740,11.8,5.259722222222223,18.9,0,Ignore
KAVITA SHOP NEW DELHI,1,11.8,11.832777777777778,0.0,0,Ignore
Alok Store NEW DELHI,2,11.7,11.748055555555556,0.0,0,Ignore
SARASWATI PROVISION KIRANA STORE BEED,1,11.7,11.688611111111111,0.0,0,Ignore
S S SUPPLIERS AHMEDABAD,1,11.7,11.717222222222222,0.0,0,Ignore
"TRICHY, Trichy, TAMIL NADU",25,11.7,10.705,12.0,1,Prioritize for Clearing
MotherHub_SIL Jalpaiguri,35,11.7,9.086944444444445,8.6,0,Ignore
MUNDAKA COD UNIT,44,11.7,2.9166666666666665,0.0,1,Prioritize for Clearing
"NZB/HUB, Nizamabad, TELANGANA",15,11.7,2.838611111111111,6.7,0,Ignore
NEHRU PLACE,20,11.6,6.816666666666666,20.0,0,Ignore
ElasticRunKottakalODH_KOT Kottakkal,3,11.6,11.459722222222222,0.0,0,Ignore
Krishna madangir  General Store NEW DELHI,1,11.6,11.570833333333333,0.0,0,Ignore
Motherhub_CUT Cuttack,34,11.6,9.426111111111112,8.8,0,Ignore
Panchanan Ghosh BURDWAN,1,11.6,11.607222222222223,0.0,0,Ignore
MORADABAD HUB,109,11.6,9.166666666666666,10.1,8,Prioritize for Clearing
Meena kumari KANGRA,1,11.6,11.616666666666667,0.0,0,Ignore
"CCU/LH1, Kolkata, WEST BENGAL",1097,11.6,6.179166666666667,14.9,57,Prioritize for Clearing
Mandal ji Store NEW DELHI,2,11.6,11.610277777777778,0.0,0,Ignore
AMIGO ERNAKULAM,1,11.6,11.639722222222222,0.0,0,Ignore
"Kushtagi1, Kushtagi, KARNATAKA",3,11.6,15.674444444444445,0.0,1,Ignore
"CJB/HUB, Coimbatore, TAMIL NADU",125,11.6,8.049166666666666,9.6,5,Prioritize for Clearing
KAPASHERA HUB,5894,11.6,11.266666666666667,3.0,313,Prioritize for Clearing
Thane,10000,11.5,3.9738888888888892,10.3,471,Prioritize for Clearing
Motherhub_Hub Dharwad,73,11.5,9.7125,4.1,0,Ignore
"SIKANDARABAD INDUSTRIAL AREA, UTTAR PRADESH, IN",5,11.5,2.598611111111111,40.0,0,Ignore
"Bhubaneswar, Orissa, IN",3,11.5,4.1825,33.3,0,Ignore
Mohana,1,11.5,11.455833333333333,0.0,0,Ignore
RAJAMPET,4,11.5,12.191666666666666,25.0,1,Ignore
Astichak,1,11.5,11.475833333333334,0.0,0,Ignore
TAPATI KUNTI STORE HOWRAH,1,11.5,11.545555555555556,0.0,0,Ignore
A.j store NEW DELHI,4,11.4,11.268888888888888,0.0,0,Ignore
"RTO/VST, BANGALORE, KARNATAKA",9,11.4,7.9225,11.1,0,Ignore
"Alwaye, Kerala, IN",73,11.4,10.187222222222223,5.5,1,Prioritize for Clearing
JeyporeHub_JYP Jeypore,1,11.4,11.399166666666666,0.0,0,Ignore
AnanthapurHub_ATP Ananthapur,6,11.4,7.723611111111111,16.7,0,Ignore
"Rampur Baghelan MP, Rampur Baghelan MP, MADHYA PRADESH",3,11.4,13.435,0.0,1,Ignore
MotherHub_CSK Chennai,56,11.4,8.927777777777777,8.9,0,Ignore
Sandeep Tanwar kirana store SAHARANPUR,2,11.4,11.353750000000002,0.0,0,Ignore
Narkhed,2,11.4,11.427777777777777,0.0,0,Ignore
BasnaHub_BAS basna,1,11.4,11.44111111111111,0.0,0,Ignore
NDA WAREHOUSE,6,11.4,10.241666666666667,16.7,0,Ignore
CABTGorantlaODH_GRL anantapur,2,11.4,11.381388888888889,0.0,0,Ignore
BHOPAL AIR HUB,316,11.4,7.466666666666667,4.4,19,Prioritize for Clearing
Deepak kulhauli store KANPUR,1,11.4,11.397777777777778,0.0,0,Ignore
SarjapursplitOSH_BLR Bangalore,3,11.4,7.159166666666667,0.0,0,Ignore
Karimnagar Hub,2,11.3,11.272361111111111,0.0,0,Ignore
Jeevan Nilaya Home DAVANGERE,1,11.3,11.277222222222223,0.0,0,Ignore
"Bathinda/HUB, Bhatinda, PUNJAB",127,11.3,9.733055555555556,3.9,6,Prioritize for Clearing
nalgonda,2,11.3,11.254583333333333,0.0,0,Ignore
MULUND,18,11.2,5.199999999999999,16.7,0,Ignore
Deepanshi kirana NEW DELHI,3,11.2,7.677222222222222,0.0,0,Ignore
VASAI (VASM),3,11.2,4.987222222222222,0.0,0,Ignore
Lintomon HOME KOTTAYAM,2,11.2,11.183333333333334,0.0,0,Ignore
"Kodagu, Karnataka, IN",8,11.2,1.1558333333333333,37.5,0,Ignore
"Vadodara, Gujrat, IN",13,11.2,6.19,23.1,2,Prioritize for Clearing
Bharti Electric shop NEW DELHI,3,11.2,7.058333333333334,0.0,0,Ignore
Jeenath homes POLLACHI,1,11.2,11.1725,0.0,0,Ignore
Sumit Das ALIPURDUAR,1,11.2,11.227222222222222,0.0,0,Ignore
MUKESH GURGAON,1,11.2,11.235277777777778,0.0,0,Ignore
ETASHTezpurODH_TZR TEZPUR,2,11.2,11.174583333333334,0.0,0,Ignore
Sushil Auto Service ROHTAK,1,11.2,11.232222222222223,0.0,0,Ignore
Pari NEW DELHI,1,11.2,11.165555555555555,0.0,0,Ignore
VASAI,1834,11.2,10.533333333333333,1.0,1,Prioritize for Clearing
Motherhub_PAT_BTS Patna,13,11.2,10.269444444444444,7.7,0,Ignore
"NSK HUB, Nashik, MAHARASHTRA",63,11.2,6.860277777777778,9.5,1,Prioritize for Clearing
"MAD/HUB, Madurai, TAMIL NADU",80,11.2,9.814444444444444,7.5,3,Prioritize for Clearing
PanchavatiHub_NSK Nashik,12,11.1,8.046388888888888,8.3,0,Ignore
"VPI/HUB, Vapi, GUJARAT",39,11.1,5.541111111111111,10.3,3,Prioritize for Clearing
GUNTUR,2,11.1,11.147638888888888,0.0,0,Ignore
"AMB/LH1, AMBALA, HARYANA",956,11.1,9.292916666666667,6.3,24,Prioritize for Clearing
Bhiwani,4,11.1,6.384305555555555,25.0,1,Ignore
Chandauli,2,11.1,11.053888888888888,0.0,0,Ignore
Shri Ram Store NEW DELHI,3,11.1,11.490555555555556,0.0,0,Ignore
"CHILODA, GUJARAT, IN",2,11.1,11.069444444444443,0.0,0,Ignore
Shrirampur,8,11.1,11.807222222222222,0.0,0,Ignore
Kapoor Cafe DEHRADUN,2,11.1,11.101944444444445,0.0,0,Ignore
AGARWAL ANKIT KIRANA STORE MORADABAD,2,11.1,11.062777777777779,0.0,0,Ignore
Sitapur,1,11.0,11.045555555555556,0.0,0,Ignore
"LAWAR, UTTAR PRADESH, IN",2,11.0,11.017083333333332,0.0,0,Ignore
Ashok BATALA,1,11.0,11.010833333333334,0.0,0,Ignore
"Tenkasi, Tenkasi, TAMIL NADU",1,11.0,11.049444444444445,0.0,0,Ignore
MotherHub_LKO Lucknow,63,11.0,8.710277777777778,3.2,0,Ignore
Merces Hub,2,11.0,11.026944444444444,0.0,0,Ignore
"PERUMBAIKAD, KERALA, IN",5,11.0,8.950277777777778,0.0,0,Ignore
"PCK/EDL, Delhi NCR, DELHI",154,11.0,8.851388888888888,1.9,0,Ignore
Omkar enterprizes BEED,1,11.0,11.002777777777778,0.0,0,Ignore
Trimulgherry Hub,4,11.0,9.832361111111112,0.0,0,Ignore
VxpressBurnpurODH_ASN Asansol,2,11.0,10.95486111111111,0.0,0,Ignore
Motherhub_PLS Guwahati,14,11.0,11.671944444444446,7.1,0,Ignore
"PAT/LH1, Patna, BIHAR",219,11.0,9.717777777777778,1.8,5,Prioritize for Clearing
PeoplesCampusHub_BHO,1,10.9,10.884166666666667,0.0,0,Ignore
RJK WAREHOUSE,209,10.9,4.383333333333333,3.8,0,Ignore
Motherhub_DIC Delhi,1265,10.9,9.95,4.7,0,Ignore
"CHENNAI, Tamilnadu, IN",70,10.9,9.11236111111111,0.0,0,Ignore
OrangMDH_ORG Orang,2,10.9,10.902222222222221,0.0,0,Ignore
Sarjapurhub_BLR Bengaluru,1,10.9,10.873333333333333,0.0,0,Ignore
Psk electrical NEYVELI,1,10.9,10.945555555555556,0.0,0,Ignore
Uttam kirana 65 NEW DELHI,1,10.9,10.924722222222222,0.0,0,Ignore
Vishu store NEW DELHI,2,10.9,10.911388888888888,0.0,0,Ignore
BHIWANDI,96,10.9,8.033333333333333,11.5,0,Ignore
Motherhub_ABD Ahmedabad,349,10.9,9.555555555555555,4.6,0,Ignore
Khatoo,2,10.9,10.886805555555556,0.0,0,Ignore
"PCK/MDK, New Delhi, DELHI",15,10.9,11.231666666666667,0.0,0,Ignore
SircillaHub_SRC,1,10.8,10.76138888888889,0.0,0,Ignore
"ACHAMPET, ACHAMPETA, TELANGANA",1,10.8,10.7975,0.0,0,Ignore
KLLM,3067,10.8,2.2475,22.0,0,Ignore
RAIPUR WAREHOUSE,630,10.8,8.1,2.5,28,Prioritize for Clearing
"BHILAI, CHHATTISGARH, IN",12,10.8,9.40611111111111,0.0,0,Ignore
MANTA,3,10.8,13.916666666666666,0.0,0,Ignore
TTSPLJambusarODH_JBS,1,10.8,10.835277777777778,0.0,0,Ignore
DuliajanHub_DLN Duliajan,1,10.8,10.778055555555556,0.0,0,Ignore
Ghaziabad Hub,5,10.8,2.1219444444444444,20.0,0,Ignore
BaliparaHub_TZR NAGAON,1,10.8,10.751944444444444,0.0,0,Ignore
HOSKOTE,217,10.8,5.116666666666667,5.5,1,Prioritize for Clearing
Dhandeep kirana store KHEDA,2,10.8,10.750277777777779,0.0,0,Ignore
Sachin DABRA,1,10.7,10.661388888888888,0.0,0,Ignore
PipigangHub_GOP Gorakhpur,1,10.7,10.705833333333333,0.0,0,Ignore
Shahnawaz NEW DELHI,3,10.7,13.223888888888888,0.0,0,Ignore
Aarti Store NEW DELHI,1,10.7,10.680833333333334,0.0,0,Ignore
KALACHAND MURMU MEDINIPUR,1,10.7,10.694166666666666,0.0,0,Ignore
"KHALILABAD, UTTAR PRADESH, IN",2,10.7,10.700416666666666,0.0,0,Ignore
IOCLNoidahub_DEL Noida,6,10.7,7.686805555555555,16.7,0,Ignore
KNP WAREHOUSE,2,10.7,10.725,0.0,0,Ignore
Kuchinda,2,10.7,10.715555555555556,0.0,0,Ignore
Balhara Properties ROHTAK,1,10.7,10.720555555555556,0.0,0,Ignore
HASAN DAKHANI KIRANA AND GENREAL STORE PUNE,1,10.7,10.692222222222222,0.0,0,Ignore
Devashish NEW DELHI,1,10.7,10.715833333333332,0.0,0,Ignore
"PUNE, MAHARASHTRA, IN",405,10.7,7.256666666666667,6.4,13,Prioritize for Clearing
"Talere, Talere, MAHARASHTRA",16,10.7,9.933055555555555,0.0,0,Ignore
"TPT/HUB, Tirupati, ANDHRA PRADESH",46,10.7,9.490277777777777,4.3,0,Ignore
"MAVOOR, KERALA, IN",12,10.7,8.150555555555556,8.3,0,Ignore
ARVIND SALVE VIRAR,1,10.7,10.731388888888889,0.0,0,Ignore
Aavya enterprise MUMBAI,1,10.7,10.680277777777778,0.0,0,Ignore
"KHL/HUB, Kolhapur, MAHARASHTRA",180,10.7,8.463333333333333,6.1,3,Prioritize for Clearing
"Chopan, Chopan, UTTAR PRADESH",2,10.7,10.70972222222222,50.0,1,Ignore
ElasticRunManikondaODH_HYD Hyderabad,6,10.6,6.922083333333333,16.7,0,Ignore
Deb Prokash Hazra House HOWRAH,1,10.6,10.552777777777777,0.0,0,Ignore
Veeresh Kirana store BAGALKOT,1,10.6,10.567777777777778,0.0,0,Ignore
TTSPLDehraODH_DHR Amb S.O,1,10.6,10.626111111111111,0.0,0,Ignore
MiyapurHub_Hyd,5,10.6,0.9388888888888889,20.0,0,Ignore
ElasticRunGuskaraODH_GKH Guskhara,1,10.6,10.55888888888889,0.0,0,Ignore
"SINGRAULI, MADHYA PRADESH, IN",8,10.6,12.34986111111111,0.0,2,Prioritize for Clearing
"Muzaffarnagar, Uttar Pradesh, IN",3,10.6,2.4722222222222223,33.3,0,Ignore
Miryalaguda,2,10.6,10.588611111111112,0.0,0,Ignore
Khalilabad,2,10.6,10.588194444444444,0.0,0,Ignore
CharumoodHub_COO,1,10.6,10.585277777777778,0.0,0,Ignore
"PNQ/CHN, Chakan, MAHARASHTRA",2301,10.6,4.45,14.6,2,Prioritize for Clearing
"PATNA, BIHAR, IN",4,10.6,10.94138888888889,0.0,0,Ignore
BLR,4289,10.6,9.092777777777778,6.7,301,Prioritize for Clearing
Sumit Laundry AURANGABAD,2,10.6,10.633194444444445,0.0,0,Ignore
"Bhuban, BHUBAN, ORISSA",2,10.5,10.495555555555557,0.0,2,Ignore
Shaikh Absaar AURANGABAD,2,10.5,10.54888888888889,0.0,0,Ignore
Amrapata,2,10.5,10.542777777777777,0.0,1,Ignore
Farukhnagar,859,10.5,1.0819444444444444,14.8,23,Prioritize for Clearing
SURESH KIRANA GANDHINAGAR,1,10.5,10.497222222222222,0.0,0,Ignore
"SRINAGAR, JAMMU & KASHMIR, IN",4,10.5,9.198611111111111,0.0,0,Ignore
BongaigaonHub_BGG Bongaigaon,1,10.5,10.50361111111111,0.0,0,Ignore
ChikmagalurHub_CKM Chikmagalur,2,10.5,10.4725,0.0,0,Ignore
Shashi Kala NEW DELHI,5,10.5,11.219166666666666,0.0,1,Prioritize for Clearing
Vishal maurya store NEW DELHI,1,10.5,10.47888888888889,0.0,0,Ignore
AzaraHub_GAU Guwahati,1,10.5,10.518055555555556,0.0,0,Ignore
"Fatehganj, Bareilly, UTTAR PRADESH",1,10.5,10.451666666666666,0.0,0,Ignore
Om Prakash Home BOKARO,1,10.5,10.476944444444445,0.0,0,Ignore
Kirana Anjali Home Store BANGALORE,1,10.5,10.45888888888889,0.0,0,Ignore
"Tirupathi, Andhra Pradesh, IN",7,10.5,7.247222222222222,0.0,0,Ignore
Palakollu,3,10.5,10.684444444444445,0.0,0,Ignore
Devgan Medical Store AMRITSAR,1,10.5,10.534722222222221,0.0,0,Ignore
"PCK/KNP, Kanpur, UTTAR PRADESH",224,10.5,9.227083333333333,4.0,1,Prioritize for Clearing
"VIJAYAWADA, ANDHRA PRADESH, IN",40,10.5,6.732222222222223,7.5,1,Prioritize for Clearing
AttabiraMDH_ATT Attabira,1,10.5,10.4875,0.0,0,Ignore
Jhupa Patra Store MEDINIPUR,1,10.5,10.464166666666667,0.0,0,Ignore
"Kannur/HUB, Kannur, KERALA",69,10.5,9.116388888888888,2.9,0,Ignore
National Electrical NEW DELHI,1,10.4,10.412777777777778,0.0,0,Ignore
JALANDHAR MINI HUB,327,10.4,6.666666666666667,3.7,38,Prioritize for Clearing
RanaghatHub_RHA Ranaghat,2,10.4,10.39125,0.0,0,Ignore
SILIGURI WAREHOUSE,301,10.4,7.383333333333333,12.3,1,Prioritize for Clearing
Katwa,2,10.4,10.385833333333334,0.0,0,Ignore
Manjot kirana store AMRITSAR,1,10.4,10.43388888888889,0.0,0,Ignore
"JLD/HUB, Jalandhar, PUNJAB",92,10.4,7.06625,4.3,4,Prioritize for Clearing
PATEL KIRANA STORE LUCKNOW,1,10.4,10.426944444444445,0.0,0,Ignore
Motherhub_ULB Uluberia,87,10.4,10.337777777777777,0.0,0,Ignore
Deoghar,2,10.4,10.43986111111111,0.0,0,Ignore
"Kanpur, Uttar Pradesh, IN",15,10.4,4.488333333333333,20.0,0,Ignore
Bhadrachalam,4,10.4,10.636527777777777,0.0,0,Ignore
NAHUR MINI HUB,86,10.4,10.35,1.2,0,Ignore
BelpharHub_JSG,2,10.4,10.416249999999998,0.0,0,Ignore
HiryurHub_HYR Hiryur,1,10.3,10.313333333333333,0.0,0,Ignore
RedHillsODH_CHN,1,10.3,10.346388888888889,0.0,0,Ignore
MUZAFFARPUR HUB,103,10.3,9.233333333333333,6.8,3,Prioritize for Clearing
VZG AIR HUB,188,10.3,8.283333333333333,5.9,5,Prioritize for Clearing
Gaurav kumar store DEHRADUN,1,10.3,10.256944444444445,0.0,0,Ignore
CharaiHub_MUM,2,10.3,10.300555555555555,0.0,0,Ignore
HATA,2,10.3,10.276666666666667,0.0,0,Ignore
LUCKNOW AIR HUB,949,10.3,7.483333333333333,3.0,43,Prioritize for Clearing
BIAL HUB,3361,10.3,8.466666666666667,6.9,237,Prioritize for Clearing
PalluruthyHub_PRT Edakochi,4,10.3,7.431805555555556,0.0,0,Ignore
TadepalligudemHub_TPG Tadepalligudem,3,10.3,10.56611111111111,0.0,0,Ignore
"JHAJJAR, HARYANA, IN",3,10.3,3.205277777777778,33.3,0,Ignore
Kurishum Mood,10,10.3,6.271944444444444,10.0,3,Prioritize for Clearing
"Chitrakoot, UTTAR PRADESH, IN",4,10.3,10.425416666666667,0.0,1,Ignore
PrincyPalesadODH_PAL PETLAD,3,10.2,15.342222222222222,0.0,0,Ignore
"RANIKHET, UTTARAKHAND, IN",2,10.2,10.1925,0.0,0,Ignore
Shikha Ghosh ALIPURDUAR,1,10.2,10.222222222222221,0.0,0,Ignore
Raju shop GURGAON,1,10.2,10.162777777777778,0.0,0,Ignore
Motherhub_LKO_Flex Lucknow,40,10.2,9.712083333333332,5.0,0,Ignore
ViluppuramHub_VPM Villupuram,2,10.2,10.186527777777778,0.0,0,Ignore
"JALANDHAR, PUNJAB, IN",1,10.2,10.214444444444444,0.0,0,Ignore
"Akkalkot, Akkalkot, MAHARASHTRA",2,10.2,10.195416666666667,0.0,1,Ignore
Shamdhu atta chaki GREATER NOIDA,1,10.2,10.233888888888888,0.0,0,Ignore
"BARWALA, HARYANA, IN",4,10.1,11.286388888888887,0.0,1,Ignore
ETASHSaukuchiODH_GAU Beltola,1,10.1,10.0575,0.0,0,Ignore
"BORSAD, GUJARAT, IN",2,10.1,10.119027777777777,0.0,1,Ignore
BelnarODH_BEL Dantewara,1,10.1,10.050555555555556,0.0,0,Ignore
ON THE WAY EXPRESS KIRANA MAHABUB NAGAR,1,10.1,10.127222222222223,0.0,0,Ignore
SB Store's VADODARA,1,10.1,10.098055555555556,0.0,0,Ignore
SunkadakatteHub_BLR Bengaluru,2,10.1,10.1,0.0,0,Ignore
ArakkonamHub_AKM Arakkonam,1,10.1,10.104444444444445,0.0,0,Ignore
Kumargunj,2,10.1,10.091805555555554,0.0,0,Ignore
SurajpurNoidahub_DEL,1,10.1,10.080277777777777,0.0,0,Ignore
CHENNAI AIRPORT HUB,2669,10.1,6.45,6.4,87,Prioritize for Clearing
"Hosur, Tamil Nadu, IN",31,10.1,11.6425,0.0,2,Prioritize for Clearing
"NELLORE, Andhra Pradesh, IN",1,10.1,10.112777777777778,0.0,0,Ignore
"Mumbai, Maharashtra, IN",98,10.1,4.645833333333334,13.3,3,Prioritize for Clearing
SakinakaSplitHub_MUM Mumbai,12,10.1,10.599444444444444,0.0,0,Ignore
ZaheerabadHub_ZBD Zaheerabad,1,10.1,10.06,0.0,0,Ignore
MANESAR PINCODES,11,10.1,7.733333333333333,9.1,0,Ignore
Mohd aamil NEW DELHI,1,10.1,10.101666666666667,0.0,0,Ignore
"UDI/HUB, Udaipur, RAJASTHAN",176,10.1,9.055138888888889,1.7,4,Prioritize for Clearing
"Nandurbar, MAHARASHTRA, IN",26,10.1,11.100416666666668,0.0,0,Ignore
"LKO/LH1, Lucknow, UTTAR PRADESH",366,10.0,7.874583333333334,4.6,10,Prioritize for Clearing
"LONI KALBHOR, MAHARASHTRA, IN",5,10.0,4.376666666666667,0.0,0,Ignore
Unnao,2,10.0,10.045694444444445,0.0,0,Ignore
MotherHub_JKD Ranchi,14,10.0,8.704583333333334,0.0,0,Ignore
BelthangadyHub_BTG Belthangdy,1,10.0,9.994722222222222,0.0,0,Ignore
"BENGALURU, Karnataka, IN",80,10.0,3.6641666666666666,3.8,2,Prioritize for Clearing
Pusad,5,10.0,7.8069444444444445,0.0,1,Prioritize for Clearing
CuttackCDAHUB_CTC CUTTACK,2,10.0,9.961666666666666,0.0,0,Ignore
"Himatnagar, Gujarat, IN",2,10.0,10.010138888888887,0.0,0,Ignore
Saharanpur Hub,4,10.0,11.141944444444444,0.0,0,Ignore
TEMPTOR  MENS SALON BANGALORE,1,10.0,10.030555555555555,0.0,0,Ignore
JAIPUR HUB,1226,10.0,9.591666666666667,2.4,69,Prioritize for Clearing
JOG MANIFESTING HUB,4,10.0,5.716666666666667,25.0,0,Ignore
KodadHub_KDD Kodad,2,10.0,9.996805555555556,0.0,0,Ignore
AMBALA AIR HUB,1077,10.0,8.766666666666667,3.5,56,Prioritize for Clearing
Rajesh House BANGALORE,1,10.0,9.995555555555555,0.0,0,Ignore
DELHI HUB,3793,10.0,7.683333333333334,4.2,128,Prioritize for Clearing
SundargarhHub_SDG Sundargarh,1,10.0,9.96,0.0,0,Ignore
Dombivli Hub,2,10.0,10.007361111111111,0.0,0,Ignore
S T MANKAD,1,10.0,9.983333333333333,0.0,0,Ignore
VXpressSilodODH_SLD Sillod,2,10.0,9.95625,0.0,0,Ignore
Vaaraahi Master Kirana EAST GODAVARI,1,9.9,9.903333333333332,0.0,0,Ignore
ZIRAKPUR (ZKPR),17,9.9,9.216944444444444,0.0,0,Ignore
Rajveer Store NADIAD,2,9.9,9.911527777777778,0.0,0,Ignore
FKL_hydpatan_EXT,2,9.9,9.872777777777777,0.0,0,Ignore
MaladWestHub_MUM,2,9.9,9.882638888888888,0.0,0,Ignore
"Nautanwa, UTTAR PRADESH, IN",1,9.9,9.890277777777778,0.0,0,Ignore
Ghazipur,3,9.9,9.311388888888889,0.0,0,Ignore
MotherHub_STV_BTS Surat,808,9.9,10.240277777777777,0.7,0,Ignore
Surinder Singh KARNAL,1,9.9,9.921666666666667,0.0,0,Ignore
Nikhil costumes South West Delhi,1,9.9,9.887777777777778,0.0,0,Ignore
"Solapur, MAHARASHTRA, IN",4,9.9,9.880138888888888,0.0,0,Ignore
Hoshiarpur Hub Hoshiarpur,2,9.9,9.93736111111111,0.0,0,Ignore
Sunita fernandes SANGUEM,1,9.9,9.94361111111111,0.0,0,Ignore
KeshkalHub_KES keshkal,4,9.9,10.8525,0.0,0,Ignore
KOLKATA HUB,4149,9.9,7.433333333333334,3.2,101,Prioritize for Clearing
"Surat/HUB, Surat, GUJARAT",946,9.9,7.9406944444444445,6.8,0,Ignore
DharmapuriHub_DMP Dharmapuri,2,9.9,9.92152777777778,0.0,0,Ignore
Rinto Yacob Home ERNAKULAM,1,9.8,9.82638888888889,0.0,0,Ignore
THOKALA BALAVENKATAIAH KIRANA NANDYAL,1,9.8,9.767777777777777,0.0,0,Ignore
"ANP/HUB, ANANTAPUR, ANDHRA PRADESH",43,9.8,8.699166666666667,0.0,0,Ignore
DHANPAL KUSHWAH SHIVPURI,1,9.8,9.841944444444444,0.0,0,Ignore
Ajeet Kirana Store NEW DELHI,1,9.8,9.8,0.0,0,Ignore
CHANDRA FANCY STORE BANGALORE,1,9.8,9.761111111111111,0.0,0,Ignore
"ARARIA, BIHAR, IN",2,9.8,9.77,0.0,0,Ignore
Kukatpally Hub Hyderabad,8,9.8,6.9695833333333335,0.0,0,Ignore
"PCK/SEC, Hyderabad, TELANGANA",221,9.8,6.683333333333334,7.7,0,Ignore
"GURGAON, HARYANA, IN",257,9.8,6.891944444444444,1.6,11,Prioritize for Clearing
CALICUT MINI HUB,238,9.8,9.508333333333333,2.5,9,Prioritize for Clearing
Motherhub_HRN Nadia,184,9.8,8.946944444444444,0.5,0,Ignore
SITICSMukkamODH_MKM Mukkam,1,9.8,9.841111111111111,0.0,0,Ignore
RTO CPU KOLKATA,4,9.8,7.424999999999999,0.0,0,Ignore
"ATQ/HUB, AMRITSAR, PUNJAB",90,9.8,8.11111111111111,4.4,2,Prioritize for Clearing
Ghoisahan,2,9.8,9.799305555555556,0.0,0,Ignore
Ramu pal GAUTAM BUDDHA NAGAR,2,9.8,9.765416666666667,0.0,0,Ignore
Namdhari's Mini super market KULLU,1,9.8,9.831944444444444,0.0,0,Ignore
ElasticRunKawardhaODH_KDH Kawardha,3,9.7,9.485,0.0,0,Ignore
SakherBazar Hub Kolkata,1,9.7,9.661944444444444,0.0,0,Ignore
IdentifyPlusPonnampetMDH_KDG Ponnampet,1,9.7,9.734166666666667,0.0,0,Ignore
RADHARANI HOUSE MEDINIPUR,1,9.7,9.671666666666667,0.0,0,Ignore
Mahammad Rafi KOILKUNTLA,1,9.7,9.718055555555555,0.0,0,Ignore
RJSCMawryngknengMDH_MAW Mawryngkneng,1,9.7,9.70888888888889,0.0,0,Ignore
IdentifyPlusDeraBassiMDH_DRA Dera Bassi,1,9.7,9.661111111111111,0.0,0,Ignore
"BHONGIR, TELANGANA, IN",3,9.7,0.8986111111111111,33.3,0,Ignore
"NELLORE, ANDHRA PRADESH, IN",5,9.7,9.777777777777779,0.0,0,Ignore
"Salem, Tamil Nadu, IN",49,9.7,8.282777777777778,2.0,2,Prioritize for Clearing
KUNDLI AIR HUB,1021,9.7,9.05,3.1,12,Prioritize for Clearing
"PCK/PTD, Gurgaon, HARYANA",2584,9.7,7.015555555555555,0.2,1,Prioritize for Clearing
"Bagalkot, Karnataka, IN",2,9.7,9.725694444444445,0.0,0,Ignore
"RAN/HUB, Ranchi, JHARKHAND",247,9.7,8.544444444444444,2.4,13,Prioritize for Clearing
VIJAYAWADA HUB,107,9.7,8.6,5.6,8,Prioritize for Clearing
Naidupeta,2,9.7,9.689722222222223,0.0,0,Ignore
SITICSKairoliODH_KAR Agra,1,9.6,9.571944444444444,0.0,0,Ignore
EAST DELHI,21,9.6,7,9.5,0,Ignore
HIMAYAT NAGAR (HMNG),128,9.6,7.55625,5.5,0,Ignore
Tadipatri,2,9.6,9.628194444444446,0.0,0,Ignore
dhubri,3,9.6,9.248333333333333,0.0,0,Ignore
"BHI/RTO, Bhiwandi, MAHARASHTRA",16,9.6,7.480694444444444,12.5,0,Ignore
KudlaHub_IXE Mangalore,5,9.6,5.342777777777778,20.0,0,Ignore
PAPU SINGH MYNTRA KIRANA STORE MORADABAD,1,9.6,9.616111111111111,0.0,0,Ignore
BhongirHub_BNG Bhongir,1,9.6,9.641666666666667,0.0,0,Ignore
Naveen Kumar MACHERLA,1,9.6,9.560555555555556,0.0,0,Ignore
ShamshabadHub_HYD Hyderabad,1,9.6,9.628055555555555,0.0,0,Ignore
GUWAHATI - GAU,1,9.6,9.566666666666666,0.0,0,Ignore
Ausa,2,9.6,9.603055555555555,0.0,2,Ignore
"Berhampur HUB, Berhampur, ORISSA",35,9.6,9.38861111111111,0.0,0,Ignore
GhanasawangiMDH_GHA Ghana,1,9.6,9.585277777777778,0.0,0,Ignore
MahadHub_MHD Mahad,2,9.6,9.605,0.0,0,Ignore
TripunithuraHub_TRT Cochin,7,9.6,6.635833333333333,14.3,0,Ignore
MangalamHub_TPR Tirupur,1,9.6,9.610555555555555,0.0,0,Ignore
MotherHub_IDO Indore,42,9.5,7.723472222222222,4.8,0,Ignore
"PANAJI, GOA, IN",4,9.5,5.771527777777778,25.0,0,Ignore
Monu Kumar  A Store GURGAON,1,9.5,9.53888888888889,0.0,0,Ignore
SARNATHHUB_VNS Varanasi,2,9.5,9.478055555555555,0.0,0,Ignore
Sheohar,3,9.5,5.344722222222222,0.0,0,Ignore
JhanjharpurHub_JJP Jhanjharpur,1,9.5,9.519722222222223,0.0,0,Ignore
Mawryngkneng,2,9.5,9.495972222222221,0.0,0,Ignore
AjwaHub_BDQ Vadodara,14,9.5,7.077916666666667,0.0,0,Ignore
ShadowFaxMadhugiriMDH_MDG Madhugiri,1,9.5,9.481388888888889,0.0,0,Ignore
TripunithuraHub_TRT,2,9.5,9.484722222222224,0.0,0,Ignore
"JMD/HUB, Jamshedpur, JHARKHAND",80,9.5,6.956388888888888,8.8,3,Prioritize for Clearing
"GOA, GOA, IN",41,9.5,8.729722222222222,0.0,0,Ignore
"Bangalore, Karnataka, IN",222,9.5,4.068888888888889,7.2,4,Prioritize for Clearing
JAI/BTS Jaipur,100,9.5,6.675000000000001,7.0,0,Ignore
RewaHub_RWA,2,9.5,9.453750000000001,0.0,0,Ignore
RAZA ENTERPRISES NASHIK,2,9.4,9.376527777777778,0.0,0,Ignore
Mayur novelty BANGALORE,1,9.4,9.432777777777778,0.0,0,Ignore
JOGESHWARI COUNTER,89,9.4,9.966666666666667,0.0,0,Ignore
AnnurHub_ANN Annur,1,9.4,9.447222222222223,0.0,0,Ignore
SITICSGokakODH_GKK GOKAK,1,9.4,9.4425,0.0,0,Ignore
"GOLAGHAT, GOLAGHAT, ASSAM",2,9.4,9.415,0.0,1,Ignore
Prayat Hariyude kada CHENGANNUR,1,9.4,9.365277777777777,0.0,0,Ignore
Aditya telecom NEW DELHI,1,9.4,9.370555555555555,0.0,0,Ignore
BURDWAN TRANSIT HUB,58,9.4,7.066666666666666,10.3,4,Prioritize for Clearing
RISHIKESH HUB,10,9.4,8.583333333333332,10.0,0,Ignore
Pawan Myntra Store PUNE,3,9.4,10.678333333333333,0.0,0,Ignore
Belgaum Hub,2,9.4,9.378055555555555,0.0,0,Ignore
RayagadaHub_RGD Rayagada,2,9.4,9.410416666666666,0.0,0,Ignore
Motherhub_VNI Varanasi,13,9.4,9.564722222222223,0.0,0,Ignore
Pudukottai Hub Pudukottai,1,9.4,9.394444444444444,0.0,0,Ignore
"MORAIYA, GUJARAT, IN",48,9.4,10.995694444444446,0.0,0,Ignore
Tapan store NEW DELHI,3,9.4,10.226111111111111,0.0,1,Ignore
"PNP/HUB, Panipat, HARYANA",117,9.3,6.629722222222222,2.6,5,Prioritize for Clearing
LEHRAGAGA,3,9.3,13.33,0.0,0,Ignore
Sayali Boutique NAGPUR,1,9.3,9.311666666666667,0.0,0,Ignore
"DEL/LH2, New Delhi, DELHI",50,9.3,9.531666666666666,2.0,2,Prioritize for Clearing
"Almora, UTTARAKHAND, IN",3,9.3,2.746111111111111,0.0,0,Ignore
Attar Manzil LATUR,1,9.3,9.293888888888889,0.0,0,Ignore
"Panvel/HUB, Navi Mumbai, MAHARASHTRA",2090,9.3,5.293888888888889,14.2,21,Prioritize for Clearing
Tanvi store NEW DELHI,1,9.3,9.263055555555555,0.0,0,Ignore
Midnapore Hub Kharagpur,1,9.3,9.296944444444444,0.0,0,Ignore
UMBERGAON,6,9.3,12.840694444444445,0.0,2,Prioritize for Clearing
MotherHub_NAG_BTS Nagpur,81,9.3,7.668055555555555,0.0,0,Ignore
Belgharia Hub Kolkata,2,9.3,9.294444444444444,0.0,0,Ignore
Lakshmikantpur,2,9.2,9.246111111111112,0.0,0,Ignore
Bishrampur,4,9.2,8.851527777777779,0.0,1,Ignore
"WAI, MAHARASHTRA, IN",3,9.2,7.8436111111111115,0.0,0,Ignore
GurazalaMDH_GZA Gurazala,1,9.2,9.225833333333334,0.0,0,Ignore
AndheriWestHub_MUM,8,9.2,5.905138888888889,0.0,0,Ignore
New Look Salon DEHRADUN,1,9.2,9.17,0.0,0,Ignore
UTI SERVICE CENTER,2,9.2,9.15,0.0,0,Ignore
Rekha kirana NEW DELHI,1,9.2,9.158888888888889,0.0,0,Ignore
"PCK/LUD, Ludhiana, PUNJAB",310,9.2,7.793055555555555,1.6,6,Prioritize for Clearing
"RTO/MAZ, Mumbai, MAHARASHTRA",139,9.2,4.372777777777777,14.4,0,Ignore
BENGALURU SFC W/F,70,9.2,8.133333333333333,4.3,1,Prioritize for Clearing
"Shivpuri, MADHYA PRADESH, IN",2,9.2,9.151666666666667,0.0,0,Ignore
BrahmapurMDH_KOL Kolkata,6,9.2,8.98,0.0,0,Ignore
Chandan Kumar NEW DELHI,1,9.2,9.181666666666667,0.0,0,Ignore
Sodepur Hub Kolkata,2,9.2,9.215416666666666,0.0,0,Ignore
"Nirsa, Nirsa, JHARKHAND",3,9.2,11.054722222222223,0.0,1,Ignore
JamsuliHub_JER BALESHWAR,1,9.2,9.22888888888889,0.0,0,Ignore
Raipur Hub,2,9.2,9.153333333333334,0.0,0,Ignore
"DHANAURA, UTTAR PRADESH, IN",2,9.2,9.18138888888889,0.0,1,Ignore
ElasticRunSuncityODH_HYD RR District,1,9.2,9.226111111111111,0.0,0,Ignore
MUZAFFARPUR,1,9.2,9.184166666666666,0.0,0,Ignore
"PDY/AGARAM, VILLUPURAM, TAMIL NADU",1,9.2,9.24388888888889,0.0,0,Ignore
LargelogicChinnamanurODH_CNM CHINNAMANUR,1,9.2,9.188333333333333,0.0,0,Ignore
"Mangaluru, KARNATAKA, IN",3,9.1,9.445555555555556,0.0,1,Ignore
"Ganjam, ODISHA, IN",8,9.1,6.3966666666666665,12.5,0,Ignore
Ninad store THANE,1,9.1,9.129444444444445,0.0,0,Ignore
Raghav couching GAUTAM BUDDHA NAGAR,1,9.1,9.116944444444444,0.0,0,Ignore
PAWAN STORE NEW DELHI,1,9.1,9.084444444444445,0.0,0,Ignore
"VNS/LH1, VARANASI, UTTAR PRADESH",173,9.1,8.606666666666667,0.0,0,Ignore
"SURAT, GUJARAT, IN",21,9.1,5.622777777777777,9.5,1,Prioritize for Clearing
GanganiHub_GNN GANGANI,1,9.1,9.080555555555556,0.0,0,Ignore
Noida Hub Delhi,15,9.1,5.973611111111111,0.0,0,Ignore
Asansol Hub Asansol,2,9.1,9.130833333333333,0.0,0,Ignore
JUNNAR,3,9.1,6.701666666666667,0.0,1,Ignore
MANNARKKADHUB_MRK,1,9.1,9.121666666666666,0.0,0,Ignore
VikarabadHub_VKB Vikarabad,1,9.1,9.082777777777778,0.0,0,Ignore
Sadulpur S.O,3,9.1,7.184722222222222,0.0,1,Ignore
AMDH ,30,9.1,6.926944444444445,10.0,0,Ignore
WALUJ WAREHOUSE,19,9.1,5.9,0.0,0,Ignore
KalyanNagar Hub Bengaluru,5,9.1,9.495277777777778,0.0,0,Ignore
Rana transport GREATER NOIDA,1,9.1,9.088888888888889,0.0,0,Ignore
MithanpuraHub_MZF Muzaffarpur,1,9.1,9.055,0.0,0,Ignore
"PCK/OKH, Delhi NCR, DELHI",665,9.1,6.394444444444445,0.3,0,Ignore
"Kanyakumari, TAMIL NADU, IN",2,9.1,9.096388888888889,0.0,0,Ignore
"RAJKOT, GUJARAT, IN",5,9.1,5.296666666666667,0.0,0,Ignore
Chunmun Store NEW DELHI,1,9.1,9.132222222222222,0.0,0,Ignore
Manwath,2,9.0,9.015694444444444,0.0,1,Ignore
MotherHub_YKB Yakubpur,19,9.0,7.910555555555556,5.3,0,Ignore
Joshi store NEW DELHI,1,9.0,8.961388888888889,0.0,0,Ignore
Motihari,2,9.0,9.021805555555556,0.0,0,Ignore
Haridwar Hub Haridwar,6,9.0,6.965277777777778,16.7,0,Ignore
Joginder Pal GURDASPUR,2,9.0,9.004583333333333,0.0,0,Ignore
Md Jamal Ansari NEW DELHI,3,9.0,7.526388888888889,0.0,0,Ignore
TaverekereHub_BLR Bengaluru,1,9.0,8.96111111111111,0.0,0,Ignore
Tardeo Hub,8,9.0,2.8986111111111112,12.5,0,Ignore
KL70 CHITTUR,1,9.0,9.045,0.0,0,Ignore
CivilLineHub_BRY Bareilly,1,9.0,9.036111111111111,0.0,0,Ignore
Mysore Hub Mysore,5,9.0,9,0.0,0,Ignore
ChakdahaHub_CDH Nadia,2,9.0,9.005138888888888,0.0,0,Ignore
TRIVEDI AHMEDABAD,1,9.0,8.950833333333334,0.0,0,Ignore
"DGR/HUB, DURGAPUR, WEST BENGAL",35,9.0,7.841388888888889,5.7,0,Ignore
LOVE STORE NEW DELHI,1,9.0,9.04111111111111,0.0,0,Ignore
ChampasariMDH_CHP,2,9.0,9.008888888888889,0.0,0,Ignore
Aaliya Tradars NAGPUR,1,9.0,8.984444444444444,0.0,0,Ignore
Gandhi Nagar Hub Gandhinagar,6,9.0,5.919583333333334,0.0,0,Ignore
"Shamshabad, TELANGANA, IN",2,9.0,9.034305555555555,0.0,0,Ignore
Maa pitambara contraction company JALAUN,1,9.0,9.043611111111112,0.0,0,Ignore
MotherHub_PUNE Pune,99,8.9,7.566111111111111,3.0,0,Ignore
MalviyaNagarhub_JAI Jaipur,7,8.9,9.795277777777779,0.0,0,Ignore
Sadakat Rajpoot Kirana GAUTAM BUDDHA NAGAR,1,8.9,8.857777777777779,0.0,0,Ignore
KalyaniHub_KOL Kalyani,2,8.9,8.922638888888889,0.0,0,Ignore
"KNL/HUB, KURNOOL, ANDHRA PRADESH",62,8.9,9.461805555555555,1.6,6,Prioritize for Clearing
BhimavaramHub_BVM Bhimavaram,1,8.9,8.920833333333333,0.0,0,Ignore
Ooty Hub Ooty,8,8.9,4.562777777777778,0.0,0,Ignore
SUROJIT BARMAN SONARI,1,8.9,8.922777777777778,0.0,0,Ignore
Suraj General Store BELGAUM,1,8.9,8.861944444444445,0.0,0,Ignore
"Kharar, Punjab, IN",3,8.9,9.370555555555555,0.0,1,Ignore
SiuriHub_SUR Siuri,1,8.9,8.87138888888889,0.0,0,Ignore
JalnaHub_JLN Jalna,2,8.9,8.908194444444444,0.0,0,Ignore
AvalpoonthuraiHub_ERD Erode,2,8.9,8.919166666666666,0.0,0,Ignore
Avantika kirana Store CHANDIGARH,1,8.9,8.92,0.0,0,Ignore
RJSCJowaiODH_JWA Jowai,1,8.9,8.876111111111111,0.0,0,Ignore
KoraputHub_KRP Koraput,1,8.9,8.864444444444445,0.0,0,Ignore
BasavakalyanHub_BVK Basavakalyan,1,8.9,8.898055555555555,0.0,0,Ignore
LBNagarHub_HYD Hyderabad,5,8.9,7.904166666666667,0.0,0,Ignore
"Peravalli, PERAVALLI, ANDHRA PRADESH",3,8.9,9.7625,0.0,1,Ignore
GORAKHPUR,2,8.9,8.91986111111111,0.0,0,Ignore
CuddaloreHub_CDL Cuddalore,3,8.9,8.895555555555555,0.0,0,Ignore
Reena Store PUNE,1,8.9,8.9425,0.0,0,Ignore
"RTO/MKH, Nelamangala, KARNATAKA",3,8.9,9.077222222222222,0.0,0,Ignore
MotherHub_MED Hyderabad,18,8.8,7.995138888888889,0.0,0,Ignore
SALEM HUB,312,8.8,7.083333333333334,3.8,5,Prioritize for Clearing
santhoshimatha master kirana KARIMNAGAR,3,8.8,9.023055555555555,0.0,0,Ignore
NajafgarhHub_DEL,6,8.8,0.6629166666666666,16.7,0,Ignore
MotherHub_COK Ernakulam,128,8.8,8.01375,1.6,0,Ignore
"Rajim, ABHANPUR, CHHATTISGARH",2,8.8,8.753750000000002,0.0,2,Ignore
"PNJ/HUB, Porvorim, GOA",234,8.8,6.082361111111111,6.0,6,Prioritize for Clearing
Kalikiri,2,8.8,8.774166666666666,0.0,0,Ignore
Dharampal SIRSA,1,8.8,8.836944444444445,0.0,0,Ignore
"CHANNAGIRI, KARNATAKA, IN",4,8.8,8.4525,0.0,0,Ignore
Narendra MEERUT,1,8.8,8.816944444444445,0.0,0,Ignore
Muzaffarnagar,1,8.8,8.775833333333333,0.0,0,Ignore
RTNagar Hub Bengaluru,8,8.8,9.242361111111112,0.0,0,Ignore
Muzaffarpur Hub Muzaffarpur,2,8.8,8.810416666666667,0.0,0,Ignore
LoadshareBaleshwarSplitODH_BAW Baleswar,1,8.8,8.825833333333334,0.0,0,Ignore
ANBU AGENCY COIMBATORE,1,8.8,8.767222222222221,0.0,0,Ignore
Amrit Kumar KURUKSHETRA,1,8.8,8.845555555555556,0.0,0,Ignore
Jithin ( home ) TIRURANGADI,1,8.8,8.7825,0.0,0,Ignore
ArrahHub_ARH Arrah,2,8.8,8.797361111111112,0.0,0,Ignore
BEGUM STORE NEW DELHI,1,8.8,8.763055555555555,0.0,0,Ignore
BokaroHub_BKO Bokaro,1,8.7,8.73638888888889,0.0,0,Ignore
Kendrapara,3,8.7,3.4530555555555558,0.0,0,Ignore
KalawadRoadHub_RAJ Rajkot,15,8.7,4.170833333333333,13.3,0,Ignore
Akota Hub Vadodara,45,8.7,7.006944444444445,2.2,0,Ignore
Meerut Hub Meerut,2,8.7,8.719027777777779,0.0,0,Ignore
Islampur,2,8.7,8.695277777777779,0.0,0,Ignore
RajnandgaonHub_RJN Rajnandgaon,1,8.7,8.714166666666667,0.0,0,Ignore
KangayamHub_KGY Kangeyam,2,8.7,8.651527777777776,0.0,0,Ignore
LUCKNOW - LKO,7,8.7,9.866666666666667,0.0,1,Prioritize for Clearing
SrikshetraODH_PUR Puri,1,8.6,8.594444444444445,0.0,0,Ignore
ZIROODH_ZIR Ziro,3,8.6,6.873055555555555,0.0,0,Ignore
BalsamundMDH_BLM Sankara,2,8.6,8.61,0.0,0,Ignore
AHMEDABAD HUB,1842,8.6,5.741666666666667,4.8,32,Prioritize for Clearing
Ravi store AGRA,2,8.6,8.594027777777777,0.0,0,Ignore
Dashu Store JALPAIGURI,1,8.6,8.64611111111111,0.0,0,Ignore
Dhankawadi Hub Pune,20,8.6,5.236944444444444,5.0,0,Ignore
VALPARAI,1,8.6,8.55,0.0,0,Ignore
MOHSIN KIRANA GANDEVI,1,8.6,8.600277777777778,0.0,0,Ignore
HazaribaghHub_HZB Hazaribagh,2,8.6,8.628333333333334,0.0,0,Ignore
Arunakumari Store RAJAHMUNDRY,1,8.6,8.575,0.0,0,Ignore
"Gonda, Uttar Pradesh, IN",1,8.6,8.62861111111111,0.0,0,Ignore
SAGAR HOME MYSORE,1,8.6,8.572777777777778,0.0,0,Ignore
Hiten.  Rathod MUMBAI,1,8.6,8.606666666666667,0.0,0,Ignore
SilvassaHub_AMD Silvassa,1,8.6,8.561388888888889,0.0,0,Ignore
"ALD/LH1, Allahabad, UTTAR PRADESH",121,8.6,7.0025,0.0,1,Prioritize for Clearing
"AMB/HUB, AMBALA, HARYANA",265,8.6,6.564166666666667,2.6,3,Prioritize for Clearing
ChittoorHub_COR Chittoor,3,8.6,9.989444444444445,0.0,0,Ignore
VAZHEETHARAYIL MIDHUN BHAVAN HOME ALAPPUZHA,1,8.6,8.610555555555555,0.0,0,Ignore
DebagramHub_DEB Debagram,1,8.6,8.643055555555556,0.0,0,Ignore
Jatinder Singh HOSHIARPUR,1,8.6,8.610277777777778,0.0,0,Ignore
PONNOTH HOME THRISSUR,2,8.6,8.630555555555556,0.0,0,Ignore
"JMU/UNJ, Jammu, JAMMU AND KASHMIR",89,8.6,8.399166666666666,1.1,2,Prioritize for Clearing
"IXG/HUB, Belgaum, KARNATAKA",55,8.5,7.319166666666667,1.8,0,Ignore
"CCU/PCK, Kolkata, WEST BENGAL",68,8.5,7.344722222222222,0.0,0,Ignore
Wahid stores RAMANATHAPURAM,1,8.5,8.4725,0.0,0,Ignore
DilshadGardenHub_DEL Delhi,25,8.5,4.351666666666667,4.0,0,Ignore
Gaurav GHAZIABAD,1,8.5,8.49611111111111,0.0,0,Ignore
JalakandapuramHub_JKM Mettur,1,8.5,8.517777777777777,0.0,0,Ignore
"NOIDA, UTTAR PRADESH, IN",66,8.5,3.4087500000000004,7.6,6,Prioritize for Clearing
PanchlaODH_ULB Howrah,1,8.5,8.515277777777778,0.0,0,Ignore
Virar Hub,2,8.5,8.527916666666666,0.0,0,Ignore
"Nanded, Maharashtra, IN",6,8.5,8.520972222222223,0.0,0,Ignore
NAGPUR WAREHOUSE,1080,8.5,6.491666666666667,0.9,38,Prioritize for Clearing
TRV MINI HUB,206,8.5,8.041666666666668,5.3,32,Prioritize for Clearing
PunganurHub_PGN punganur,3,8.5,10.380833333333333,0.0,0,Ignore
SampurnaNagarMDH_KHE Lakhimpur Kheri,2,8.5,8.477916666666667,0.0,0,Ignore
RajdhamHub_RJD purnia,1,8.5,8.466666666666667,0.0,0,Ignore
Secundrabad,30,8.5,0.32833333333333337,23.3,0,Ignore
Sonu Accupressure physiotherapy BATHINDA,1,8.5,8.548333333333334,0.0,0,Ignore
IdentifyplusUmerkhedODH_UMR Umarkhed,1,8.5,8.469722222222222,0.0,0,Ignore
HYDERABAD WAREHOUSE,98,8.5,6.85,3.1,0,Ignore
"VIJ/HUB, Vijayawada, ANDHRA PRADESH",133,8.5,7.273055555555556,0.0,0,Ignore
Vikarabad,2,8.5,8.467083333333333,0.0,0,Ignore
OragaramHub_CHN Chennai,1,8.5,8.536111111111111,0.0,0,Ignore
Manish kirana store JHANSI,1,8.4,8.360555555555555,0.0,0,Ignore
"BICHOLIM, GOA, IN",1,8.4,8.419444444444444,0.0,0,Ignore
IdentifyPlusTaranagarODH_TAR Churu,1,8.4,8.417777777777777,0.0,0,Ignore
OM SAI STORE AHMEDABAD,1,8.4,8.437777777777777,0.0,0,Ignore
SPEEDER COURIERS POWERFLEX ALAPPUZHA,1,8.4,8.401111111111112,0.0,0,Ignore
ArcotHub_ARC Arcot,4,8.4,8.979861111111111,0.0,0,Ignore
Veerabadreswar prassan BELLARY,1,8.4,8.44361111111111,0.0,0,Ignore
LoadshareNagaonSplitODH_NGN Nagaon,1,8.4,8.423333333333334,0.0,0,Ignore
Rajender SIRSA,3,8.4,8.06861111111111,0.0,0,Ignore
"SONAIMUKH, SONAIMUKH, ASSAM",4,8.4,8.376111111111111,0.0,2,Ignore
PurniaHub_PRN Purnia,1,8.4,8.43388888888889,0.0,0,Ignore
JSM UNITED BASTI,1,8.4,8.369166666666667,0.0,0,Ignore
BheemanadyMDH_BMY Nileshwar,1,8.4,8.384166666666667,0.0,0,Ignore
Devadurgahub_DVD Devadurga,2,8.4,8.42388888888889,0.0,0,Ignore
XMI RTOS,275,8.4,7.133333333333333,1.8,0,Ignore
CHEMBUR (CHBR),1,8.4,8.391944444444444,0.0,0,Ignore
Shivan store NAGPUR,1,8.4,8.442777777777778,0.0,0,Ignore
Hosurnorthhub_HOS Hosur,1,8.4,8.368055555555555,0.0,0,Ignore
BhupalpallyHub_BPL Bupalpally,2,8.4,8.417638888888888,0.0,0,Ignore
Sidharth coching centre GHAZIABAD,1,8.4,8.392222222222221,0.0,0,Ignore
CHIKU WADI,2241,8.4,8.1,1.3,0,Ignore
Shri Ram Atta Chakki GHAZIABAD,2,8.4,8.39875,0.0,0,Ignore
BALAJI JEWELLERY SUNDERGARH,1,8.4,8.376111111111111,0.0,0,Ignore
MathliMDH_MTH Chalanguda,2,8.4,8.36486111111111,0.0,0,Ignore
Morbi,2,8.4,8.418333333333333,0.0,1,Ignore
"Bangalore Rural, Karnataka, IN",2,8.4,8.39027777777778,0.0,1,Ignore
Babita store NEW DELHI,1,8.3,8.330277777777777,0.0,0,Ignore
Jalpaiguri Hub Jalpaiguri,1,8.3,8.307222222222222,0.0,0,Ignore
Namah Shivay General Store LUCKNOW,1,8.3,8.262222222222222,0.0,0,Ignore
Banti Podh SAMBALPUR,1,8.3,8.263055555555555,0.0,0,Ignore
CABTCoochbeharSplitODH_COB Mathabhanga,2,8.3,8.287638888888889,0.0,0,Ignore
"NAVI MUMBAI, Maharashtra, IN",28,8.3,5.729722222222223,7.1,1,Prioritize for Clearing
TOWN ETAIL PROCESSING UNI,367,8.3,2.966666666666667,6.0,0,Ignore
Harkishan kirana FARIDABAD,1,8.3,8.255,0.0,0,Ignore
RajkotVavadiHUb_VAV Rajkot,8,8.3,5.201805555555556,12.5,0,Ignore
M.I Enterprise JAMNAGAR,3,8.3,9.496944444444445,0.0,0,Ignore
SarangarhMDH_SGH Sarangarh,1,8.3,8.3275,0.0,0,Ignore
YamunaVihar Hub Delhi,17,8.3,8.2075,0.0,0,Ignore
Rajamanikam Tea stall SALEM,1,8.3,8.300833333333333,0.0,0,Ignore
Gupta mobile  World PHAGWARA,1,8.3,8.346388888888889,0.0,0,Ignore
PASCHIM VIHAR,59,8.3,7.366666666666667,5.1,0,Ignore
VIJAYNAGAR EXPANSION,1,8.3,8.266666666666667,0.0,0,Ignore
"JAIPUR, RAJASTHAN, IN",43,8.3,6.627777777777778,2.3,0,Ignore
"New Delhi, New Delhi, IN",1,8.3,8.265277777777778,0.0,0,Ignore
"Darbhanga, BIHAR, IN",6,8.3,4.706944444444445,0.0,0,Ignore
"VINUKONDA, ANDHRA PRADESH, IN",4,8.3,8.427083333333332,0.0,0,Ignore
DanapurHub_DNR Danapur,2,8.3,8.305138888888889,0.0,0,Ignore
Motherhub_GUW Guwahati,12,8.3,5.966111111111111,0.0,0,Ignore
HASHIR M HOME TIRUR,1,8.3,8.32611111111111,0.0,0,Ignore
FB store NEW DELHI,1,8.3,8.3175,0.0,0,Ignore
Son and W NASHIK,1,8.2,8.177222222222222,0.0,0,Ignore
VirudhunagarHub_VIR Virudhunagar,1,8.2,8.172777777777778,0.0,0,Ignore
LoadshareBudgeBudgeODH_KOL Budge Budge,1,8.2,8.249722222222223,0.0,0,Ignore
Malur,902,8.2,0.4194444444444444,9.8,24,Prioritize for Clearing
MolakkalmuruHub_MOMU Molakalmuru,1,8.2,8.187777777777777,0.0,0,Ignore
Parveen Shop HISAR,1,8.2,8.167222222222222,0.0,0,Ignore
TenkasiHub_TVL tenkasi,2,8.2,8.165,0.0,0,Ignore
MundraHub_MUD Mundra,1,8.2,8.205277777777777,0.0,0,Ignore
Srikanth water supply BANGALORE,1,8.2,8.21111111111111,0.0,0,Ignore
KALIACHAK,4,8.2,8.271944444444443,0.0,1,Ignore
Varsha coaching center AJMER,1,8.2,8.222222222222221,0.0,0,Ignore
IdentifyPlusNahanMDH_NHN Nahan,1,8.2,8.173055555555555,0.0,0,Ignore
Kunal Garments ROHTAK,1,8.2,8.151666666666667,0.0,0,Ignore
SASKundapurODH_KND,1,8.2,8.248333333333333,0.0,0,Ignore
Harish Kirana GREATER NOIDA,2,8.2,8.21513888888889,0.0,0,Ignore
"AJNALA, PUNJAB, IN",3,8.2,2.5475,0.0,0,Ignore
TTSPLKodaikanalODH_KDI Kodaikanal,2,8.2,8.189444444444444,0.0,0,Ignore
"BBN/RTO, Bhubaneswar, ORISSA",2,8.2,8.218472222222221,0.0,0,Ignore
Kolarhub_BHO Madhya Pradesh,8,8.2,7.385833333333333,0.0,0,Ignore
ElasticRunMallarpurODH_RPH Mallarpur,1,8.1,8.139166666666666,0.0,0,Ignore
Alwar Hub Alwar,3,8.1,7.861111111111111,0.0,0,Ignore
Shivpuri,11,8.1,6.903888888888889,0.0,0,Ignore
VadavalliHub_CJB Coimbatore,6,8.1,8.817083333333333,0.0,0,Ignore
PRAYAGRAJ (PRGN),2,8.1,8.077777777777778,0.0,1,Ignore
Arzoo Irfan shaikh MUMBAI,1,8.1,8.138055555555555,0.0,0,Ignore
KothrudHub_PUNE Pune,3,8.1,6.6819444444444445,0.0,0,Ignore
Merin HOME KOTTAYAM,1,8.1,8.118611111111111,0.0,0,Ignore
Merta,6,8.1,7.184722222222222,0.0,4,Prioritize for Clearing
NuzividuHub_NZV Nuzividu,1,8.1,8.105,0.0,0,Ignore
"Dakshina Kannada, Karnataka, IN",4,8.1,8.137083333333333,0.0,0,Ignore
"HBL/HUB, Hubli, KARNATAKA",63,8.1,6.816111111111111,0.0,0,Ignore
ElasticRunSaraipaliODH_SRP Saraipalli,1,8.1,8.117777777777778,0.0,0,Ignore
Faridabad Hub Faridabad,7,8.1,6.175833333333333,14.3,0,Ignore
Rajender singh kirana GAUTAM BUDDHA NAGAR,1,8.1,8.097222222222221,0.0,0,Ignore
ElasticRunAlappadODH_APP Sasthamcotta,1,8.1,8.11361111111111,0.0,0,Ignore
"Koriya, CHHATTISGARH, IN",2,8.1,8.081111111111111,0.0,0,Ignore
AhmedNagar Hub Ahmednagar,3,8.1,8.596111111111112,0.0,0,Ignore
CHINNAMANUR,4,8.1,8.499583333333334,0.0,1,Ignore
Sunny Store NEW DELHI,2,8.1,8.05888888888889,0.0,0,Ignore
Jamshedpur Hub Jamshedpur,1,8.1,8.081666666666667,0.0,0,Ignore
sawant store MUMBAI,1,8.1,8.056666666666667,0.0,0,Ignore
ChhibramauMDH_FRR Farukhabad,2,8.1,8.074722222222222,0.0,0,Ignore
BHUBANESWAR HUB (BBIW),3,8.1,4.287222222222222,0.0,0,Ignore
Rajabazar Hub Patna,1,8.0,7.959444444444444,0.0,0,Ignore
Dwarka Hub Delhi,32,8.0,4.399305555555555,6.3,0,Ignore
Gangtok,2,8.0,8.041666666666668,0.0,0,Ignore
"RTO/BRY, BANGALORE, KARNATAKA",102,8.0,6.166805555555555,4.9,0,Ignore
Zahir kirana Store NADIAD,1,8.0,8.024444444444445,0.0,0,Ignore
"TRP/HUB, Tirupur, TAMIL NADU",1,8.0,7.991944444444444,0.0,0,Ignore
NarasannapeteaHub_SKM Srikakulam,1,8.0,8.019166666666667,0.0,0,Ignore
Hathras,1,8.0,8.011944444444444,0.0,0,Ignore
KestopurODH_KOL Kolkata,3,8.0,9.044722222222223,0.0,0,Ignore
GOA  HUB,182,8.0,6.541666666666666,4.9,9,Prioritize for Clearing
Kirana Balaji Home Store BANGALORE,2,8.0,8.036388888888888,0.0,0,Ignore
Purulia,2,8.0,8.012916666666666,0.0,0,Ignore
BhanjanagarODH_BJN Buguda,1,8.0,8.006666666666666,0.0,0,Ignore
"Yemmiganur, Yemmiganur, ANDHRA PRADESH",3,8.0,6.766666666666667,0.0,1,Ignore
H D Kirana Shop NAGPUR,2,8.0,8.014722222222222,0.0,0,Ignore
Uba naresh babu NIDADAVOLE,1,8.0,8.038333333333334,0.0,0,Ignore
Devi Spray Painting Works BANGALORE,1,8.0,7.9783333333333335,0.0,0,Ignore
PalladamHub_PAM Palladam,2,8.0,8.04375,0.0,0,Ignore
"NAVI MUMBAI, MAHARASHTRA, IN",52,8.0,5.056388888888889,9.6,2,Prioritize for Clearing
KAIBALYA DUTTA CUTTACK,1,8.0,8.008888888888889,0.0,0,Ignore
BHIWANDI - BRT,208,8.0,4.050000000000001,9.6,134,Prioritize for Clearing
"MUMBAI, MAHARASHTRA, IN",108,8.0,4.258194444444444,6.5,0,Ignore
MUDULI STORE PURI,1,8.0,7.986944444444444,0.0,0,Ignore
BobbiliHub_BBL Bobbili,1,8.0,8.010277777777778,0.0,0,Ignore
ParadipHub_PDP Paradip,1,8.0,7.9991666666666665,0.0,0,Ignore
Hindaun H.O,2,8.0,8.048472222222223,0.0,0,Ignore
WHITE FIELD (WTFD),3,8.0,7.8875,0.0,0,Ignore
"GAU/PC1, Guwahati, ASSAM",297,8.0,4.9222222222222225,3.7,2,Prioritize for Clearing
SankarapuramHub_SKP Sankarapuram,3,8.0,7.620277777777778,0.0,0,Ignore
Shadnagar,4,8.0,7.6875,0.0,0,Ignore
Cochin Transport Centre Cochin,32,8.0,5.843333333333334,0.0,0,Ignore
UlhasnagarHub_MUM,1,7.9,7.938888888888889,0.0,0,Ignore
ChalsaMDH_CHL Jalpaiguri,1,7.9,7.925277777777778,0.0,0,Ignore
RAGHUNATH HOME BANGALORE,1,7.9,7.915277777777778,0.0,0,Ignore
Salem Hub Salem,6,7.9,7.797499999999999,0.0,0,Ignore
Mr.Sriwaz NEW DELHI,4,7.9,10.121527777777779,0.0,0,Ignore
MERTA CITY,2,7.9,7.937083333333333,0.0,0,Ignore
SarfabadNoidahub_DEL Noida,9,7.9,8.169722222222223,0.0,0,Ignore
RAHUL WELDING STORE NEW DELHI,2,7.9,7.8566666666666665,0.0,0,Ignore
GudiwadaHub_GDV Gudiwada,2,7.9,7.9087499999999995,0.0,0,Ignore
TanukuHub_TKU Tanuku,2,7.9,7.929444444444444,0.0,0,Ignore
Mannat KHAMGAON,1,7.9,7.896388888888889,0.0,0,Ignore
AgartalaCityODH_IXA Agartala,2,7.9,7.879583333333334,0.0,0,Ignore
PipiliMDH_NMP Puri,1,7.9,7.941944444444444,0.0,0,Ignore
SaketHub_DEL,6,7.9,2.888333333333333,16.7,0,Ignore
TrockoSecunderabadODH_HYD Hyderabad,5,7.9,9.890555555555556,0.0,0,Ignore
IdentifyPlusNarasapuraMDH_KLR Narsapur,1,7.9,7.918611111111111,0.0,0,Ignore
"IDR/HUB, Indore, MADHYA PRADESH",375,7.9,6.173055555555556,4.3,15,Prioritize for Clearing
ArambaghHub_AMB Arambagh,1,7.9,7.9025,0.0,0,Ignore
Maligaon Hub Guwahati,2,7.9,7.8675,0.0,0,Ignore
PENNAKanigiriODH_KGR Kanigiri,2,7.9,7.936111111111111,0.0,0,Ignore
KoundampalayamHub_CJB Coimbatore,5,7.9,7.7875,0.0,0,Ignore
Beed,7,7.9,4.005833333333333,0.0,1,Prioritize for Clearing
ShiralkoppaHub_KPP Shiralkoppa,1,7.9,7.850833333333333,0.0,0,Ignore
Usmaan enterprises MUMBAI,1,7.9,7.88,0.0,0,Ignore
BhandupHub_MUM,2,7.9,7.907916666666667,0.0,0,Ignore
ElasticRunBadlapurODH_BDP Thane,5,7.9,8.811388888888889,0.0,0,Ignore
LoadshareKabuganjODH_IXS Silchar,1,7.9,7.938888888888889,0.0,0,Ignore
Fort Hub Mumbai,1,7.8,7.837777777777778,0.0,0,Ignore
Sanvordem Hub,1,7.8,7.778611111111111,0.0,0,Ignore
SolanHub_SLN Solan,6,7.8,6.246666666666666,0.0,0,Ignore
Aluva Hub Aluva,3,7.8,8.508611111111112,0.0,0,Ignore
Badshahpur Hub Gurgaon,56,7.8,5.226666666666667,5.4,0,Ignore
Basheerbagh Hub Hyderabad,5,7.8,8.382222222222222,0.0,0,Ignore
Begur Hub Bengaluru,1,7.8,7.848888888888889,0.0,0,Ignore
Tejas enterprises KARJAT,1,7.8,7.780277777777778,0.0,0,Ignore
Barkat store MUMBAI,1,7.8,7.773333333333333,0.0,0,Ignore
Gowribidanur,1,7.8,7.8341666666666665,0.0,0,Ignore
Sartaj Store MUZAFFARNAGAR,1,7.8,7.755,0.0,0,Ignore
Asija Associates NEW DELHI,1,7.7,7.731388888888889,0.0,0,Ignore
RohaHub_RHA Roha,1,7.7,7.740833333333334,0.0,0,Ignore
NizampetHub_HYD Nizampet Village,1,7.7,7.7363888888888885,0.0,0,Ignore
FarrukhabadHub_FRR,1,7.7,7.702222222222222,0.0,0,Ignore
Narmada House GWALIOR,1,7.7,7.7363888888888885,0.0,0,Ignore
NARESH OWN HOUSE NALGONDA,1,7.7,7.723055555555556,0.0,0,Ignore
Khopoli Hub Khopoli,1,7.7,7.667222222222223,0.0,0,Ignore
"Kullu, Himachal Pradesh, IN",3,7.7,2.888888888888889,0.0,0,Ignore
SIGMAGorakhpurODH_GRK Gorakhpur,1,7.7,7.66,0.0,0,Ignore
VibhutiKhand Hub,1,7.7,7.674722222222222,0.0,0,Ignore
BORDIWALA HOUSE BHARUCH,1,7.7,7.7125,0.0,0,Ignore
JakkasandraEightyfeetHub_BLR Bengaluru,3,7.7,8.235277777777778,0.0,0,Ignore
MAHAIPALPUR HUB,116,7.7,5.966666666666667,1.7,7,Prioritize for Clearing
Gondal,7,7.7,5.5119444444444445,0.0,1,Prioritize for Clearing
AmadalavalasaHub_SKM SRIKAKULAM,1,7.7,7.683611111111111,0.0,0,Ignore
Yalamarthi Store RAJAHMUNDRY,1,7.7,7.661944444444444,0.0,0,Ignore
PonnurHub_PNR Ponnur,2,7.7,7.675694444444445,0.0,0,Ignore
ALTAF UPNAGAR NASHIK,1,7.7,7.704166666666667,0.0,0,Ignore
"BHUBANESWAR, ODISHA, IN",2,7.7,7.675833333333333,0.0,0,Ignore
Mahuwa,1,7.7,7.707222222222223,0.0,1,Ignore
ICFAIHub_DEL,9,7.7,0.7916666666666666,11.1,0,Ignore
VazhakulamOSH_VAZ Vazhakulam,3,7.7,7.388888888888889,0.0,0,Ignore
Matigara Hub Siliguri,2,7.7,7.743194444444445,0.0,0,Ignore
JEEDIMETLA PUD CENTRE,3,7.7,3.2666666666666666,0.0,0,Ignore
RamachandrapuramHub_MDP Mandapeta / Ramachandrapuram,3,7.7,7.454444444444444,0.0,0,Ignore
SHEIK Home VILLUPURAM,1,7.7,7.7058333333333335,0.0,0,Ignore
NagarRoad Hub Pune,10,7.7,6.616388888888889,0.0,0,Ignore
BasugaonMDH_KOJ Basugaon,1,7.7,7.696111111111111,0.0,0,Ignore
Bhachau,2,7.7,7.707222222222223,0.0,2,Ignore
KOCHIN MINI HUB,265,7.7,5.1,6.8,24,Prioritize for Clearing
"JORETHANG, SIKKIM, IN",1,7.7,7.7155555555555555,0.0,0,Ignore
BhiwadiHub_DHR Bhiwadi,1,7.7,7.745,0.0,0,Ignore
KalpakkamHub_CHN Tiruporur,1,7.7,7.724166666666667,0.0,0,Ignore
AnnapurnaWaidhanODH_WDN Waidhan,1,7.7,7.746111111111111,0.0,0,Ignore
"AMD/HUB, Ahmedabad, GUJARAT",568,7.7,6.012638888888889,1.4,11,Prioritize for Clearing
KosiKalanHub_KSK Kosi Kalan,2,7.6,7.595694444444444,0.0,0,Ignore
AlandiHub_PUNE Pune,7,7.6,6.389444444444444,14.3,1,Prioritize for Clearing
"Tirupattur, TAMILNADU, IN",1,7.6,7.562222222222222,0.0,0,Ignore
ElasticRunSewriODH_MUM Mumbai,5,7.6,4.151666666666666,0.0,0,Ignore
DommasandraSplitODH_DMN Bangalore,4,7.6,8.992222222222221,0.0,0,Ignore
GanganagarHub_BLR BANGALORE,2,7.6,7.604861111111111,0.0,0,Ignore
KhamgaonHub_KMG Khamgaon,1,7.6,7.6194444444444445,0.0,0,Ignore
Sintu store GURGAON,1,7.6,7.5680555555555555,0.0,0,Ignore
LoadshareShahjahanpurODH_SJP Shahjahanpur,1,7.6,7.595555555555555,0.0,0,Ignore
BagepalliHub_BPL Bagepalli,2,7.6,7.623472222222222,0.0,0,Ignore
"Rajahmundry, Andhra Pradesh, IN",2,7.6,7.601944444444444,0.0,0,Ignore
SukmaHub_SUK jashpur,1,7.6,7.6338888888888885,0.0,0,Ignore
HAMIRPUR HP - HMM,1,7.6,7.616666666666667,0.0,0,Ignore
DEL ETAIL HUB,16,7.6,2.6833333333333336,6.3,2,Prioritize for Clearing
PuriHub_PUR Puri,1,7.6,7.623888888888889,0.0,0,Ignore
"MAA/PC1, Chennai, TAMIL NADU",859,7.6,6.815277777777778,1.7,8,Prioritize for Clearing
SiddagangaHub_TKR Tumkur,5,7.6,8.235833333333334,0.0,0,Ignore
"Mandawa, Mandawa, RAJASTHAN",2,7.6,7.612916666666668,0.0,2,Ignore
MATHURA,14,7.6,7.616666666666667,0.0,0,Ignore
YellamanchiliHub_YLM vishakhapatnam,1,7.6,7.571111111111111,0.0,0,Ignore
Chakan,2,7.6,7.626805555555555,0.0,0,Ignore
Thanjavur Hub,2,7.6,7.61888888888889,0.0,0,Ignore
YOGENDRASINH KIRANA GANDHINAGAR,2,7.6,7.574027777777777,0.0,0,Ignore
BarbilHub_BBN Barbil,1,7.6,7.596666666666667,0.0,0,Ignore
RaiganjHub_RGJ Raiganj,4,7.6,8.187777777777779,0.0,0,Ignore
AmaravathiroadHub_AMT Sitaramnagar,10,7.6,7.251388888888889,0.0,0,Ignore
Ernakulam Hub Ernakulam,7,7.6,5.232222222222222,14.3,0,Ignore
Prateek NEW DELHI,1,7.6,7.595277777777778,0.0,0,Ignore
WarangalHub_WGL Warangal,3,7.5,7.546944444444445,0.0,0,Ignore
Nagariya kitchen JHANSI,1,7.5,7.4527777777777775,0.0,0,Ignore
CHODAVARAMHUB_CHD Chodavaram,2,7.5,7.507083333333334,0.0,0,Ignore
LargeLogicThovalaiODH_THV,2,7.5,7.524166666666667,0.0,0,Ignore
"HASSAN, Karnataka, IN",5,7.5,3.1438888888888887,0.0,0,Ignore
VirajpetHub_VRJ Virajpet,1,7.5,7.503333333333333,0.0,0,Ignore
Dindigul Hub Dindigul,1,7.5,7.490555555555556,0.0,0,Ignore
Raj traders KANPUR,1,7.5,7.490277777777778,0.0,0,Ignore
"Srikakulam, ANDHRA PRADESH, IN",2,7.5,7.531388888888889,0.0,0,Ignore
"NEW DELHI, DELHI, IN",561,7.5,5.5925,2.3,8,Prioritize for Clearing
MisrouteHub_BLR Bangalore,1,7.5,7.4880555555555555,0.0,0,Ignore
RayachotiHub_RYC Rayachoti,1,7.5,7.529722222222222,0.0,0,Ignore
kandukur,2,7.5,7.527083333333334,0.0,0,Ignore
"Chennai, Tamilnadu, IN",103,7.5,3.2416666666666667,8.7,3,Prioritize for Clearing
Eluru,3,7.5,7.2225,0.0,0,Ignore
Visakhapatnam Hub Vishakapatnam,9,7.5,4.773611111111111,11.1,0,Ignore
ElasticRunGaurellaODH_GLA Gaurella,1,7.5,7.517222222222222,0.0,0,Ignore
Dhena Fancy THRISSUR,2,7.5,7.541388888888889,0.0,0,Ignore
LudhianaAirportMDH_LUH Ludhiana,2,7.5,7.461805555555555,0.0,0,Ignore
BLRH,8056,7.5,4.520694444444445,4.5,93,Prioritize for Clearing
Saibaba kiranam NIZAMABAD,1,7.5,7.5275,0.0,0,Ignore
TTSPLMalerkotlaODH_MLK Malerkotla S.O,1,7.5,7.471388888888889,0.0,0,Ignore
DhampurHub_DHM DHAMPUR,4,7.5,2.6766666666666667,0.0,0,Ignore
RAJAHMUNDHRY HUB,82,7.5,5.133333333333333,2.4,0,Ignore
"Lonavala, MAHARASHTRA, IN",9,7.5,1.6230555555555557,0.0,0,Ignore
BhindHub_BND Bhind,1,7.5,7.484444444444445,0.0,0,Ignore
MayurViharHub_DEL Delhi,7,7.5,4.516388888888889,0.0,1,Prioritize for Clearing
SITICSNagapattinamODH_NGP Nagapattinam,2,7.5,7.494861111111111,0.0,0,Ignore
COIMBATORE HUB,419,7.5,5.816666666666666,2.4,17,Prioritize for Clearing
"HYD/IB1, Hyderabad, TELANGANA",834,7.5,6.512083333333333,1.3,23,Prioritize for Clearing
"HYD/LH1, Hyderabad, TELANGANA",809,7.5,6.5216666666666665,2.5,19,Prioritize for Clearing
"Chotila, Surendranagar, GUJARAT",2,7.4,7.419722222222221,0.0,1,Ignore
ChhatarpurHub_DEL,2,7.4,7.427777777777778,0.0,0,Ignore
RambaghHub_RMB Allahabad,3,7.4,7.302222222222222,0.0,0,Ignore
"Sangamner, MAHARASHTRA, IN",1,7.4,7.395,0.0,0,Ignore
IdentifyplusHingoliODH_HIN Hingoli,3,7.4,6.176388888888889,0.0,0,Ignore
Dipankar Rajkhowa SIBSAGAR,1,7.4,7.394166666666667,0.0,0,Ignore
SITICSTarnTaranODH_TRN Amritsar,1,7.4,7.445,0.0,0,Ignore
VZG WAREHOUSE,29,7.4,7.566666666666666,3.4,1,Prioritize for Clearing
ElasticRunBaidyabatiODH_BAE Chandannagar,1,7.4,7.407222222222222,0.0,0,Ignore
Anpara,2,7.4,7.388055555555555,0.0,0,Ignore
TiruparapuMDH_MTM Kanyakumari,1,7.4,7.380277777777778,0.0,0,Ignore
ITPL Hub Bengaluru,5,7.4,3.736388888888889,0.0,0,Ignore
Maurya gernal store NEW DELHI,1,7.4,7.42,0.0,0,Ignore
ManikChowkHub_JHS Jhansi,2,7.4,7.370694444444444,0.0,0,Ignore
Trimulgherry Hub Hyderabad,7,7.4,8.594444444444445,0.0,0,Ignore
BurariHub_DEL Delhi,5,7.4,7.323611111111111,0.0,0,Ignore
MetpallyHub_MTP Metpally,1,7.4,7.3886111111111115,0.0,0,Ignore
Hindupur,3,7.4,9.078611111111112,0.0,0,Ignore
DahejHub_DAJ Dahej,1,7.4,7.405833333333334,0.0,0,Ignore
A.K. ENTERPRISES LUCKNOW,1,7.4,7.4375,0.0,0,Ignore
NehruPlaceHub_DEL Delhi,55,7.4,6.4447222222222225,0.0,0,Ignore
GUNTUR TRANSIT HUB,55,7.4,6.766666666666667,1.8,1,Prioritize for Clearing
Anil Gond kirana store FAIZABAD,1,7.4,7.393888888888889,0.0,0,Ignore
"KARWAR, KARNATAKA, IN",1,7.4,7.380277777777778,0.0,0,Ignore
KatargaamHub_STV Surat,5,7.4,5.460833333333333,0.0,0,Ignore
HattiGoldHub_HGH HattiGoldMines,1,7.4,7.358888888888889,0.0,0,Ignore
Maharajpurahub_GWL Maharajpur,1,7.4,7.3825,0.0,0,Ignore
"Bangalore, KA, IN",70,7.4,3.6516666666666664,8.6,7,Prioritize for Clearing
Geeta services KANPUR,1,7.4,7.359444444444445,0.0,0,Ignore
DewasHub_DWS Dewas,2,7.4,7.352916666666667,0.0,0,Ignore
"DANTEWADA, CHHATTISGARH, IN",1,7.4,7.374444444444444,0.0,0,Ignore
Raj store BANSWARA,1,7.4,7.373333333333333,0.0,0,Ignore
Prajapati services KANPUR,1,7.4,7.375277777777778,0.0,0,Ignore
TIRUPUR HUB,89,7.4,5.65,3.4,4,Prioritize for Clearing
BhalukpongMDH_BKP Bhalukpong,1,7.4,7.3677777777777775,0.0,0,Ignore
"JABALPUR, MADHYA PRADESH, IN",3,7.3,6.75,0.0,0,Ignore
UrgaMDH_URG Korba,1,7.3,7.3275,0.0,0,Ignore
NilambureHub_NJB Nilambure,3,7.3,8.699444444444444,0.0,0,Ignore
JASHIPURMDH_JSP Jashipur,1,7.3,7.264722222222222,0.0,0,Ignore
JaydevNagar Hub Mysore,2,7.3,7.330694444444445,0.0,0,Ignore
SullurpetaHub_SLP NAIDUPETA,5,7.3,7.061388888888889,0.0,0,Ignore
ShorapurHub_SUR Shorapur,2,7.3,7.329027777777778,0.0,0,Ignore
IlkalHub_IKL Ilkal,1,7.3,7.281666666666666,0.0,0,Ignore
MandiHub_MNI Mandi,3,7.3,6.935555555555555,0.0,0,Ignore
BAREJA EPU,1668,7.3,5.791666666666666,1.9,3,Prioritize for Clearing
NanjangudHub_NUD Nanjangud,1,7.3,7.250555555555556,0.0,0,Ignore
"kolkata, West Bengal, IN",11,7.3,5.67,0.0,0,Ignore
Pollachi Hub Coimbatore,2,7.3,7.3036111111111115,0.0,0,Ignore
Verna Hub Verna,6,7.3,7.861111111111112,0.0,1,Prioritize for Clearing
Taran mobile store NEW DELHI,4,7.3,7.427222222222222,0.0,0,Ignore
JMW-APX SFC ETAIL PUD,86,7.3,6.408333333333333,4.7,0,Ignore
TitwalaHub_TWL TITWALA (Mumbai),2,7.3,7.284166666666667,0.0,0,Ignore
Abhishek dry cleaner VARANASI,1,7.3,7.308888888888889,0.0,0,Ignore
MungerHub_JMP Munger,1,7.3,7.328055555555555,0.0,0,Ignore
Amarjot telecom PATIALA,2,7.3,7.266666666666666,0.0,0,Ignore
TIRUPUR APX/SFC PUD CENTR,2,7.3,7.316666666666666,0.0,0,Ignore
ATHARVA GANESH BHANDAR PUNE,2,7.3,7.315833333333334,0.0,0,Ignore
Varun Kumar kirana GAUTAM BUDDHA NAGAR,1,7.3,7.326944444444444,0.0,0,Ignore
CivilLineHub_JBL Jabalpur,7,7.3,7.002222222222223,0.0,0,Ignore
Creative Market THRISSUR,1,7.3,7.273611111111111,0.0,0,Ignore
SatighatHubSplit_BKR Bankura,1,7.3,7.339166666666666,0.0,0,Ignore
Baran,1,7.2,7.184722222222222,0.0,1,Ignore
Karauli,1,7.2,7.185,0.0,1,Ignore
KalaninagarHub_IDR Indore,4,7.2,8.33388888888889,0.0,0,Ignore
KRPuramHub_BLR Bengaluru,4,7.2,7.722916666666666,0.0,0,Ignore
KoppaHub_KPP Koppa Town,1,7.2,7.2325,0.0,0,Ignore
BaripadaHub_BPO Baripada,1,7.2,7.158888888888889,0.0,0,Ignore
Jalore,1,7.2,7.185,0.0,1,Ignore
pali,1,7.2,7.185,0.0,1,Ignore
GangavathiHub_GVT Gangavathi,3,7.2,6.748055555555555,0.0,0,Ignore
BELRoadHub_BLR Bengaluru,23,7.2,8.30888888888889,0.0,0,Ignore
ganganagar,2,7.2,7.185,0.0,2,Ignore
KukatpallyHubTemp_HYD Hyderabad,4,7.2,7.4776388888888885,0.0,0,Ignore
FarrukhabadHub_FRR Farrukhabad,2,7.2,7.171944444444444,0.0,0,Ignore
MetturHub_MUR Mettur,1,7.2,7.2427777777777775,0.0,0,Ignore
Kovaipudur Hub Coimbatore,2,7.2,7.19375,0.0,0,Ignore
Jagtar communication MOHALI,1,7.2,7.203888888888889,0.0,0,Ignore
Sandeep Boutique HOSHIARPUR,1,7.2,7.218333333333334,0.0,0,Ignore
Amit Kirana Store ROHTAK,1,7.2,7.231388888888889,0.0,0,Ignore
PaontaSahibHub_PAO Paonta Sahib,1,7.2,7.163888888888889,0.0,0,Ignore
"GORAKHPUR, UTTAR PRADESH, IN",12,7.2,5.88111111111111,0.0,0,Ignore
Ibrahim Badusha ( home ) PALAKKAD,1,7.2,7.180555555555555,0.0,0,Ignore
ElasticRunBhawanipurODH_KOL Kolkata,6,7.2,8.669722222222223,0.0,0,Ignore
Pokhran,1,7.2,7.184722222222222,0.0,1,Ignore
MahrajganjHub_MRJ MAHRAJGANJ,1,7.2,7.161666666666667,0.0,0,Ignore
SITARAM KIRANA JAMNAGAR,1,7.2,7.245555555555556,0.0,0,Ignore
ElasticRunPanikoiliODH_JJK Jajpur,1,7.2,7.151944444444444,0.0,0,Ignore
ARVIMDH_ARV Wardha,1,7.2,7.243611111111111,0.0,0,Ignore
Jaisalmer,1,7.2,7.185,0.0,1,Ignore
Trichy Hub Trichy,7,7.2,6.808333333333334,0.0,0,Ignore
UlhasnagarHub_MUM Mumbai,2,7.2,7.230416666666667,0.0,0,Ignore
BirsaMDH_BIR Birsra,1,7.2,7.158333333333333,0.0,0,Ignore
"Bengaluru, Karnataka, IN",22,7.2,4.267777777777778,9.1,1,Prioritize for Clearing
SITICSKaranjiaODH_KRN Karanjia,1,7.2,7.226388888888889,0.0,0,Ignore
AdityapurHub_IXW Jamshedpur,1,7.2,7.165555555555556,0.0,0,Ignore
"BANSIHARI, WEST BENGAL, IN",2,7.2,7.165972222222223,0.0,0,Ignore
RourkelaTownMDH_RRK Rourkela,4,7.2,7.200972222222222,0.0,0,Ignore
KollegalaHub_KLG Kollegala,1,7.2,7.1594444444444445,0.0,0,Ignore
BankiPoreHub_PAT Patna,3,7.2,5.0375,0.0,0,Ignore
SaravanampattiHub_CJB Saravanampatti / Coimbatore,8,7.1,7.23875,0.0,0,Ignore
BASMAT,2,7.1,7.050277777777777,0.0,0,Ignore
Rameshwar mali store BHILWARA,1,7.1,7.086944444444445,0.0,0,Ignore
"HYD/SPT-EHV, Hyderabad, TELANGANA",4,7.1,6.600138888888889,0.0,0,Ignore
KusumgramHub_KSG Kusumgram,2,7.1,7.1194444444444445,0.0,0,Ignore
Pallipalayam Hub Erode,8,7.1,8.102361111111112,0.0,1,Prioritize for Clearing
Jamlani Enterprise JAMNAGAR,1,7.1,7.06,0.0,0,Ignore
ElasticRunVijayawadaSplitODH_VJA2 Vijayawada,4,7.1,8.925833333333333,0.0,0,Ignore
BopalHub_AMD Ahmedabad,18,7.1,5.648333333333333,0.0,0,Ignore
DomlurHub_BLR Bengalore,8,7.1,6.839305555555555,0.0,0,Ignore
"GKP/LH1, Gorakhpur, UTTAR PRADESH",69,7.1,6.709722222222222,0.0,2,Prioritize for Clearing
TadaHub_TDA Sullurpeta,1,7.1,7.140555555555555,0.0,0,Ignore
Harurodh_DMP Harur,1,7.1,7.122222222222222,0.0,0,Ignore
Dheeraj kirana store PATIALA,2,7.1,7.093611111111111,0.0,0,Ignore
GuruvayoorHub_GYO Guruvayoor,1,7.1,7.069444444444445,0.0,0,Ignore
Chetan kirana khaknar KHANDWA,2,7.1,7.096527777777778,0.0,0,Ignore
IdentifyPlusManaliMDH_MNL MANALI,1,7.1,7.068888888888889,0.0,0,Ignore
"AIZAWL, MIZORAM, IN",2,7.1,7.1376388888888895,0.0,0,Ignore
"VPT/SCLM, Visakhapatnam, ANDHRA PRADESH",2,7.1,7.144583333333333,0.0,1,Ignore
Md atik store NEW DELHI,1,7.1,7.110555555555556,0.0,0,Ignore
GootyHub_GTY gooty,1,7.1,7.083611111111111,0.0,0,Ignore
Rajaram Birds shop TUTICORIN,1,7.1,7.108611111111111,0.0,0,Ignore
PrincyAjwaBridgeODH_AJW VADODARA,2,7.1,7.081250000000001,0.0,0,Ignore
BodhanHub_BDN bodhan,1,7.1,7.1275,0.0,0,Ignore
"DNB/HUB, Dhanbad, JHARKHAND",66,7.1,6.279027777777777,1.5,1,Prioritize for Clearing
ShaktinagarMDH_AAA Sonbhadra,1,7.1,7.123055555555555,0.0,0,Ignore
DLFPhase1 Hub Gurgaon,48,7.0,6.406944444444445,2.1,0,Ignore
RamnagarMDH_RNR Narkatiaganj,2,7.0,7.034583333333334,0.0,0,Ignore
MirzapurHub_MZP Mirzapur,1,7.0,6.974722222222222,0.0,0,Ignore
ChandigarhSec38Hub_CHD Mohali,7,7.0,7.072777777777778,0.0,0,Ignore
"Nagpur, Maharashtra, IN",9,7.0,6.696111111111111,0.0,0,Ignore
ChandapurHub_BLR Bangalore,3,7.0,6.996944444444444,0.0,0,Ignore
AnjarHub_ANJ Anjar,9,7.0,5.741388888888889,0.0,0,Ignore
"BDQ/HUB, VADODARA, GUJARAT",139,7.0,4.9030555555555555,0.7,8,Prioritize for Clearing
SrinagarUKHub_SRI SRINAGAR,1,7.0,7.044444444444444,0.0,0,Ignore
SrikakulamHub_SKM Srikakulam,3,7.0,6.12,0.0,0,Ignore
New You Beauty Saloon DEHRADUN,1,7.0,7.027222222222222,0.0,0,Ignore
SitaramNagar Hub Guntur,4,7.0,6.730416666666667,0.0,0,Ignore
LibraODH_LBR Khanna,1,7.0,7.034722222222222,0.0,0,Ignore
JunagarhHub_JNR Junagarh,2,7.0,6.973333333333333,0.0,0,Ignore
Aarav enterprise NAGPUR,3,7.0,7.292777777777777,0.0,0,Ignore
Chalisgaon,2,7.0,7.019027777777778,0.0,0,Ignore
Peddapuram,2,7.0,6.967361111111112,0.0,0,Ignore
RITIKA  MANGESH JADHAV PUNE,1,7.0,7.029166666666667,0.0,0,Ignore
KoppalHub_KPL Koppal,3,7.0,7.146944444444444,0.0,0,Ignore
VxpressNavapurODH_NVP Navapur,1,7.0,6.969722222222222,0.0,0,Ignore
KarelibaghHub_BDQ Vadodara,15,7.0,6.203888888888889,0.0,0,Ignore
ByatarayanapuraHub_BLR Bengaluru,2,7.0,7.049861111111111,0.0,0,Ignore
KarimpurODH_KAR Ludhiana,2,7.0,7.0375,0.0,0,Ignore
"Agra, Uttar Pradesh, IN",2,7.0,7.013194444444444,0.0,0,Ignore
"Delhi, Delhi, IN",2,7.0,6.95625,0.0,0,Ignore
Kiran Niwas SHRIRAMPUR,2,7.0,6.975555555555556,0.0,0,Ignore
Kiran kumar home BANGALORE,1,7.0,7.026666666666666,0.0,0,Ignore
Darshana Jagannath Mhatre TARAPUR,3,7.0,7.8375,0.0,0,Ignore
ZALA HOME JETPUR,1,7.0,6.99,0.0,0,Ignore
Cuttack Hub,1,7.0,7.045833333333333,0.0,0,Ignore
Kalamb,4,6.9,6.898194444444445,0.0,0,Ignore
MangawanMDH_MGN Mangawan,1,6.9,6.938611111111111,0.0,0,Ignore
KONCH,2,6.9,6.883472222222222,0.0,0,Ignore
"MANIPAL, KARNATAKA, IN",10,6.9,3.908888888888889,10.0,2,Prioritize for Clearing
Birbhum,1,6.9,6.917222222222223,0.0,0,Ignore
OldTownHub_BBI BHUBANESWAR,3,6.9,8.165555555555555,0.0,0,Ignore
SWATI KAGDA NALLASOPARA,1,6.9,6.915,0.0,0,Ignore
AMDH,10989,6.9,4.3902777777777775,6.2,117,Prioritize for Clearing
ChandrakonaHub_CDR Chandrakona,1,6.9,6.909722222222222,0.0,0,Ignore
ByatarayanapuraHub_BLR,1,6.9,6.92,0.0,0,Ignore
PathsalaHub_PBL Pathsala,1,6.9,6.868055555555555,0.0,0,Ignore
Panvel Hub Mumbai,9,6.9,6.886666666666667,0.0,0,Ignore
PavgadaHub_PVG Pavagada,1,6.9,6.8566666666666665,0.0,0,Ignore
ElasticRunMankapurODH_MAN Nagpur,2,6.9,6.912916666666667,0.0,0,Ignore
"BLR/IB1, BANGALORE, KARNATAKA",1171,6.9,5.896944444444444,0.8,8,Prioritize for Clearing
Bhokar,1,6.9,6.8725,0.0,0,Ignore
PaharganjHub_DEL Delhi,12,6.9,6.109166666666667,0.0,0,Ignore
Upadhyay kirana UDHAM SINGH NAGAR,2,6.9,6.91611111111111,0.0,0,Ignore
RajanagaramHub_RJY RAJAHMUNDRY,1,6.9,6.851111111111111,0.0,0,Ignore
KalolHub_GAN Gandhinagar,1,6.9,6.929444444444444,0.0,0,Ignore
RJSCMatigaraSplitODH_IXB Matigara,1,6.9,6.9302777777777775,0.0,0,Ignore
SouthtukoganjHub_IDR Indore,6,6.9,7.787638888888889,0.0,0,Ignore
"CCU/IB1, Kolkata, WEST BENGAL",270,6.9,6.563194444444445,0.4,11,Prioritize for Clearing
KichhaODH_KCH Rudrapur,1,6.9,6.890833333333333,0.0,0,Ignore
Raichur Hub Raichur,6,6.9,7.768055555555556,0.0,0,Ignore
SangareddyHub_SKP Sangareddy,2,6.9,6.9175,0.0,0,Ignore
"GOHPUR, GOHPUR, ASSAM",2,6.9,6.936111111111112,0.0,1,Ignore
TIGER STORE NEW DELHI,2,6.8,6.787777777777778,0.0,0,Ignore
Nirmal AJMER,1,6.8,6.7716666666666665,0.0,0,Ignore
HarinaviHub_KOL Kolkata,2,6.8,6.776250000000001,0.0,0,Ignore
BENGALURU HUB,4433,6.8,4.5,2.4,28,Prioritize for Clearing
IdentifyplusSantRavidasNagarODH_SRN SantRavidasNagar,1,6.8,6.7975,0.0,0,Ignore
VikasnagarHub_VIK Vikasnagar,1,6.8,6.766111111111111,0.0,0,Ignore
AreecodeHub_ARC Areecode,1,6.8,6.8180555555555555,0.0,0,Ignore
Thiruchengodeodh_TCG Thiruchengode,1,6.8,6.769444444444445,0.0,0,Ignore
SantRavidasNagar,4,6.8,6.686111111111112,0.0,0,Ignore
SangrurHub_SNR Sangrur,7,6.8,6.062777777777778,0.0,0,Ignore
"GURUGRAM, HARYANA, IN",726,6.8,6.301388888888889,0.7,0,Ignore
ChemburSplitHub_MUM Mumbai,11,6.8,7.392777777777778,0.0,0,Ignore
BALASUNDAR TIRUNELVELI,1,6.8,6.786666666666667,0.0,0,Ignore
Narikkuni,6,6.8,3.609166666666667,0.0,1,Prioritize for Clearing
"ALIBAG, MAHARASHTRA, IN",1,6.8,6.768055555555556,0.0,0,Ignore
ElasticRunManmadODH_MAN Manmad,2,6.8,6.779444444444445,0.0,0,Ignore
"BANSI, UTTAR PRADESH, IN",4,6.8,7.395972222222222,0.0,0,Ignore
EighthMileHub_BLR Bengaluru,3,6.8,6.917777777777777,0.0,0,Ignore
IndaHub_KGP Kharagpur,2,6.8,6.8284722222222225,0.0,0,Ignore
Jay Bhavani store MUMBAI,3,6.8,8.615833333333333,0.0,0,Ignore
Sapthagiri Hub Tirupati,3,6.8,7.238611111111111,0.0,0,Ignore
KarnprayagMDH_KAR Karnprayag,1,6.8,6.7716666666666665,0.0,0,Ignore
TiruvannamalaiHub_TNN Tiruvannamalai,2,6.8,6.831944444444444,0.0,0,Ignore
NirmalHub_NML Nirmal,2,6.8,6.831111111111111,0.0,0,Ignore
AnnapurnaShajapurODH_SJP Shajapur,2,6.8,6.814166666666667,0.0,0,Ignore
Narwana,2,6.8,6.758472222222222,0.0,0,Ignore
Monu General store GURGAON,1,6.8,6.772222222222222,0.0,0,Ignore
"CCU/PC1, Kolkata, WEST BENGAL",449,6.8,5.471666666666667,0.4,1,Prioritize for Clearing
CABTNasrullaganjODH_NSR Nasrullaganj,1,6.8,6.843333333333334,0.0,0,Ignore
DasnaHub_DEL New Delhi,2,6.8,6.8237499999999995,0.0,0,Ignore
AmeenpurHub_Hyd Hyderabad,1,6.8,6.848888888888889,0.0,0,Ignore
Dalip kumar GURGAON,1,6.8,6.780555555555556,0.0,0,Ignore
KEERTHY KUMAR HOME BANGALORE,1,6.8,6.772777777777778,0.0,0,Ignore
"Amalapuram, ANDHRA PRADESH, IN",1,6.8,6.842777777777778,0.0,1,Ignore
Kolhapur Hub Kolhapur,9,6.8,6.261666666666667,0.0,1,Prioritize for Clearing
Lawspet Hub Pondicherry,7,6.8,7.885555555555555,0.0,1,Prioritize for Clearing
SaidpurHub_SDP Saidpur,1,6.7,6.7155555555555555,0.0,0,Ignore
"MADHUBANI, BIHAR, IN",1,6.7,6.693333333333333,0.0,0,Ignore
"DEL/OKH, Delhi NCR, DELHI",1028,6.7,6.5,0.0,1,Prioritize for Clearing
Sanjay store GURGAON,1,6.7,6.680833333333333,0.0,0,Ignore
PattanMDH_PTN Baramulla,1,6.7,6.730555555555555,0.0,0,Ignore
DELHI CONTINGENCY HU,9003,6.7,5.416666666666667,0.1,229,Prioritize for Clearing
Belgaum Hub Belgaum,8,6.7,7.123472222222222,0.0,0,Ignore
GOPINATH BAZAR HUB,5818,6.7,5.133333333333333,0.3,1,Prioritize for Clearing
PattukkotaiHub_PTT Pattukkottai,2,6.7,6.72638888888889,0.0,0,Ignore
NarkatiaganjHub_NKE Narkatiaganj,1,6.7,6.689722222222223,0.0,0,Ignore
PilibhitHub_PII Pilibhit,1,6.7,6.695833333333333,0.0,0,Ignore
ItanagarHub_ITO Itanagar,1,6.7,6.736111111111111,0.0,0,Ignore
AyoorHub_AYR Kollam,1,6.7,6.686944444444444,0.0,0,Ignore
"Karimnagar, Karimnagar, TELANGANA",35,6.7,5.920277777777778,0.0,1,Prioritize for Clearing
ElasticRunPathalgaonODH_PGN Pathalgaon,1,6.7,6.665,0.0,0,Ignore
HolalkereHub_HLK HOLALKERE,2,6.7,6.692777777777778,0.0,0,Ignore
ElasticrunAmbahODH_AMB Morena,1,6.7,6.714166666666666,0.0,0,Ignore
"Gangtok, Sikkim, IN",3,6.7,4.0088888888888885,0.0,0,Ignore
Twincityhub_hbx Hubli,9,6.7,6.046666666666667,0.0,0,Ignore
ContaiHub_CNT Contai,2,6.7,6.709027777777778,0.0,0,Ignore
DARSHAN L HOME BANGALORE,1,6.7,6.695,0.0,0,Ignore
DharamsalaHub_DMS Dharamsala,4,6.7,6.895416666666667,0.0,0,Ignore
"AJMER, RAJASTHAN, IN",2,6.7,6.682638888888889,0.0,0,Ignore
Gardencityhub_MYS Mysore,1,6.7,6.740555555555556,0.0,0,Ignore
HUBLI WAREHOUSE,341,6.7,5.75,2.9,4,Prioritize for Clearing
ECILHub_HYD Hyderabad,7,6.7,6.5441666666666665,0.0,0,Ignore
BaramkelaHub_BAR,1,6.7,6.746111111111111,0.0,0,Ignore
KishanganjHub_KNE Kishanganj,1,6.7,6.713888888888889,0.0,0,Ignore
HumnabadHub_HMD Humnabad,2,6.7,6.6843055555555555,0.0,0,Ignore
IndirapuramHub_DEL Ghaziabad,14,6.7,5.062361111111111,0.0,0,Ignore
"BENGALURU, KARNATAKA, IN",1095,6.7,5.7725,2.6,23,Prioritize for Clearing
ETASHZuangtuiODH_AJL Aizawl,1,6.7,6.735555555555556,0.0,0,Ignore
CABTNowgangODH_NWG Chhatarpur,1,6.7,6.663888888888889,0.0,0,Ignore
ForbesganjHub_FBG Forbesganj,1,6.7,6.668333333333333,0.0,0,Ignore
Amravati Hub Amravati,10,6.7,7.4101388888888895,0.0,0,Ignore
Gidderbaha,2,6.7,6.6745833333333335,0.0,0,Ignore
Aleeppey Hub Alleppey,3,6.7,7.019722222222223,0.0,0,Ignore
Amalapuram Hub Amalapuram,1,6.7,6.669444444444444,0.0,0,Ignore
ARR enterprise HUZUR,1,6.7,6.689722222222223,0.0,0,Ignore
NainiHub_RMB Rambagh,1,6.7,6.680833333333333,0.0,0,Ignore
MAHADEV ENTERPRISE NEW DELHI,1,6.7,6.7444444444444445,0.0,0,Ignore
PATIL MOBILE SHOPY AMANAPUR SANGLI,1,6.7,6.690277777777778,0.0,0,Ignore
Up store MANJERI,1,6.7,6.7011111111111115,0.0,0,Ignore
KaruvattaHub_KVT Karuvatta,1,6.7,6.707222222222223,0.0,0,Ignore
ThokottuHub_IXE Mangalore,1,6.6,6.641666666666667,0.0,0,Ignore
Chumukedima,1,6.6,6.57,0.0,0,Ignore
BHUBANESWAR W.HOUSE,503,6.6,3.3666666666666667,1.0,8,Prioritize for Clearing
IRFAN KIRANA W26,1,6.6,6.585,0.0,0,Ignore
RewariMDH_REW Rewari Stn,2,6.6,6.645555555555555,0.0,0,Ignore
CalicutHub Calicut,5,6.6,5.620833333333334,0.0,0,Ignore
Somatane Phata Hub Pune,7,6.6,6.246111111111111,0.0,0,Ignore
ALLAGADDAHUB_AGD BANAGANAPALLE,2,6.6,6.580138888888889,0.0,0,Ignore
TindivanamHub_TIN Tindivanam,2,6.6,6.567083333333333,0.0,0,Ignore
MangalagiriHub_MGG Mangalagiri,1,6.6,6.583888888888889,0.0,0,Ignore
COD PROCESSING CENTRE I,2004,6.6,7.775,0.4,0,Ignore
Ambala Hub Ambala,9,6.6,4.894166666666667,0.0,0,Ignore
BhokardanHub_BHK Bhokardan,1,6.6,6.567222222222222,0.0,0,Ignore
KuttichiraOSH_KTC Thrissur,1,6.6,6.627222222222223,0.0,0,Ignore
RaigarhHub_RGH Raigarh,5,6.6,6.921666666666667,0.0,0,Ignore
SherghatiHub_GAY Sherghati,1,6.6,6.6369444444444445,0.0,0,Ignore
KondapurSplitODH_KRD Hyderabad,22,6.6,7.444305555555555,0.0,0,Ignore
NIMIL M KANNUR,2,6.6,6.607777777777778,0.0,0,Ignore
Karimnagar Hub Karimnagar,7,6.6,6.533055555555555,0.0,0,Ignore
TRICHY HUB,194,6.6,6.391666666666667,0.5,7,Prioritize for Clearing
Chembur Hub Mumbai,13,6.6,5.263333333333334,0.0,0,Ignore
Rajvir store GURGAON,1,6.6,6.578611111111111,0.0,0,Ignore
TTSPLKuchamanCityODH_KUC Kuchamancity S.O,1,6.6,6.623611111111111,0.0,0,Ignore
VK kirana KHAMGAON,1,6.6,6.566111111111111,0.0,0,Ignore
Erode Hub Erode,6,6.6,6.375555555555556,0.0,0,Ignore
AdarshNagarHub_DEL Delhi,17,6.6,5.2091666666666665,0.0,0,Ignore
RanaghatHub_RHA,1,6.6,6.637777777777778,0.0,0,Ignore
jagdalpur,2,6.6,6.6231944444444455,0.0,0,Ignore
ChoudwarHMDH_BBI Jagatpur,1,6.6,6.602222222222222,0.0,0,Ignore
BadkalHub_DEL Ballabhgarh,8,6.6,7.584722222222222,0.0,0,Ignore
FKL-LKO_flex,20,6.6,0.0022222222222222222,0.0,0,Ignore
BhawanipurSplitODH_KOL Kolkata,5,6.6,5.8125,0.0,0,Ignore
Banashankari Hub Bengaluru,6,6.6,6.732777777777779,0.0,0,Ignore
Dombivli Hub Mumbai,11,6.6,5.421388888888889,0.0,0,Ignore
"Masirpur, Masirpur, UTTAR PRADESH",2,6.6,6.640972222222223,0.0,1,Ignore
"VPT/HUB, Visakhapatnam, ANDHRA PRADESH",70,6.6,4.550694444444444,0.0,0,Ignore
Davinder kirana LUDHIANA,1,6.6,6.597777777777778,0.0,0,Ignore
Boisar,6,6.6,5.981805555555555,0.0,0,Ignore
ShrirampurHub_SMP Shrirampur,1,6.6,6.626388888888889,0.0,0,Ignore
SUDHIRKUMAR RAMI HIMATNAGAR,1,6.6,6.635277777777778,0.0,0,Ignore
TempleCityHub_IXM Temple city,11,6.5,5.1625,0.0,0,Ignore
KorbaHub_KOR Korba,1,6.5,6.457222222222223,0.0,0,Ignore
Sira,5,6.5,9.564722222222223,0.0,0,Ignore
Bhawanipur Hub Kolkata,5,6.5,6.5575,0.0,0,Ignore
Satish Kirana Store ROHTAK,1,6.5,6.463611111111111,0.0,0,Ignore
Paramathi velur,2,6.5,6.461388888888889,0.0,0,Ignore
JMD kirana store GURGAON,1,6.5,6.5280555555555555,0.0,0,Ignore
ChitradurgaHub_CDR Chitradurga,1,6.5,6.501111111111111,0.0,0,Ignore
MUMBAI HUB,7297,6.5,4.8,1.7,129,Prioritize for Clearing
Love chonde ROHA,1,6.5,6.451944444444444,0.0,0,Ignore
AthaniODH_ATN Belgaum,2,6.5,6.52625,0.0,0,Ignore
Prabhat Road Hub,4,6.5,1.4690277777777778,0.0,0,Ignore
MunigudaHub_GNP koraput,1,6.5,6.490555555555556,0.0,0,Ignore
VAIJAPUR,2,6.5,6.475,0.0,1,Ignore
EGMORE COD PROCESSING,7,6.5,5.216666666666667,0.0,0,Ignore
MuradNagarHub_MDN Murad Nagar,3,6.5,6.995277777777778,0.0,0,Ignore
YernagudemHub_RJY east godavari,1,6.5,6.481388888888889,0.0,0,Ignore
Master Kirana Mallikarjuna BANGALORE,1,6.5,6.517222222222222,0.0,0,Ignore
Dutt Store NEW DELHI,3,6.5,7.6241666666666665,0.0,0,Ignore
Pathan store MUMBAI,1,6.5,6.515833333333333,0.0,0,Ignore
"HYD/PC1, Hyderabad, TELANGANA",467,6.5,5.180833333333333,0.6,2,Prioritize for Clearing
Kudligihub_KDG Kudligi,1,6.5,6.460833333333333,0.0,0,Ignore
Villianurhub_VLN Pudhuchery,2,6.5,6.483472222222222,0.0,0,Ignore
IdappadiHub_IPP Idappadi,3,6.5,5.979166666666667,0.0,0,Ignore
"DEL/RTO, Delhi NCR, DELHI",7,6.5,6.653611111111111,0.0,1,Prioritize for Clearing
NAKODA STORE INDORE,1,6.5,6.545555555555556,0.0,0,Ignore
"New Delhi, Delhi, IN",191,6.5,4.680833333333333,3.7,0,Ignore
GiaipuraOSH_LUH,1,6.5,6.494722222222222,0.0,0,Ignore
DabraHub_DAB Dabra,1,6.5,6.491666666666667,0.0,0,Ignore
RatlamHub_RTM Ratlam,9,6.5,6.871388888888889,0.0,0,Ignore
KanjiramkulamHUB_KKM Trivandrum,1,6.5,6.489166666666667,0.0,0,Ignore
"Ghazipur, UTTAR PRADESH, IN",1,6.5,6.515,0.0,0,Ignore
CHAVARATTIL SUNIL HOME THRISSUR,1,6.5,6.530277777777778,0.0,0,Ignore
BasirhatHub_BSH Basirhat,1,6.5,6.521388888888889,0.0,0,Ignore
TTSPLBaijnathODH_BJN Baijnath,1,6.5,6.546111111111111,0.0,0,Ignore
SultanpurHub_STP Sultanpur,3,6.5,7.6525,0.0,0,Ignore
TTSPLKhundianODH_KHD Jawalamukhi S.O,1,6.4,6.429166666666667,0.0,0,Ignore
JuraupurMDH_BAK Jaunpur,3,6.4,8.94,0.0,0,Ignore
ShamliHub_SHI SHAMLI,7,6.4,3.964722222222222,0.0,0,Ignore
ElasticRunSohnaRoadODH_SHN Gurgaon,4,6.4,0.08833333333333293,25.0,2,Ignore
Kunigal,2,6.4,6.374027777777778,0.0,0,Ignore
ChikkaballapuraHub_CBP Chikkaballapura,1,6.4,6.432777777777778,0.0,0,Ignore
Yadav enterprises MUMBAI,1,6.4,6.43,0.0,0,Ignore
Ratheesh v home ERNAD,1,6.4,6.436944444444444,0.0,0,Ignore
"Jaipur, Rajasthan, IN",5,6.4,5.449722222222222,0.0,0,Ignore
EASY SERVICE SALEM,1,6.4,6.413611111111111,0.0,0,Ignore
KulluHub_KUL Kullu,2,6.4,6.384444444444444,0.0,0,Ignore
Uttar Dinajpur,2,6.4,6.3909722222222225,0.0,0,Ignore
"KUMBAKONAM, TAMILNADU, IN",1,6.4,6.3566666666666665,0.0,0,Ignore
"CCU/IB2, Kolkata, WEST BENGAL",194,6.4,5.995972222222222,0.0,3,Prioritize for Clearing
NoidaKhorahub_DEL New Delhi,8,6.4,6.265416666666667,0.0,0,Ignore
"Hyderabad, Telangana, IN",50,6.4,4.156388888888889,4.0,1,Prioritize for Clearing
IdentifyPlusMulMDH_MUL Mul,2,6.4,6.352916666666667,0.0,0,Ignore
PandharkawdaODH_PKW Pandharkawda,2,6.4,6.434444444444445,0.0,0,Ignore
ElasticRunMasabtankODH_HYD hyderabad,6,6.4,7.437083333333334,0.0,0,Ignore
"DEL/SHB, Ghaziabad, UTTAR PRADESH",918,6.4,5.870972222222222,0.4,1,Prioritize for Clearing
"Singahi, Singahi, UTTAR PRADESH",2,6.4,6.440416666666667,0.0,1,Ignore
"UPH, Lucknow, UTTAR PRADESH",242,6.4,5.353888888888889,0.4,0,Ignore
ElasticRunMandlaODH_MDL Mandla,1,6.4,6.3677777777777775,0.0,0,Ignore
DIBRUGARH HUB,135,6.4,4.483333333333333,3.0,4,Prioritize for Clearing
Vellore Hub Vellore,5,6.4,7.160555555555556,0.0,0,Ignore
Bellandur Hub Bengaluru,14,6.4,5.640416666666667,0.0,0,Ignore
Nagercoil Hub Nagercoil,3,6.4,6.101388888888889,0.0,0,Ignore
VejalpurHub_ADI Ahmedabad,16,6.4,7.00375,0.0,0,Ignore
LoniHub_Pune Pune,6,6.4,6.835277777777778,0.0,0,Ignore
"Dombivli, Maharashtra, IN",16,6.4,2.7063888888888887,6.3,1,Prioritize for Clearing
KahalgaonHub_CLG Kahalgaon,1,6.3,6.313611111111111,0.0,0,Ignore
Mankala Devi THANE,1,6.3,6.255,0.0,0,Ignore
BadaunHub_BUN Badaun,2,6.3,6.344861111111111,0.0,0,Ignore
Mannat collection RAJGARH(BIA),2,6.3,6.273333333333333,0.0,0,Ignore
Chidambaram,2,6.3,6.329305555555555,0.0,0,Ignore
Raj kishor store BOKAJAN,1,6.3,6.266388888888889,0.0,0,Ignore
RanipHub_AMD Ahmedabad,11,6.3,4.634166666666666,9.1,0,Ignore
Ibrar ahmad NEW DELHI,3,6.3,0.6538888888888889,0.0,0,Ignore
ChakkulathukavuHUB_CKU Thiruvalla,2,6.3,6.309861111111111,0.0,0,Ignore
NeyveliHub_NYV Neyveli,3,6.3,4.565555555555556,0.0,0,Ignore
Lingsugur,2,6.3,6.345694444444444,0.0,0,Ignore
KumbakonamHub_TNJ Kumbakonam,2,6.3,6.349027777777778,0.0,0,Ignore
"BIKANER, RAJASTHAN, IN",1,6.3,6.3325,0.0,0,Ignore
SASMadukkaraiODH_MKK Coimbatore,1,6.3,6.349444444444444,0.0,0,Ignore
Kaliyaganj,2,6.3,6.253611111111111,0.0,1,Ignore
AnnapurnaDankuniODH_KOL Hooghly,1,6.3,6.333333333333333,0.0,0,Ignore
BijanbariMDH_BJN Bijanbari,1,6.3,6.324722222222222,0.0,0,Ignore
Saranya Stores COIMBATORE,1,6.3,6.297777777777778,0.0,0,Ignore
Ludhiana Hub Ludhiana,5,6.3,6.839444444444444,0.0,0,Ignore
Ojhar,3,6.3,4.391111111111111,0.0,0,Ignore
Hubli Hub Hubli,7,6.3,8.306111111111111,0.0,0,Ignore
Badshahpur Hub,6,6.3,0.2841666666666667,16.7,0,Ignore
JindHub_JND Jind,2,6.3,6.263888888888889,0.0,0,Ignore
ElasticRunJagachaODH_KOL Howrah,2,6.3,6.274166666666666,0.0,0,Ignore
TTSPLNimbaheraODH_NMB Nimbahera S.O,2,6.3,6.286944444444444,0.0,0,Ignore
RITUPON SAIKIA BOKAKHAT,1,6.3,6.314722222222223,0.0,0,Ignore
Santacruz Hub Mumbai,28,6.3,2.495,3.6,1,Prioritize for Clearing
BRIJESH KUMAR PANDEY NEW DELHI,1,6.3,6.292222222222223,0.0,0,Ignore
"INDORE, MADHYA PRADESH, IN",54,6.3,4.304444444444444,1.9,3,Prioritize for Clearing
MukherjeeNagarHub_DEL Adarshnagar,18,6.3,4.919027777777778,0.0,0,Ignore
BALESWAR,2,6.3,6.335,0.0,0,Ignore
PanrutiHub_PNR Panruti,2,6.3,6.311388888888889,0.0,0,Ignore
VesuHub_STV,4,6.3,1.439861111111111,0.0,0,Ignore
SaroornagarHub_HYD Hyderabad,16,6.3,4.251527777777778,6.3,0,Ignore
DEVAJIT MEDAK NORTH LAKHIMPUR,1,6.2,6.2347222222222225,0.0,0,Ignore
PaliMDH_SJH Pali,2,6.2,6.1930555555555555,0.0,0,Ignore
ElasticRunBhubanODH_BBN Bhuban,2,6.2,6.182916666666666,0.0,0,Ignore
LoadshareCitiCenterODH_DGP Durgapur,4,6.2,5.997916666666667,0.0,0,Ignore
Rena beauty store NEW DELHI,1,6.2,6.153611111111111,0.0,0,Ignore
AmbegaonHub_AMB Ambegaon,2,6.2,6.169027777777778,0.0,0,Ignore
JasolaHub_DEL Delhi,21,6.2,4.959444444444444,0.0,0,Ignore
UthukottaiHub_TRL Tiruvallur,1,6.2,6.1725,0.0,0,Ignore
SompetaHub_SMT srikakulam,1,6.2,6.171388888888889,0.0,0,Ignore
PathankotHub_PHT Pathankot,4,6.2,6.81875,0.0,0,Ignore
SagarpurHub_DEL Delhi,23,6.2,4.496111111111111,4.3,0,Ignore
Akshara jeswani INDORE,1,6.2,6.160277777777778,0.0,0,Ignore
KamanahalliHub_BLR Bengaluru,3,6.2,7.543611111111111,0.0,0,Ignore
Soro,2,6.2,6.174166666666666,0.0,0,Ignore
Madurai Hub Madurai,4,6.2,6.956944444444444,0.0,0,Ignore
Biswanath House KRISHNAGAR,2,6.2,6.2325,0.0,0,Ignore
RavulapalemHub_MDP Mandapeta / Ravulapalem,1,6.2,6.2375,0.0,0,Ignore
"Mahendergarh, Mahendergarh, HARYANA",2,6.2,6.175694444444445,0.0,1,Ignore
Anmol coaching GREATER NOIDA,3,6.2,5.944444444444445,0.0,0,Ignore
BatalaHub_BAA Batala,1,6.2,6.179722222222222,0.0,0,Ignore
Sahibabad Hub Ghaziabad,4,6.2,5.919722222222222,0.0,0,Ignore
dhenkanal,3,6.2,2.693611111111111,0.0,0,Ignore
Khandagiri Hub Bhubaneshwar,2,6.2,6.154305555555556,0.0,0,Ignore
MalumichampattiHub_MUC Malumichampatti,4,6.2,5.729861111111111,0.0,0,Ignore
IrinjalakudaHub_IJK,1,6.2,6.246111111111111,0.0,0,Ignore
DhanpurHub_IXA Agartala,1,6.2,6.151388888888889,0.0,0,Ignore
ImamganjMDH_IMG Gaya,1,6.2,6.245555555555556,0.0,0,Ignore
TTSPLMusiriODH_MSR Musuri,1,6.2,6.185,0.0,0,Ignore
Phase3Noida Hub Delhi,5,6.2,5.0744444444444445,0.0,0,Ignore
DewandighiHub_BDM Burdwan,3,6.2,7.095277777777778,0.0,0,Ignore
VxpressHarmuSplitODH_IXR RANCHI,2,6.2,6.155833333333334,0.0,0,Ignore
CABTMadhubaniSplitODH_MBI Madhubani,1,6.2,6.209444444444444,0.0,0,Ignore
ShadowFaxGhatkoparODH_MUM Mumbai,4,6.2,6.415972222222222,0.0,0,Ignore
CABTMaidanODH_KOL HOWRAH,4,6.2,9.480833333333333,0.0,1,Ignore
Mohammadabad,2,6.2,6.218611111111111,0.0,0,Ignore
GondaHub_GND Gonda,2,6.2,6.183055555555555,0.0,0,Ignore
Katgi,2,6.2,6.173055555555555,0.0,1,Ignore
Abodh Shukla GURGAON,2,6.2,6.189861111111111,0.0,0,Ignore
Ashok kumar NEW DELHI,2,6.2,6.245277777777778,0.0,0,Ignore
Gurgaon Manesar Hub Gurgaon,11,6.2,6.698055555555555,0.0,0,Ignore
Gurrampati Raja Shekar Reddy master kirana KADAPA,1,6.2,6.2380555555555555,0.0,0,Ignore
Pranav fast food HARIDWAR,1,6.2,6.224722222222222,0.0,0,Ignore
MRJHUB_SNG Sangli,1,6.2,6.164166666666667,0.0,0,Ignore
HazratganjHub_LKO Lucknow,4,6.2,6.528194444444445,0.0,0,Ignore
LargeLogicIDPLBalanagarODH_HYD Hyderabad,3,6.2,4.630277777777778,0.0,0,Ignore
PattomHub_TRV Trivandrum,16,6.1,3.3430555555555554,6.3,0,Ignore
Vipul Automobile RUPNAGAR,1,6.1,6.141111111111111,0.0,0,Ignore
MADURAI HUB,273,6.1,4.816666666666666,0.7,20,Prioritize for Clearing
Sethi store NEW DELHI,5,6.1,5.9775,0.0,0,Ignore
JAIPUR ETAIL CENTRE,9,6.1,6.033333333333333,0.0,0,Ignore
Fkl-KalashHRNWB,84,6.1,0.0022222222222222222,2.4,1,Prioritize for Clearing
RAKESH HOME STORE BANGALORE,1,6.1,6.114166666666667,0.0,0,Ignore
BapunagarHub_AMD Ahmedabad,6,6.1,5.478888888888889,0.0,0,Ignore
SadabadMDH_HTH Sadabad,1,6.1,6.065555555555556,0.0,0,Ignore
FKL_Jaipur_BTS,11,6.1,0.0016666666666666668,18.2,0,Ignore
CABTVisakhavalleySplitODH_VTZ Visakhapatnam,7,6.1,5.939444444444445,0.0,0,Ignore
Kanchipuram Hub Kanchipuram,4,6.1,5.780416666666666,0.0,0,Ignore
CABTLaharODH_LHR LAHAR,1,6.1,6.054444444444444,0.0,0,Ignore
MalenaduHub_SMG Shimoga,2,6.1,6.14875,0.0,0,Ignore
BritaniaHub_DEL,5,6.1,0.21861111111111112,0.0,0,Ignore
HolenarsipurHub_HLN Kote Holenarsipura,3,6.1,5.959444444444444,0.0,0,Ignore
"Gangajalghati, Bankura, WEST BENGAL",2,6.1,6.130972222222221,0.0,1,Ignore
ChandraSekharpur Hub Bhubaneshwar,2,6.1,6.102222222222222,0.0,0,Ignore
Mehkar,1,6.1,6.1402777777777775,0.0,0,Ignore
ShadowFaxJulanaODH_JND Jhulana,1,6.1,6.0633333333333335,0.0,0,Ignore
Hosadurga,4,6.1,6.055833333333334,0.0,0,Ignore
"CCU/HUB, Kolkata, WEST BENGAL",422,6.1,4.746666666666666,0.0,1,Prioritize for Clearing
KuruppampadyHub_KPM Cochin,1,6.1,6.0569444444444445,0.0,0,Ignore
MOHD ADIL NEW DELHI,4,6.1,6.227361111111112,0.0,0,Ignore
GayaSplitHub2_GAY Gaya,1,6.1,6.069166666666667,0.0,0,Ignore
ekl-Medchal,13,6.1,0.0016666666666666668,7.7,1,Prioritize for Clearing
LekhrajMarketHub_LKO Lucknow,3,6.1,8.466944444444444,0.0,0,Ignore
KuppamHub_KPM Kuppam,1,6.1,6.1033333333333335,0.0,0,Ignore
BarraHub_KNU Kanpur,2,6.1,6.109305555555556,0.0,0,Ignore
Solapur Hub Solapur,10,6.1,5.957916666666666,0.0,0,Ignore
Hanamkonda Hub Warangal,9,6.1,8.203055555555556,0.0,1,Prioritize for Clearing
KavaliHub_KVL Kavali,2,6.1,6.091111111111111,0.0,0,Ignore
BijwasanHub_DEL New Delhi,7,6.1,4.613611111111111,0.0,0,Ignore
"GREATER NOIDA, UTTAR PRADESH, IN",12,6.1,2.3158333333333334,16.7,0,Ignore
Ram prasad kirana store FATEHPUR,1,6.1,6.101944444444444,0.0,0,Ignore
RamgarhHub_RMT Ramgarh,1,6.1,6.116944444444444,0.0,0,Ignore
DAHANU,9,6.1,5.486111111111111,0.0,0,Ignore
Sudam mallick BERHAMPUR,1,6.1,6.05,0.0,0,Ignore
"PANCHGANI, MAHARASHTRA, IN",1,6.1,6.1097222222222225,0.0,0,Ignore
Mowa Hub Raipur,9,6.1,5.101388888888889,0.0,0,Ignore
RJSCMatigaraSplitODH_IXB2 Naxalbari,1,6.1,6.064722222222223,0.0,0,Ignore
"BOM/DSR-EHV, Mumbai, MAHARASHTRA",12,6.1,5.508333333333333,0.0,0,Ignore
ElasticRunSambalpurSplitODH_SBP Sambalpur,5,6.0,7.350555555555555,0.0,0,Ignore
NanitalroadHub_HWI Haldwani,1,6.0,6.0225,0.0,0,Ignore
ShaktiODH_SHA Raigarh,2,6.0,6.004722222222222,0.0,0,Ignore
ChiralaHub_CLX Chirala,5,6.0,8.100833333333334,0.0,1,Prioritize for Clearing
Gandhidham Hub Gandhidham,7,6.0,5.9975,0.0,0,Ignore
ShadowFaxBabinaODH_JHS Babina,1,6.0,5.957222222222223,0.0,0,Ignore
NawadahHub_NWD Nawada,2,6.0,5.954444444444444,0.0,0,Ignore
MalaPuram Hub Malappuram,4,6.0,8.445277777777779,0.0,1,Ignore
SukaMDH_HWI Nainital,1,6.0,5.963611111111111,0.0,0,Ignore
ArmoorHub_ARM Nizamabad,1,6.0,5.9816666666666665,0.0,0,Ignore
MangolpuriHub_DEL Delhi,22,6.0,4.630138888888888,0.0,0,Ignore
"KOZHENCHERY, KERALA, IN",2,6.0,5.953888888888889,0.0,0,Ignore
Virar Hub Virar,6,6.0,5.190555555555555,0.0,0,Ignore
Jalandhar Hub,3,6.0,0.1975,0.0,0,Ignore
SOUKYA ETAIL CPU,12,6.0,6.666666666666667,0.0,0,Ignore
IdentifyplusBramhapuriODH_BHP bramhapuri,1,6.0,5.950555555555556,0.0,0,Ignore
"NAGPUR, MAHARASHTRA, IN",92,6.0,3.353472222222222,2.2,2,Prioritize for Clearing
"DEL/WDL, Delhi NCR, DELHI",1467,6.0,5.621666666666667,0.1,7,Prioritize for Clearing
NidadavoleHub_RJY Rajahmundary,1,6.0,5.950833333333334,0.0,0,Ignore
AnakapalliHub_AKP Anakapalli,2,6.0,6.035,0.0,0,Ignore
Raj Chauhan Store NEW DELHI,1,6.0,5.979166666666667,0.0,0,Ignore
"Amritsar, Punjab, IN",11,6.0,2.486388888888889,9.1,0,Ignore
KUMMARI RAVI MASTER KIRANA NIZAMABAD,1,6.0,5.988611111111111,0.0,0,Ignore
CABTBokaroODH_BKO Bokaro,2,6.0,5.976111111111111,0.0,0,Ignore
Solutions Point NEW DELHI,1,6.0,6.002222222222223,0.0,0,Ignore
ConnectIndiaEntallyODH_KOL Kolkata,2,6.0,6.006666666666668,0.0,0,Ignore
MuvattupuzhaHub_MVA Thodupuzha,4,6.0,5.9181944444444445,0.0,0,Ignore
"Guntur, Andhra Pradesh, IN",10,6.0,4.7226388888888895,0.0,0,Ignore
CABTBangchatraODH_BAN Coochbehar,4,6.0,7.845138888888888,0.0,0,Ignore
Mau,4,6.0,7.15625,0.0,0,Ignore
RAJESH GENERAL STORE NEW DELHI,1,6.0,5.986111111111111,0.0,0,Ignore
AmberpetHub_HYD Hyderabad,6,6.0,6.6184722222222225,0.0,0,Ignore
Salkia Hub Kolkata,2,6.0,5.984305555555554,0.0,0,Ignore
VEJALPUR,1,6.0,5.992222222222222,0.0,0,Ignore
"Ongole, Andhra Pradesh, IN",3,6.0,8.207777777777778,0.0,0,Ignore
Kilokari Hub Delhi,7,6.0,7.366666666666667,0.0,0,Ignore
ParippallyHub_QLN Parippally,1,6.0,6.011666666666667,0.0,0,Ignore
SITICSKhadoorSahibMDH_KDS Gurdaspur,1,6.0,5.991388888888889,0.0,0,Ignore
ElasticrunPadmaraonagarODH_HYD Hyderabad,9,6.0,6.641666666666667,0.0,0,Ignore
Vanshika Enterprise DEHRADUN,1,6.0,5.963888888888889,0.0,0,Ignore
Bala Ji Trading company KHUTAR,2,6.0,6.031666666666666,0.0,0,Ignore
RampurUPMDH_RMP Rasulaha,1,6.0,6.015555555555555,0.0,0,Ignore
Airport Hub Bengaluru,15,6.0,4.948055555555555,0.0,0,Ignore
"CAR/HUB, Chandigarh, CHANDIGARH",154,6.0,5.707222222222223,0.6,3,Prioritize for Clearing
TumsarHub_TMS Tumsar,2,6.0,5.986111111111111,0.0,0,Ignore
IdentifyplusPannaODH_PNA Panna,3,6.0,7.674722222222222,0.0,0,Ignore
Devarasugur,2,5.9,5.878333333333333,0.0,0,Ignore
MurukambattuHub_COR Chittoor,1,5.9,5.9,0.0,0,Ignore
VKIA Hub Jaipur,5,5.9,5.857777777777778,0.0,0,Ignore
COD PROCESSING CENTRE III,2215,5.9,4.616666666666667,2.9,1,Prioritize for Clearing
OsmanabadHub_OMB Osmanabad,1,5.9,5.858888888888889,0.0,0,Ignore
WHF APX/SFC PUD CENTRE,56,5.9,2.3083333333333336,5.4,0,Ignore
LaxmiNagarHUB_DEL Delhi,28,5.9,6.198333333333333,0.0,3,Prioritize for Clearing
IdentifyPlusVidyanagarODH_BHO Mandideep,1,5.9,5.940277777777778,0.0,0,Ignore
CABTGautamnagarODH_BBI Bhubaneswar,1,5.9,5.869722222222222,0.0,0,Ignore
SulurHub_CJB Coimbatore,2,5.9,5.923055555555555,0.0,0,Ignore
YemmiganurHub_YMN ADONI,1,5.9,5.909166666666667,0.0,0,Ignore
TTSPLKhedbrahmaODH_KDB KHEDBRAHMMA,1,5.9,5.887777777777778,0.0,0,Ignore
DelFastNarsingiODH_HYD Hyderabad,5,5.9,5.929166666666667,0.0,0,Ignore
CABTBandaODH_BND BANDA,2,5.9,5.881388888888889,0.0,0,Ignore
IndapurHub_IND Indapur,3,5.9,5.470833333333333,0.0,0,Ignore
Porvorim Hub Porvorim,3,5.9,5.910277777777778,0.0,0,Ignore
"PNQ/HUB, PUNE, MAHARASHTRA",408,5.9,5.195555555555556,1.2,0,Ignore
DalhousieHub_KOL Kolkata,4,5.9,6.338333333333333,0.0,0,Ignore
Tirupur Hub Tirupur,8,5.9,6.579444444444444,0.0,0,Ignore
Macherla,1,5.9,5.900277777777778,0.0,0,Ignore
Trissur Hub Thrissur,7,5.9,6.166666666666667,0.0,0,Ignore
RJSCAaloODH_AAL Aalo,4,5.9,5.257916666666667,0.0,0,Ignore
AMBADATHU HOUSE THRISSUR,2,5.9,5.854583333333333,0.0,0,Ignore
TihidiHub_BHC BHADRAK,1,5.9,5.943333333333333,0.0,0,Ignore
BoriviliHub_MUM Mumbai,22,5.9,5.3375,0.0,0,Ignore
ElasticRunKamotheODH_KAM,1,5.9,5.938055555555556,0.0,0,Ignore
ICFAIHub_DEL New Delhi,41,5.9,6.0441666666666665,2.4,1,Prioritize for Clearing
TTSPLGangapurODH_GAG Gangapur City,2,5.9,5.877222222222223,0.0,0,Ignore
KrishnaNagarHub_DEL Delhi,12,5.9,3.530972222222222,0.0,0,Ignore
CornerRoad Hub Aurangabad,4,5.9,7.155833333333334,0.0,0,Ignore
AnkolaHub_ANK Ankola,1,5.9,5.857222222222222,0.0,0,Ignore
ElasticRunKapurthalaODH_KPT KAPURTHALA,3,5.9,5.854444444444445,0.0,0,Ignore
KattakkadaHub_KTD Trivandrum,7,5.9,7.173055555555556,0.0,0,Ignore
MasabtankHub_Hyd Hyderabad,9,5.9,4.975555555555555,0.0,0,Ignore
ElasticRunBowenpallyODH_HYD Hyderabad,1,5.9,5.916388888888889,0.0,0,Ignore
DabriHub_DEL New Delhi,15,5.9,5.633055555555556,0.0,0,Ignore
KunnamangalamHub_KNM Kozhikode,5,5.9,7.211944444444445,0.0,0,Ignore
JalandharSplitODH_JLR Jalandhar,6,5.9,6.19125,0.0,0,Ignore
Tyagi Store. NEW DELHI,1,5.9,5.926388888888889,0.0,0,Ignore
BritaniaHub_DEL Delhi,12,5.9,5.489166666666667,0.0,0,Ignore
Arvind kumar RUDRAPUR,1,5.8,5.785,0.0,0,Ignore
Bina,2,5.8,5.793333333333334,0.0,1,Ignore
"WNG/HUB, Warangal, TELANGANA",11,5.8,0.8225,9.1,0,Ignore
Sonepat Hub Sonipat,9,5.8,5.468333333333334,0.0,0,Ignore
CivillinesHub_DEL,4,5.8,3.796111111111111,0.0,0,Ignore
FAROOG STORE TIRUPUR,1,5.8,5.824166666666667,0.0,0,Ignore
Dua store NEW DELHI,1,5.8,5.7525,0.0,0,Ignore
Bokakhat,1,5.8,5.810833333333333,0.0,0,Ignore
BijapursplitHub_BJR Bijapur,1,5.8,5.817222222222222,0.0,0,Ignore
Motibaghhub_DEL Delhi,39,5.8,5.401111111111111,0.0,0,Ignore
Ashok Gift Store PANIPAT,2,5.8,5.79111111111111,0.0,0,Ignore
RafiganjHub_AWB Rafiganj,1,5.8,5.795277777777778,0.0,0,Ignore
Venjaramood,2,5.8,5.813888888888889,0.0,0,Ignore
Thodupuzha Hub Thodupuzha,4,5.8,6.813472222222222,0.0,0,Ignore
Gupta Store GHAZIPUR,1,5.8,5.800833333333333,0.0,0,Ignore
BareillyBypaasHub_BRY Bareilly,3,5.8,4.914166666666667,0.0,0,Ignore
ElasticRunWadalaODH_MUM Mumbai,17,5.8,4.657777777777778,0.0,0,Ignore
JhandewalanHub_DEL Delhi,17,5.8,7.320555555555556,0.0,1,Prioritize for Clearing
Ashu Balani GHAZIABAD,1,5.8,5.8025,0.0,0,Ignore
Parmar Dhirenkumar Kanubhai NADIAD,1,5.8,5.752777777777778,0.0,0,Ignore
GANDIKOTAHUB_PDT MYDUKUR,1,5.8,5.810833333333333,0.0,0,Ignore
LargeLogicDharapuramODH_DHP Dharapuram,1,5.8,5.761388888888889,0.0,0,Ignore
KANNUR HUB,36,5.8,5.391666666666667,2.8,4,Prioritize for Clearing
BasnaHub_BAS,1,5.8,5.786388888888889,0.0,0,Ignore
OngoleHub_ONG Ongole,3,5.8,5.5825,0.0,0,Ignore
ChandanKiyariHub_BJE,1,5.8,5.776388888888889,0.0,0,Ignore
Kheri,4,5.8,6.029305555555556,0.0,0,Ignore
ElasticRunPayyoliODH_PYL Payyoli,3,5.8,5.522777777777778,0.0,0,Ignore
HarohalliHub_RMG Bangalore,1,5.8,5.806666666666667,0.0,0,Ignore
KankeHub_IXR Kanke,4,5.8,5.5975,0.0,0,Ignore
KoothattukulamOSH_KOO Koothattukulam,1,5.8,5.830277777777778,0.0,0,Ignore
SITICSChitturODH_CHT CHITTUR,1,5.8,5.836944444444445,0.0,0,Ignore
Avinashi Road Hub Coimbatore,9,5.8,6.575,0.0,0,Ignore
Chandigarh Hub Chandigarh,7,5.8,7.465833333333333,0.0,0,Ignore
ManiNagarHub_ADI Ahmedabad,4,5.8,5.43375,0.0,0,Ignore
ElasticRunDhapaMDH_KOL Kolkata,3,5.8,2.976111111111111,0.0,1,Ignore
UluberiaHub_ULB Uluberia,1,5.8,5.7636111111111115,0.0,0,Ignore
Sakhigopalhub_PUR Sakhigopal,1,5.8,5.822222222222222,0.0,0,Ignore
Rohinihub_DEL Delhi,59,5.8,4.271388888888889,0.0,0,Ignore
Manish patel service KANPUR,1,5.8,5.836666666666667,0.0,0,Ignore
"BLR/FC1, BANGALORE, KARNATAKA",1433,5.8,4.108333333333333,0.3,9,Prioritize for Clearing
FerozepurHub_FER Ferozepur,3,5.8,5.420277777777778,0.0,0,Ignore
"PCM/HUB, PUNE, MAHARASHTRA",52,5.8,5.365972222222222,0.0,0,Ignore
KokarHub_IXR Kantatolli,3,5.8,5.236666666666666,0.0,0,Ignore
"PANCHKULA, HARYANA, IN",25,5.7,5.658888888888889,0.0,0,Ignore
Bharuch Hub Bharuch,3,5.7,5.283888888888889,0.0,0,Ignore
GunturMDH_GUN Guntur,1,5.7,5.6725,0.0,0,Ignore
UttamNagar Hub Delhi,24,5.7,5.292638888888889,0.0,1,Prioritize for Clearing
"Coimbatore, Tamilnadu, IN",26,5.7,4.354027777777778,3.8,0,Ignore
Sanathnagar1_HYD Hyderabad,11,5.7,6.259444444444444,0.0,0,Ignore
EtwahHub_ETW Etwah,5,5.7,5.868055555555555,0.0,0,Ignore
KompallyHub_HYD Hyderabad,4,5.7,4.886388888888889,0.0,0,Ignore
RajajiPuramHub_LKO Lucknow,1,5.7,5.684444444444444,0.0,0,Ignore
PrincyScienceCityODH_SCI AHMEDABAD,26,5.7,4.741944444444444,0.0,0,Ignore
ManviODH_MNV Raichur,1,5.7,5.6883333333333335,0.0,0,Ignore
Arpuda Mary Home BANGALORE,1,5.7,5.720277777777778,0.0,0,Ignore
CABTMauganjODH_MGJ Mauganj,1,5.7,5.653333333333333,0.0,0,Ignore
AmrohaHub_AOA Amroha,3,5.7,6.542777777777777,0.0,0,Ignore
"SANASWADI, MAHARASHTRA, IN",4,5.7,4.288333333333334,0.0,0,Ignore
"KOLKATA, WEST BENGAL, IN",26,5.7,6.57875,0.0,4,Prioritize for Clearing
Sakthi Murugan Mobiles TIRUPUR,1,5.7,5.733888888888889,0.0,0,Ignore
KasnaNoidaHub_DEL Noida,20,5.7,6.205,0.0,2,Prioritize for Clearing
Madinaguda Hub Hyderabad,11,5.7,7.002777777777778,0.0,0,Ignore
Akota Hub,5,5.7,2.8719444444444444,0.0,0,Ignore
TirupurNorthHub_TPR Tirupur,11,5.7,5.534166666666667,0.0,0,Ignore
SingrauliHub_SGU Singrauli,2,5.7,5.743055555555555,0.0,0,Ignore
Ahmad Raza kirana NEW DELHI,2,5.7,5.652083333333334,0.0,0,Ignore
Laveen kumar HYDERABAD,1,5.7,5.711111111111111,0.0,0,Ignore
OldFaridabadHub_DEL Ballabhgarh,11,5.7,6.748888888888889,0.0,0,Ignore
Ajay kirana GHAZIABAD,1,5.7,5.678055555555556,0.0,0,Ignore
ShadowFaxSunamODH_SUN Sunam,2,5.7,5.702916666666667,0.0,0,Ignore
Lingareddy master kirana HYDERABAD,1,5.7,5.740833333333334,0.0,0,Ignore
JejuriHub_JEJ Jejuri,2,5.7,5.7131944444444445,0.0,0,Ignore
SUGUNAN HOME THRISSUR,1,5.7,5.739166666666667,0.0,0,Ignore
ElasticRunManesarODH_MNS Gurugram,18,5.7,6.109305555555556,0.0,0,Ignore
"Chennai, Tamil Nadu, IN",108,5.7,3.2965277777777775,1.9,9,Prioritize for Clearing
BankuraHub_BKR Bankura,1,5.7,5.731944444444444,0.0,0,Ignore
"Nagercoil, Tamil Nadu, IN",3,5.7,0.09055555555555556,0.0,1,Ignore
SASChemberiODH_CHE KANNUR,3,5.7,5.961666666666667,0.0,0,Ignore
EcityHub_BLR Bengaluru,8,5.7,4.772916666666667,0.0,0,Ignore
Ponda Hub Ponda,2,5.7,5.747361111111111,0.0,0,Ignore
DevanahalliHub_DHL Devanahalli,2,5.7,5.7290277777777785,0.0,0,Ignore
MargheritaHub_MRG Margherita,1,5.7,5.678333333333334,0.0,0,Ignore
VitaHub_VTA Vita,2,5.7,5.739583333333333,0.0,0,Ignore
AVANEESH KIRANA STORE JAHANGIRABAD,1,5.7,5.665,0.0,0,Ignore
Pochampalli,2,5.7,5.744027777777777,0.0,1,Ignore
"PAT/HUB, Patna, BIHAR",162,5.7,5.198472222222223,0.0,0,Ignore
ShanthinagarHub_BLR Bengaluru,3,5.7,4.150555555555556,0.0,0,Ignore
"BOM/HUB, Mumbai, MAHARASHTRA",2922,5.7,4.125416666666666,0.8,7,Prioritize for Clearing
ChaltaHub_AMB sitapur,1,5.6,5.5569444444444445,0.0,0,Ignore
AdarshnagarHub_AJM Ajmer,3,5.6,5.776944444444444,0.0,0,Ignore
Karwar Hub Karwar,6,5.6,5.384444444444444,0.0,0,Ignore
"Koppal, Karanataka, IN",4,5.6,5.563055555555556,0.0,2,Ignore
KOTHRUD(PUNE),2,5.6,5.616666666666667,0.0,0,Ignore
VizhinjamHub_VJM Trivandrum,3,5.6,6.965,0.0,0,Ignore
VINESH BHASKARAN STORE MUMBAI,1,5.6,5.6475,0.0,0,Ignore
VijayawadaHub_VJA Vijayawada,11,5.6,6.146388888888889,0.0,0,Ignore
LargeLogicThovalaiODH_THV Nagercoil,2,5.6,5.614861111111111,0.0,0,Ignore
LoadshareAndalSplitODH_DGP Raniganj,2,5.6,5.612222222222222,0.0,0,Ignore
AmbasamudramHub_AMS Tirunelveli,2,5.6,5.63875,0.0,0,Ignore
Madpur,1,5.6,5.615833333333334,0.0,0,Ignore
MALDA,1,5.6,5.616666666666667,0.0,0,Ignore
HosurEastHub_HOS Hosur,1,5.6,5.628055555555556,0.0,0,Ignore
HiraNagarMDH_HIR Kathua,2,5.6,5.589166666666667,0.0,0,Ignore
AzamgarhHub_AZM Azamgarh,1,5.6,5.566388888888889,0.0,0,Ignore
GreaterNoida Hub Noida,17,5.6,6.055,0.0,1,Prioritize for Clearing
NAMBIYATH HOME CHAVAKKAD,1,5.6,5.597777777777778,0.0,0,Ignore
Suruchi Store DEHRADUN,1,5.6,5.621944444444444,0.0,0,Ignore
GhitorniHub_DEL Chhatarpur,17,5.6,5.565277777777778,0.0,0,Ignore
Nazirpur,2,5.6,5.645555555555555,0.0,0,Ignore
SrikalahastiHub_SKH Tirupati,4,5.6,4.956944444444444,0.0,0,Ignore
"NGP/HUB, Nagpur, MAHARASHTRA",1179,5.6,3.5702777777777777,0.7,7,Prioritize for Clearing
Fatehpur,3,5.6,6.314166666666667,0.0,0,Ignore
NOSE 2 TOES KOZHIKODE,4,5.6,5.4624999999999995,0.0,0,Ignore
ElasticRunUranODH_MUM Mumbai,2,5.6,5.598472222222222,0.0,0,Ignore
PadmanabhnagarHub_BLR,1,5.6,5.591944444444445,0.0,0,Ignore
BhatkalHub_BKL Bhatkal,3,5.6,5.393055555555556,0.0,0,Ignore
PakwadaMDH_PKW Pakwada,2,5.6,5.588333333333333,0.0,0,Ignore
PalacodeHub_DMP Palacode,1,5.6,5.563611111111111,0.0,0,Ignore
Bhiwandi Hub Bhiwandi,2,5.6,5.622777777777777,0.0,0,Ignore
"Bhiwandi, Maharashtra, IN",2,5.6,5.556805555555556,0.0,0,Ignore
SIGMAJagraonODH_JGN Jagraon,2,5.6,5.564027777777778,0.0,0,Ignore
PandharpurHub_PDH Pandharpur,3,5.6,6,0.0,0,Ignore
PanduaMDH_MGR Mogra,1,5.6,5.644722222222223,0.0,0,Ignore
ElasticRunAmbikapurODH_AMR Ambikapur,3,5.6,8.805277777777778,0.0,1,Ignore
ParliVaijinathHub_PVJ Parli Vaijinath,1,5.6,5.633333333333333,0.0,0,Ignore
ShivajinagarHub_PUNE Pune,14,5.6,6.478194444444444,0.0,0,Ignore
DerabassiODH_DSB Derabassi,1,5.6,5.621944444444444,0.0,0,Ignore
DeobhogHub_RPR Raipur,2,5.6,5.575277777777778,0.0,0,Ignore
"DEL/IB2, Delhi NCR, DELHI",2472,5.6,5.097777777777778,0.0,89,Prioritize for Clearing
SASThuravoorODH_THO Thuravoor,3,5.6,6.297777777777778,0.0,0,Ignore
PUNE HUB,9712,5.6,2.9166666666666665,2.5,78,Prioritize for Clearing
SASPerinthalmannaODH_PNN Perinthalmanna,2,5.6,5.62125,0.0,0,Ignore
PUNITH KUMAR S HOME BANGALORE,1,5.6,5.555833333333333,0.0,0,Ignore
Railwaycolonyhub_BVM Bhimavaram,2,5.6,5.5536111111111115,0.0,0,Ignore
CABTKalaAmbODH_KAL SIRMAUR,1,5.6,5.5775,0.0,0,Ignore
RanjeetAvenueHub_ATQ Amritsar,14,5.6,3.698888888888889,7.1,0,Ignore
CharaiHub_MUM Mumbai,15,5.6,5.007777777777778,0.0,0,Ignore
RJSCJalpaiguriODH_JPG MAYNAGURI,1,5.6,5.645555555555555,0.0,0,Ignore
Rksa ji ji store DEHRADUN,1,5.6,5.5713888888888885,0.0,0,Ignore
Sanvordem Hub Sanvordem,3,5.5,6.3875,0.0,0,Ignore
"Hyderabad, Andhra Pradesh, IN",6,5.5,3.7344444444444442,0.0,0,Ignore
KurseongHub_KUR Darjeeling,2,5.5,5.526944444444444,0.0,0,Ignore
KolathurHub_KHR Kolathur,2,5.5,5.542083333333334,0.0,0,Ignore
Thiruverumbur Hub Trichy,6,5.5,4.784305555555555,0.0,0,Ignore
NawanagarMDH_NGR Singrauli,1,5.5,5.5375,0.0,0,Ignore
BagodarODH_PNM Bagodar,1,5.5,5.490833333333334,0.0,0,Ignore
"Trichy, TAMIL NADU, IN",4,5.5,2.959027777777778,0.0,0,Ignore
IdentifyplusUmerkhedODH_UMR,1,5.5,5.495,0.0,0,Ignore
IdentifyPlusPirangutODH_PIR PUNE,1,5.5,5.523611111111111,0.0,0,Ignore
Rajkot Hub,2,5.5,5.528194444444445,0.0,0,Ignore
SASUttarahalliODH_BLR Bangalore,2,5.5,5.522222222222222,0.0,0,Ignore
NangalHub_NGL Nangal,3,5.5,5.258333333333333,0.0,0,Ignore
Khushi store MAHESANA,1,5.5,5.450555555555556,0.0,0,Ignore
GORAKHPUR - GKP,1,5.5,5.483333333333333,0.0,0,Ignore
AjnalaMDH_AJN,1,5.5,5.4783333333333335,0.0,0,Ignore
"DIMAPUR, NAGALAND, IN",2,5.5,5.458888888888889,0.0,0,Ignore
CanttAmbalaHub_UMB,4,5.5,3.121944444444444,0.0,0,Ignore
"MANJERI, KERALA, IN",1,5.5,5.476666666666667,0.0,0,Ignore
Madurai Hub,2,5.5,5.489583333333334,0.0,0,Ignore
LodhipurHub_MRD,3,5.5,1.0225,0.0,0,Ignore
Naraina Hub Delhi,33,5.5,5.370555555555556,0.0,1,Prioritize for Clearing
Mylarlingeshwara nilaya HASSAN,1,5.5,5.543611111111111,0.0,0,Ignore
TTSPLAklujODH_ALJ AKLUJ,5,5.5,5.656666666666666,0.0,0,Ignore
MotherHub_HJR Hajipur,7,5.5,3.299166666666667,0.0,0,Ignore
SangviHub_Pune Pune,12,5.5,5.06875,0.0,0,Ignore
"Faridabad, Haryana, IN",25,5.5,3.0725,8.0,0,Ignore
BaileyRoadHub_PAT PATNA,5,5.5,6.544722222222222,0.0,0,Ignore
AdampurHub_JLR Jalandhar,7,5.5,6.185277777777777,0.0,0,Ignore
ThanisandraHub_BLR Bengaluru,2,5.5,5.528333333333333,0.0,0,Ignore
TRICHUR MINI HUB,149,5.5,2.9833333333333334,5.4,8,Prioritize for Clearing
Ichalkaranji Hub Ichalkaranji,3,5.5,7.065,0.0,0,Ignore
BRRAZO EXPRESS JUNAGADH,1,5.5,5.480555555555555,0.0,0,Ignore
GIRIJA TIRUCHIRAPPALLI,1,5.5,5.453611111111111,0.0,0,Ignore
CABTDayalnagarODH_DAY Visakhapatnam,9,5.5,5.895277777777777,0.0,0,Ignore
"THODUPUZHA, KERALA, IN",1,5.5,5.476388888888889,0.0,0,Ignore
BolangirHub_BLG Bolangir,1,5.5,5.533611111111111,0.0,0,Ignore
"KODUNGALLUR, KERALA, IN",1,5.5,5.535277777777778,0.0,0,Ignore
Ratanpur Hub Bilaspur,3,5.5,6.135277777777778,0.0,0,Ignore
VIDYARANYAPURAHUBtemp_BLR Bengaluru,6,5.5,6.658888888888889,0.0,0,Ignore
MachilipatnamHub_MTM Machilipatnam,3,5.4,5.566388888888889,0.0,0,Ignore
Thane Hub Thane,7,5.4,5.178055555555556,0.0,0,Ignore
Bongaon,1,5.4,5.4238888888888885,0.0,0,Ignore
BaramkelaHub_BAR sarangarh,3,5.4,5.449722222222222,0.0,0,Ignore
"Tadepalligudem, ANDHRA PRADESH, IN",2,5.4,5.372638888888889,0.0,0,Ignore
Andheri Hub Mumbai,8,5.4,3.99,0.0,0,Ignore
DelFastPhirangipuramODH_PHI Phirangipuram,2,5.4,5.358888888888889,0.0,0,Ignore
Goregaon Hub Mumbai,24,5.4,3.654583333333333,0.0,1,Prioritize for Clearing
MeghanagarMDH_MGH Meghanagar,1,5.4,5.376111111111111,0.0,0,Ignore
"BOM/MAZ, Mumbai, MAHARASHTRA",105,5.4,4.9447222222222225,0.0,0,Ignore
RJSCSaihaODH_SAI Saiha,1,5.4,5.403888888888889,0.0,0,Ignore
RJSCNaharlagunODH_NHL Naharlagun,5,5.4,5.339444444444444,0.0,0,Ignore
"Raipur, CHHATTISGARH, IN",2,5.4,5.422777777777778,0.0,0,Ignore
PENNAKanigiriODH_KGR,1,5.4,5.4463888888888885,0.0,0,Ignore
DadarWestHub_MUM Mumbai,16,5.4,4.84,0.0,0,Ignore
AganampudiHub_VTZ Vishakapatnam,4,5.4,5.67625,0.0,0,Ignore
"Kolkata, West Bengal, IN",22,5.4,3.1116666666666664,4.5,1,Prioritize for Clearing
DichpallyHub_NZB NIZAMABAD,1,5.4,5.389722222222222,0.0,0,Ignore
MandsaurHub_MAN Mandsaur,1,5.4,5.415555555555556,0.0,0,Ignore
MeppadiMDH_MPD Meppadi,1,5.4,5.428055555555556,0.0,0,Ignore
BhusawalHub_JGO Jalgaon,3,5.4,6.1375,0.0,0,Ignore
"KALYAN, MAHARASHTRA, IN",3,5.4,6.942222222222222,0.0,0,Ignore
ChapraHub_CPR Chapra,2,5.4,5.367083333333333,0.0,0,Ignore
Kakinada Hub Kakinada,3,5.4,3.726111111111111,0.0,0,Ignore
ChinarPark Hub Kolkata,6,5.4,3.720416666666667,0.0,0,Ignore
HariharPurMDH_KAD Sant Kabir Nagar,1,5.4,5.418888888888889,0.0,0,Ignore
SimriHub_SHC saharsa,2,5.4,5.377361111111112,0.0,0,Ignore
"Bhiwadi, Rajasthan, IN",1,5.4,5.442222222222222,0.0,0,Ignore
VICKY STICHING BATHINDA,1,5.4,5.360555555555556,0.0,0,Ignore
VelloreHubtemp_VLR Vellore,2,5.4,5.432777777777778,0.0,0,Ignore
LalparHub_LLP Lalpar,2,5.4,5.421111111111111,0.0,0,Ignore
SASKattappanaODH_KTP Kattappana,1,5.4,5.439166666666667,0.0,0,Ignore
HanumanJnHub_HMN krishna,1,5.4,5.404722222222222,0.0,0,Ignore
SITICSKhandagiriSpiltODH_BBI Bhubaneswar,3,5.4,6.430833333333333,0.0,0,Ignore
AzadnagarHub_KNU Kanpur,3,5.4,4.310277777777777,0.0,0,Ignore
Indiaquick _Anupgarh ANUPGARH,1,5.4,5.433611111111111,0.0,0,Ignore
MANNA DEBASHIS BANKURA,1,5.4,5.429444444444444,0.0,0,Ignore
HamirpurHub_HMP Hamirpur,3,5.4,5.878055555555556,0.0,0,Ignore
ChirodiHub_GZD Ghaziabad,1,5.4,5.376666666666667,0.0,0,Ignore
BelkhandiHub_BKD Kesinga,1,5.4,5.444166666666667,0.0,0,Ignore
MajhdiaHub_MIJ Majhdia,1,5.4,5.441666666666666,0.0,0,Ignore
Mowa Hub,1,5.4,5.426944444444445,0.0,0,Ignore
BeawarHub_BEA beawar,2,5.4,5.398055555555555,0.0,0,Ignore
"VADA, MAHARASHTRA, IN",1,5.4,5.429444444444444,0.0,0,Ignore
NawagarhMDH_NAW Mungeli,1,5.4,5.435277777777777,0.0,0,Ignore
Rohtak Hub Rohtak,4,5.4,5.3845833333333335,0.0,0,Ignore
CABTKhurdaODH_KUD Khurda,1,5.3,5.313611111111111,0.0,0,Ignore
Tardeo Hub Mumbai,55,5.3,5.064166666666667,0.0,0,Ignore
"JHANSI, UTTAR PRADESH, IN",1,5.3,5.280555555555556,0.0,0,Ignore
MSKMillHub_GUL Gulbarga,5,5.3,3.8355555555555556,0.0,0,Ignore
ManikondaHub_Hyd Hyderabad,9,5.3,5.053333333333334,0.0,0,Ignore
BalliaHub_BLA Ballia,1,5.3,5.335277777777778,0.0,0,Ignore
SionMDH_MUM Mumbai,1,5.3,5.345,0.0,0,Ignore
"Nalgonda, TELANGANA, IN",1,5.3,5.348888888888889,0.0,0,Ignore
MaladWestHub_MUM Mumbai,9,5.3,5.3661111111111115,0.0,0,Ignore
Khammam Hub,1,5.3,5.317222222222222,0.0,0,Ignore
"Pune, Maharashtra, IN",67,5.3,3.0502777777777776,3.0,4,Prioritize for Clearing
ZIRAKPUR - ZKP,3,5.3,4.316666666666666,0.0,0,Ignore
JathHub_JTH Jath,2,5.3,5.281805555555556,0.0,0,Ignore
PinkCity Hub Jaipur,17,5.3,4.475833333333333,0.0,2,Prioritize for Clearing
VayathurHub_VYT Vayathur,3,5.3,6.1194444444444445,0.0,0,Ignore
NawadaHub_DEL Delhi,28,5.3,4.362222222222222,0.0,0,Ignore
ThalayolaparambuHub_THA Thalayolaparambu,3,5.3,5.7475,0.0,0,Ignore
SASChembrasseriODH_CSR Malappuram,2,5.3,5.274166666666666,0.0,0,Ignore
AshramHub_DEL Delhi,25,5.3,5.095277777777778,0.0,0,Ignore
ElasticRunVijayawadaSplitODH_VJA1 Vijayawada,2,5.3,5.316527777777777,0.0,0,Ignore
ChannasandraHub_BLR,1,5.3,5.2683333333333335,0.0,0,Ignore
NandyalHub_NDL,1,5.3,5.336944444444445,0.0,0,Ignore
HayatpurMDH_HYT Gurgaon,7,5.3,3.987222222222222,0.0,0,Ignore
AtturHub_AUR Attur,6,5.3,4.114583333333334,0.0,0,Ignore
Nitin Dnyaneshwar Gaikwad PALGHAR,1,5.3,5.262777777777778,0.0,0,Ignore
CHENNAI GROUND WAREH,516,5.3,3.8666666666666667,1.4,0,Ignore
RaxaulHub_RXL Raxaul,1,5.3,5.3025,0.0,0,Ignore
CIDHAMBARAM STORE DHARMAPURI,1,5.3,5.264166666666667,0.0,0,Ignore
NaubadMDH_BDR Bidar,3,5.3,6.477777777777778,0.0,0,Ignore
Ghaziabad Hub Ghaziabad,24,5.3,5.212777777777777,0.0,0,Ignore
Firozabad Hub Firozabad,2,5.3,5.254444444444445,0.0,0,Ignore
AIIMSHub_DEL New Delhi,27,5.3,4.940277777777778,0.0,1,Prioritize for Clearing
BilekaHalli Hub Bengaluru,9,5.3,6.251666666666667,0.0,0,Ignore
VPM Mobile SALEM,1,5.3,5.331111111111111,0.0,0,Ignore
Raj Kumar NEW DELHI,1,5.3,5.253333333333333,0.0,0,Ignore
Dishant Enterprises PALANPUR,1,5.3,5.3275,0.0,0,Ignore
KanhangadHub_KND Kasaragod,5,5.3,5.6177777777777775,0.0,0,Ignore
RanibaghHub_DEL New Delhi,77,5.3,4.596111111111111,0.0,1,Prioritize for Clearing
Krishna Kumar Maurya VAPI,1,5.3,5.339444444444444,0.0,0,Ignore
ChaderghatHub_HYD Hyderabad,5,5.3,5.025555555555556,0.0,0,Ignore
ShornurHub_SHO Shornur,1,5.3,5.265833333333333,0.0,0,Ignore
AeroCityMohaliHub_IXC Mohali,12,5.3,4.753055555555556,0.0,0,Ignore
PardiODH_NAG Nagpur,5,5.3,5.236944444444444,0.0,0,Ignore
KanakpuraRdHub_BLR Bengaluru,8,5.3,4.530277777777778,0.0,0,Ignore
Burhanpur,2,5.3,5.305416666666667,0.0,0,Ignore
KillorHub_KIL Kottarakkara,3,5.3,6.594166666666666,0.0,0,Ignore
LogixFoxAnandapurODH_ADP Anandapur,2,5.3,5.310277777777778,0.0,0,Ignore
VIJAYWADA WAREHOUSE,14,5.3,5.625,0.0,0,Ignore
JagannathprasadMDH_GAM Jaganath Prasad,1,5.3,5.309722222222222,0.0,0,Ignore
"THIRUVANANTHAPURAM, KERALA, IN",7,5.3,4.953888888888889,0.0,0,Ignore
Pankaj Store NAGPUR,1,5.3,5.2941666666666665,0.0,0,Ignore
MogalturMDH_MOG Mogaltur,2,5.3,5.251388888888889,0.0,0,Ignore
Sarathbabi EAST GODAVARI,1,5.3,5.332777777777777,0.0,0,Ignore
BodenMDH_NUA Boden,1,5.3,5.270833333333333,0.0,0,Ignore
Baba cake GAUTAM BUDDHA NAGAR,1,5.3,5.333611111111111,0.0,0,Ignore
ModelTown Hub Delhi,24,5.3,4.899722222222222,0.0,0,Ignore
AmbikaKalnaHub_ABK Ambika Kalna,1,5.3,5.331388888888889,0.0,0,Ignore
Tapan Kumar PANJIM,1,5.2,5.163333333333333,0.0,0,Ignore
COIMBATORE - CJA,8,5.2,4.808333333333334,0.0,1,Prioritize for Clearing
DeogarhMDH_DGH Mahulpalli,1,5.2,5.150833333333333,0.0,0,Ignore
Pitampurahub_DEL Delhi,17,5.2,4.615833333333334,0.0,0,Ignore
BKC Hub,3,5.2,2.1308333333333334,0.0,0,Ignore
"PCK/HISSAR, Hissar, HARYANA",30,5.2,4.905555555555555,0.0,1,Prioritize for Clearing
AgnoorHub_AGN agnoor,1,5.2,5.171388888888889,0.0,0,Ignore
ChanakyapuriHub_DEL Delhi,28,5.2,5.786111111111111,3.6,4,Prioritize for Clearing
Ajmer Hub Ajmer,5,5.2,5.952222222222222,0.0,0,Ignore
BhubaneswarHub_BBI Bhubaneswar,1,5.2,5.195,0.0,0,Ignore
ElasticRunIndoreODH_IDR Indore,8,5.2,5.533611111111111,0.0,0,Ignore
ElasticRunKadiriODH_KDR Anantapur,3,5.2,5.6066666666666665,0.0,0,Ignore
AM Kirana Store BORSAD,1,5.2,5.2058333333333335,0.0,0,Ignore
LargeLogicKodumurODH_KMR kurnool,4,5.2,4.5304166666666665,0.0,0,Ignore
Safiyabanu kirana DHARAMPUR,1,5.2,5.166666666666667,0.0,0,Ignore
LaxmiNagarHUB_DEL,6,5.2,0.5027777777777778,16.7,0,Ignore
ElasticRunUppalODH_HYD Hyderabad,2,5.2,5.232222222222222,0.0,0,Ignore
Okhla Hub Delhi,8,5.2,5.069861111111111,0.0,0,Ignore
"Noida, Uttar Pradesh, IN",2,5.2,5.183611111111111,0.0,0,Ignore
Bellary Hub Bellary,9,5.2,2.4344444444444444,0.0,0,Ignore
"Ambernath, Maharashtra, IN",6,5.2,3.205277777777778,0.0,0,Ignore
Barrackpore Hub Kolkata,2,5.2,5.170833333333333,0.0,0,Ignore
Amritsar Hub Amritsar,4,5.2,4.505694444444444,0.0,0,Ignore
Rahul B Pawar PALGHAR,1,5.2,5.245,0.0,0,Ignore
Tajmeel home ERODE,1,5.2,5.152222222222222,0.0,0,Ignore
DaryaganjHub_DEL Delhi,31,5.2,6.061944444444444,0.0,4,Prioritize for Clearing
ULSOOR MINI HUB,7,5.2,5.3,0.0,0,Ignore
MahagaonMDH_MAH Mahag,1,5.2,5.1930555555555555,0.0,0,Ignore
Yesh Medical GURGAON,1,5.2,5.212777777777778,0.0,0,Ignore
KavuriHills Hub Hyderabad,9,5.2,5.095277777777778,0.0,0,Ignore
CABTShillongODH_SHL Shillong,3,5.2,1.9658333333333333,0.0,0,Ignore
ThenjipalamHub_TJI Thenjipalam,3,5.2,4.382777777777778,0.0,0,Ignore
Jabalpur Hub Jabalpur,8,5.2,4.861527777777777,0.0,0,Ignore
"HAS/HUB, Hassan, KARNATAKA",22,5.2,5.117916666666667,0.0,0,Ignore
BacheliODH_BAC Dantewara,1,5.2,5.198888888888889,0.0,0,Ignore
TuljapurHub_TLP Osmanabad,1,5.2,5.167777777777777,0.0,0,Ignore
TPNagarHub_ALD Allahabad,2,5.1,5.092222222222222,0.0,0,Ignore
CGRoad Hub Ahmedabad,6,5.1,5.822916666666666,0.0,1,Prioritize for Clearing
YamunaNagarHub_YNR Yamunanagar,4,5.1,4.622916666666667,0.0,0,Ignore
MadanapalleeHub_MDP,1,5.1,5.125555555555556,0.0,0,Ignore
SurendraNagarHub_SDR,1,5.1,5.069166666666667,0.0,0,Ignore
NandyalHub_NDL Nandyal,9,5.1,4.645555555555555,0.0,0,Ignore
Sunil Kumar KARNAL,1,5.1,5.083888888888889,0.0,0,Ignore
SrinagarHub_SRG Srinagar,2,5.1,5.124861111111111,0.0,0,Ignore
RajkanikaHub_RJK kendrapara,1,5.1,5.0825,0.0,0,Ignore
NikkouChikkajalaODH_BLR BENGULURU,2,5.1,5.090277777777779,0.0,0,Ignore
SamaypurbadliHub_DEL Gurugram,26,5.1,4.476388888888889,0.0,3,Prioritize for Clearing
AshokviharHub_DEL New Delhi,27,5.1,5.753333333333333,0.0,0,Ignore
Vapi Hub Vapi,4,5.1,5.413611111111111,0.0,0,Ignore
Jorhat Hub Jorhat,2,5.1,5.093888888888889,0.0,0,Ignore
ChhatarpurHub_DEL Delhi,9,5.1,3.5091666666666668,0.0,0,Ignore
"Jagdalpur, Chattisgarh, IN",6,5.1,5.122916666666667,0.0,0,Ignore
BhadravatiMDH_BHA Bhadr,1,5.1,5.0744444444444445,0.0,0,Ignore
HanumangarhHub_HAN,1,5.1,5.068611111111111,0.0,0,Ignore
Bharat Resto Cafe DEHRADUN,1,5.1,5.139166666666667,0.0,0,Ignore
BhattiproluHub_BTP Bhattiprolu,1,5.1,5.116944444444444,0.0,0,Ignore
SimdegaMDH_SMD Simdega,1,5.1,5.0938888888888885,0.0,0,Ignore
ElasticRunBonaigarhODH_BNG bonaigarh,1,5.1,5.096111111111111,0.0,0,Ignore
PendiyalODH_WGL Warangal,1,5.1,5.109166666666667,0.0,0,Ignore
Sedam,4,5.1,5.019583333333332,0.0,1,Ignore
SalemMDH_SAL Salem,1,5.1,5.0761111111111115,0.0,0,Ignore
DalkholaHub_DLK Raiganj,2,5.1,5.058194444444444,0.0,0,Ignore
SeharabazarMDH_SRB Burdwan,1,5.1,5.115833333333334,0.0,0,Ignore
INDORE (IDRH),1,5.1,5.105277777777777,0.0,0,Ignore
Petta_PEA Trivandrum,5,5.1,4.760833333333333,0.0,0,Ignore
TTSPLTapukaraMDH_TAP Bhiwadi,1,5.1,5.126944444444445,0.0,0,Ignore
BodarwarMDH_BBW Bodarwar,1,5.1,5.088055555555556,0.0,0,Ignore
KathoraHub_KTR Kathora,12,5.1,3.8513888888888888,0.0,0,Ignore
"Washim, MAHARASHTRA, IN",3,5.1,5.195,0.0,0,Ignore
SASMangalapuramODH_MNG Mangalapuram,6,5.1,5.350972222222222,0.0,0,Ignore
RJSCShillongODH_SHL Shillong,2,5.1,5.109861111111111,0.0,0,Ignore
ThriprayarHub_TRP Thriprayar,3,5.1,5.208055555555555,0.0,0,Ignore
GovindpurMDH_DBD Dhanbad,2,5.1,5.105416666666667,0.0,0,Ignore
tannu kirana RUDRAPUR,1,5.1,5.085,0.0,0,Ignore
JalalabadODH_JAL Jalalabad,1,5.1,5.124722222222222,0.0,0,Ignore
Mahadevapura Hub Bengaluru,1,5.1,5.086388888888889,0.0,0,Ignore
"DEL/PC1, Delhi NCR, DELHI",4122,5.1,4.067916666666667,0.2,61,Prioritize for Clearing
Prabhat Road Hub Pune,16,5.1,5.737777777777778,0.0,0,Ignore
Y MALLIKARJUNA RAO PRAKASAM,1,5.1,5.111944444444444,0.0,0,Ignore
IchchapuramHub_ICP ICHCHAPURAM,1,5.1,5.104166666666667,0.0,0,Ignore
Jammu Hub Jammu,7,5.1,3.611944444444444,0.0,0,Ignore
BapatlaHub_BPT BAPATLA,2,5.1,5.061527777777778,0.0,0,Ignore
DhubriHub_DBB Dhubri,1,5.0,4.950833333333334,0.0,0,Ignore
ShadowFaxMudholODH_RCR Bagalkot,2,5.0,5.0408333333333335,0.0,0,Ignore
PichaturODH_PUT Pichatur,1,5.0,4.980277777777777,0.0,0,Ignore
SHAIK RAMJAN BI RENT HOUSE NANDIGAMA,1,5.0,4.9625,0.0,0,Ignore
ElamakkaraHub_COK Cochin,6,5.0,5.995,0.0,0,Ignore
ElastcRunPipariyaODH_PPY Hoshangabad,1,5.0,4.976944444444444,0.0,0,Ignore
Santosh Vilas Telore NASHIK,1,5.0,5.032222222222222,0.0,0,Ignore
GANAGAPETAHUB_KDP KADAPA,6,5.0,4.994305555555556,0.0,0,Ignore
Navsari Hub Navsari,10,5.0,4.143611111111111,0.0,0,Ignore
Barasat Hub Kolkata,3,5.0,4.6241666666666665,0.0,0,Ignore
TalegaonHub_PNQ Talegaon,2,5.0,4.981805555555555,0.0,0,Ignore
Gorakhpur Hub Gorakhpur,2,5.0,5.049027777777777,0.0,0,Ignore
Goregaon Hub,5,5.0,2.278888888888889,0.0,0,Ignore
BandiAtmakuru CB KIRANA NANDYAL,2,5.0,5.049444444444444,0.0,0,Ignore
MutilHub_MUT Mutil,4,5.0,4.9783333333333335,0.0,0,Ignore
MUMBAI ETAIL WAREHOU,5252,5.0,2.7333333333333334,1.7,40,Prioritize for Clearing
BALEHUB_SSE SHOLAPUR,7,5.0,5.39,0.0,0,Ignore
Thiruvallur Hub Thiruvallur,2,5.0,4.950555555555555,0.0,0,Ignore
MiraRoad Hub Mumbai,19,5.0,4.073055555555555,0.0,0,Ignore
"Aurangabad, Maharashtra, IN",4,5.0,5.055277777777778,0.0,0,Ignore
HSR Hub Bengaluru,7,5.0,4.532222222222222,0.0,0,Ignore
AshokviharHub_DEL,10,5.0,0.5143055555555556,10.0,0,Ignore
"Chandapura, Karnataka, IN",11,5.0,3.4775,0.0,1,Prioritize for Clearing
Arora General Store GHAZIABAD,1,5.0,4.991666666666667,0.0,0,Ignore
TrivandrumHub Trivandrum,2,5.0,5.044861111111111,0.0,0,Ignore
ARKAN AND SONS AHMEDABAD,1,5.0,4.9911111111111115,0.0,0,Ignore
TrockoSainikpuriODH_HYD Hyderabad,3,5.0,6.123055555555555,0.0,0,Ignore
IdentifyPlusJaspurMDH_JSP Jaspur,1,5.0,5.013333333333334,0.0,0,Ignore
RathbariHub_LDA Englishbazar,1,5.0,5.043055555555555,0.0,0,Ignore
IND WAREHOUSE,51,5.0,3.75,2.0,3,Prioritize for Clearing
AnishabadHub_PAT PATNA,2,5.0,5.013888888888889,0.0,0,Ignore
AndheriWestHub_MUM Mumbai,61,5.0,5.410277777777778,0.0,3,Prioritize for Clearing
Madian Provision Store DEHRADUN,2,5.0,4.9880555555555555,0.0,0,Ignore
KuthuparambaHub_MKD,2,5.0,4.99875,0.0,0,Ignore
"Kakinada, ANDHRA PRADESH, IN",2,5.0,4.966666666666666,0.0,0,Ignore
Chanchel store NOIDA,1,5.0,5.024444444444445,0.0,0,Ignore
RingRoadHub_DED Dehradun,6,5.0,5.817916666666667,0.0,0,Ignore
"VPI/HUB-TSP, Vapi, GUJARAT",4,5.0,4.443194444444444,0.0,0,Ignore
"AHMEDABAD, GUJARAT, IN",22,5.0,5.118888888888889,0.0,2,Prioritize for Clearing
"Adapur, Raxual, BIHAR",1,5.0,4.973611111111111,0.0,0,Ignore
Khandwa,5,5.0,6.1625,0.0,0,Ignore
DistrictparkHub_DEL New Delhi,20,4.9,3.5594444444444444,0.0,0,Ignore
Berhampur Hub Berhampur,3,4.9,5.048611111111111,0.0,0,Ignore
AhknoorRoad_IXJ Jammu,8,4.9,3.350277777777778,0.0,0,Ignore
LAV KUSH INTERPRISES GURGAON,2,4.9,4.935555555555556,0.0,0,Ignore
BaddiHub_BDI Baddi,5,4.9,4.429166666666667,0.0,0,Ignore
Ishika stiching centre BATHINDA,1,4.9,4.91,0.0,0,Ignore
RepalleHub_RPL Repalle,1,4.9,4.918611111111111,0.0,0,Ignore
TWINCITYHUBtemp_HBX Hubli,1,4.9,4.918611111111111,0.0,0,Ignore
RahonMDH_RHN Nawanshahr,1,4.9,4.896944444444444,0.0,0,Ignore
Kanjirappally_KJP Pala,1,4.9,4.942222222222222,0.0,0,Ignore
SITICSKundaraODH_KDR kundara,3,4.9,5.228888888888889,0.0,0,Ignore
Pashupati JUNAGADH,2,4.9,4.88125,0.0,0,Ignore
KayamganjHub_FRR Farrukhabad,1,4.9,4.8725,0.0,0,Ignore
LalparHub,1,4.9,4.936111111111111,0.0,0,Ignore
GumlaHub_GMA Gumla,1,4.9,4.891111111111111,0.0,0,Ignore
"Akola, Maharashtra, IN",1,4.9,4.851111111111111,0.0,0,Ignore
Vijith M S store BANGALORE,1,4.9,4.920555555555556,0.0,0,Ignore
ElasticRunMahasamundODH_MHM Mahasamund,2,4.9,4.860972222222222,0.0,0,Ignore
CABTBerhampurSplitODH_BMP BERHAMPUR,1,4.9,4.928888888888889,0.0,0,Ignore
RajajiNagar Hub Bengaluru,8,4.9,4.9375,0.0,0,Ignore
HulimavuHub_BLR Bengaluru,6,4.9,3.0223611111111106,0.0,1,Prioritize for Clearing
Alisha Store NEW DELHI,1,4.9,4.925,0.0,0,Ignore
VijayNagarHub_DEL New Delhi,3,4.9,6.6075,0.0,0,Ignore
Aliganj Hub Lucknow,3,4.9,5.407222222222222,0.0,0,Ignore
GudurHub_GUD GUDUR,3,4.9,5.728888888888889,0.0,0,Ignore
MysoreRoadHub_BLR Bengaluru,11,4.9,5.435277777777777,0.0,1,Prioritize for Clearing
MarshaghaiMDH_MSG Kendrapada,2,4.9,4.920555555555556,0.0,0,Ignore
Banu store SALEM,1,4.9,4.866388888888889,0.0,0,Ignore
BugudaHub_GAM Buguda,2,4.9,4.926944444444445,0.0,0,Ignore
ThimmapuramHub_VTZ Vishakhapatnam,1,4.9,4.8725,0.0,0,Ignore
DayalpurMDH_JLR Kartarpur,1,4.9,4.9325,0.0,0,Ignore
Jamnagar Hub Jamnagar,11,4.9,4.94,0.0,0,Ignore
Rocks master kirana HYDERABAD,3,4.9,5.239722222222222,0.0,0,Ignore
A.S.ENTERPRISES KRISHNAGIRI,1,4.9,4.868888888888889,0.0,0,Ignore
Thanjavur Hub Thanjavur,6,4.9,4.988194444444445,0.0,0,Ignore
MekkaadHub_MKD,1,4.9,4.923333333333333,0.0,0,Ignore
UdgirHub_UDG Udgir,1,4.9,4.911944444444444,0.0,0,Ignore
DependoAdaviSrirampurODH_ADR Karim Nagar,2,4.9,4.939583333333333,0.0,0,Ignore
KazipetHub_WGL Kazipet,5,4.9,5.211111111111111,0.0,0,Ignore
Aurangabad Hub Aurangabad,9,4.9,4.713055555555556,0.0,0,Ignore
HEMLATA MUMBAI,3,4.9,4.6930555555555555,0.0,0,Ignore
RoshanpurHub_MEE Meerut,1,4.9,4.8613888888888885,0.0,0,Ignore
Pilani Hub Pilani,1,4.9,4.858055555555556,0.0,0,Ignore
WelcomeHub_DEL New Delhi,9,4.9,4.293055555555555,0.0,0,Ignore
NelamangalaHub_BLR Bengaluru,2,4.9,4.922361111111112,0.0,0,Ignore
Gurdaspur Hub Gurdaspur,2,4.9,4.930694444444445,0.0,0,Ignore
fkl_LKO,51,4.9,0.0022222222222222222,0.0,0,Ignore
"NEW TOWN, WEST BENGAL, IN",19,4.9,5.871944444444444,0.0,3,Prioritize for Clearing
CABTSachinODH_SAC SURAT,2,4.9,4.875,0.0,0,Ignore
Debashish mishra kirana BHADRAK,1,4.8,4.7875,0.0,0,Ignore
MananthavadyHub_MDY MANANTHAVADY,2,4.8,4.773472222222223,0.0,0,Ignore
Malayinkeezhuhub_MYZ Malayinkeezh,2,4.8,4.787777777777778,0.0,0,Ignore
PoonchODH_PNH Poonch,2,4.8,4.809027777777778,0.0,0,Ignore
ChitrapurHub_RMT Ramgarh,1,4.8,4.753888888888889,0.0,0,Ignore
GunaHub_GUN Guna,5,4.8,6.612222222222222,0.0,0,Ignore
AndarHub_SWN SIWAN,2,4.8,4.798333333333334,0.0,0,Ignore
Samrudhi Enterprises PUNE,1,4.8,4.758333333333333,0.0,0,Ignore
"Unnao, UTTAR PRADESH, IN",2,4.8,4.842499999999999,0.0,0,Ignore
NarasaraopetHub_NRT Narasaraopet,2,4.8,4.758472222222222,0.0,0,Ignore
SuniMDH_SHM Sunni,2,4.8,4.8381944444444445,0.0,0,Ignore
Rajni Store NEW DELHI,1,4.8,4.846388888888889,0.0,0,Ignore
UtangaraiHub_UTN UTANGARAI,3,4.8,5.573055555555555,0.0,0,Ignore
Amitvats store BAHADURGARH,2,4.8,4.754583333333334,0.0,0,Ignore
RAJLAXMI ENTERPRISES BEED,2,4.8,4.846666666666667,0.0,0,Ignore
"MAA/LH1, Chennai, TAMIL NADU",560,4.8,2.5472222222222225,0.4,2,Prioritize for Clearing
"Lucknow, Uttar Pradesh, IN",15,4.8,5.606944444444444,0.0,0,Ignore
CidcoHub_NDC Nanded,1,4.8,4.8375,0.0,0,Ignore
ChaukHub_LKO Lucknow,1,4.8,4.7988888888888885,0.0,0,Ignore
VasantKunj Hub Delhi,22,4.8,5.494583333333333,0.0,2,Prioritize for Clearing
ElasticRunSanathnagarODH_HYD Hyderabad,2,4.8,4.803472222222222,0.0,0,Ignore
"Palakkad, Kerala, IN",1,4.8,4.7775,0.0,0,Ignore
PalanpurHub_PLN Palanpur,5,4.8,4.7675,0.0,0,Ignore
ElasticRunJaripatkaODH_NAG Nagpur,11,4.8,6.421111111111111,0.0,0,Ignore
KakrolaHub_DEL Delhi,16,4.8,4.981805555555555,0.0,2,Prioritize for Clearing
Raavi Kite Store NAGPUR,1,4.8,4.82,0.0,0,Ignore
SiddharthViharHub_DEL,1,4.8,4.759166666666666,0.0,0,Ignore
BuldhanaHub_BLD Buldhana,6,4.8,5.42125,0.0,0,Ignore
VIKRAM CHAUHAN STORE MUMBAI,1,4.8,4.778888888888889,0.0,0,Ignore
Rajahmundry Hub Rajahmundary,1,4.8,4.825277777777778,0.0,0,Ignore
Shiva chanti MIRYALAGUDA,1,4.8,4.774444444444445,0.0,0,Ignore
PATAN CG,2,4.8,4.775,0.0,1,Ignore
SAROLI ETAIL OPERATIONS,1979,4.8,2.6666666666666665,3.2,4,Prioritize for Clearing
ShimlaHub_SHM Shimla,9,4.8,3.6225,0.0,0,Ignore
KOOTTANADHUB_KTD Pattambi,2,4.8,4.7868055555555555,0.0,0,Ignore
ChannasandraHub_BLR Bengaluru,5,4.8,3.8605555555555555,0.0,0,Ignore
"BINOLA INDUSTRIAL AREA, HARYANA, IN",14,4.8,5.276944444444444,0.0,0,Ignore
"Ahmedabad, Gujrat, IN",12,4.8,3.3270833333333334,0.0,1,Prioritize for Clearing
"BIRAPRATAPPUR, ODISHA, IN",1,4.8,4.768888888888889,0.0,0,Ignore
COCHIN TRANSIT HUBB,6,4.8,2.8333333333333335,0.0,1,Prioritize for Clearing
PeddapallyMDH_PED Peddapally,1,4.8,4.821666666666666,0.0,0,Ignore
DhuleHub_DHL Dhule,5,4.8,5.356111111111111,0.0,0,Ignore
PGIHub_LKO Lucknow,8,4.8,4.996944444444445,0.0,0,Ignore
ShahdaraHub_DEL Delhi,18,4.8,3.9744444444444444,0.0,0,Ignore
SALEM MINI HUB,66,4.8,3.716666666666667,0.0,0,Ignore
POOJAKIRANASTORE NEW DELHI,1,4.8,4.801388888888889,0.0,0,Ignore
Ibrahimpatnam,2,4.8,4.8318055555555555,0.0,0,Ignore
DaundHub_DUN Daund,1,4.8,4.813888888888889,0.0,0,Ignore
ArekereHub_BLR Bengaluru,10,4.7,3.753611111111111,0.0,0,Ignore
Manju beauty parlour LUCKNOW,1,4.7,4.739722222222222,0.0,0,Ignore
Thiruthuraipoondiodh_TPD Thiruthuraipoondi,2,4.7,4.6876388888888885,0.0,0,Ignore
VastralMetroODH_VAS Ahmedabad,2,4.7,4.656666666666666,0.0,0,Ignore
Karnal Hub Karnal,4,4.7,3.722916666666667,0.0,0,Ignore
BhandupHub_MUM Mumbai,20,4.7,4.915,0.0,0,Ignore
ToranagalluHub_TGL Bellary,5,4.7,4.009444444444444,0.0,0,Ignore
BellaryFortHub_BLY Bellary,1,4.7,4.6563888888888885,0.0,0,Ignore
MarinedriveHub_RPR Raipur,5,4.7,5.146944444444444,0.0,0,Ignore
MadhepuraHub_DMH,1,4.7,4.6994444444444445,0.0,0,Ignore
SawaimadhopurHub_saw sawai madhopur,2,4.7,4.692222222222222,0.0,0,Ignore
RJSCKohimaODH_KHM Kohima,2,4.7,4.725833333333333,0.0,0,Ignore
KOLAYADHUB_KOL Kannur,2,4.7,4.6738888888888885,0.0,1,Ignore
Tuticorin Hub Tuticorin,6,4.7,4.733472222222222,0.0,0,Ignore
MAHESH GAWALI VASAI,1,4.7,4.654722222222222,0.0,0,Ignore
Rajkot Hub Rajkot,15,4.7,5.0377777777777775,0.0,0,Ignore
Amit Kalambate AJRA,1,4.7,4.6994444444444445,0.0,0,Ignore
"SRT/PC2, Surat, GUJARAT",1978,4.7,3.5429166666666667,0.3,88,Prioritize for Clearing
SattenapalliHub_STN,1,4.7,4.653333333333333,0.0,0,Ignore
DariaODH_CGH Chandigarh,2,4.7,4.742638888888889,0.0,0,Ignore
PinjoreODH_PNJ Pinjore,2,4.7,4.654583333333333,0.0,0,Ignore
Rupnarayanpurhub_ASN,1,4.7,4.661666666666667,0.0,0,Ignore
"Vijayawada, ANDHRA PRADESH, IN",17,4.7,6.155,0.0,2,Prioritize for Clearing
Siliguri Hub Siliguri,2,4.7,4.66625,0.0,0,Ignore
KhusropurMDH_KOO Patna,1,4.7,4.722777777777778,0.0,0,Ignore
JARMUNDIHUB_JMD movva,2,4.7,4.738611111111111,0.0,0,Ignore
KwarsiHighwayHub_ALG Aligarh,4,4.7,5.021805555555556,0.0,0,Ignore
Vettichira,5,4.7,5.856944444444444,0.0,1,Prioritize for Clearing
Vikashpurihub_DEL Delhi,59,4.7,4.061388888888889,0.0,3,Prioritize for Clearing
BhujHub_BHJ Bhuj,7,4.7,4.2325,0.0,0,Ignore
"Delhi, DL, IN",107,4.7,3.081111111111111,2.8,8,Prioritize for Clearing
BoriviliHub_MUM,7,4.7,2.0280555555555555,0.0,0,Ignore
LakhisaraiHub_LKR Lakhisarai,2,4.7,4.716944444444445,0.0,0,Ignore
SholingurODH_SLG Arakkonam,2,4.7,4.660555555555556,0.0,0,Ignore
ElasticRunPatuliODH_KOL Kolkata,2,4.7,4.726527777777778,0.0,0,Ignore
JagmohannagarMDH_BBI Bhubaneswar,3,4.7,3.4530555555555558,0.0,0,Ignore
GiaipuraOSH_LUH Ludhiana,1,4.7,4.653333333333333,0.0,0,Ignore
ElasticRunRaipurSplitODH_RPR Raipur,6,4.7,4.560972222222222,0.0,0,Ignore
UnnaoHub_UNN Unnao,1,4.7,4.710277777777778,0.0,0,Ignore
GnanabharathiOSH_BLR,1,4.7,4.7475,0.0,0,Ignore
"TINDIVANAM, TAMIL NADU, IN",1,4.7,4.678055555555556,0.0,0,Ignore
JarasinghaODH_ANG Angul,1,4.6,4.6113888888888885,0.0,0,Ignore
KhanakulMDH_AMB Chinsurah,1,4.6,4.636666666666667,0.0,0,Ignore
"Kerala, Palghat, IN",6,4.6,4.325138888888889,0.0,0,Ignore
Kishor Kirana Store THANE,1,4.6,4.626111111111111,0.0,0,Ignore
Kochi Hub Cochin,4,4.6,4.8100000000000005,0.0,0,Ignore
KarawalNagarHub_DEL Delhi,6,4.6,3.4352777777777774,0.0,0,Ignore
KosliHub_KOS KOSLI,2,4.6,4.602499999999999,0.0,0,Ignore
KAMLESH FAST FOOD SHIMLA,1,4.6,4.5525,0.0,0,Ignore
"Kalyani, West Bengal, IN",7,4.6,2.5408333333333335,0.0,0,Ignore
LoadshareCuttackSplitODH_BBI Cuttack,3,4.6,3.6094444444444442,0.0,0,Ignore
"Jamshedpur, Jharkhand, IN",2,4.6,4.567083333333333,0.0,0,Ignore
Mahima store ROURKELA,1,4.6,4.565555555555556,0.0,0,Ignore
Manarcadu_MRD Kottayam,5,4.6,6.093333333333334,0.0,0,Ignore
IdentifyplusBhagalpurSplitODH_BGP Bhagalpur,4,4.6,3.5675,0.0,0,Ignore
HuvinahadagaliHub_HUV HuvinaHadagali,3,4.6,3.1508333333333334,0.0,0,Ignore
"MORINDA, PUNJAB, IN",2,4.6,4.551388888888889,0.0,0,Ignore
MuluguHub_WGL Mulugu,1,4.6,4.611666666666666,0.0,0,Ignore
GurgaonMilestoneHub_DEL Gurugram,25,4.6,3.6333333333333333,0.0,1,Prioritize for Clearing
GAURAV MOTORS UDAIPUR,1,4.6,4.56,0.0,0,Ignore
NigadiHub_PUNE Pune,11,4.6,4.535833333333334,0.0,0,Ignore
ElasticRunVapiODH_AMD Vapi,1,4.6,4.6066666666666665,0.0,0,Ignore
Panchkula Hub Panchkula,6,4.6,4.553333333333334,0.0,0,Ignore
PARVATI SERVICE CENTER,388,4.6,4.516666666666667,0.8,0,Ignore
DURGA STORES MUSIRI,1,4.6,4.588333333333333,0.0,0,Ignore
Pimpri Hub,1,4.6,4.559722222222222,0.0,0,Ignore
RajaRajeswariNagarHub_BLR Bangalore,6,4.6,2.18125,0.0,0,Ignore
Chhatrapur,4,4.6,4.508611111111111,0.0,0,Ignore
RishikeshHub_HRD Haridwar / Rishikesh,2,4.6,4.5600000000000005,0.0,0,Ignore
RTO CPU BHUBANESWAR,2,4.6,4.6,0.0,0,Ignore
CABTSRNagarODH_HYD HYDERABAD,5,4.6,5.878611111111111,0.0,0,Ignore
CABTHaridwarSplitODH_HRD,1,4.6,4.578611111111111,0.0,0,Ignore
SARAVANA TILES SALEM,1,4.6,4.648888888888889,0.0,0,Ignore
BSD GOOS CARRIER GURGAON,1,4.6,4.643888888888889,0.0,0,Ignore
shardha master kirana K.V.RANGAREDDY,1,4.6,4.560277777777777,0.0,0,Ignore
Bhagalpur Hub Bhagalpur,2,4.6,4.564027777777778,0.0,0,Ignore
BegusaraiHub_BGI,1,4.6,4.6466666666666665,0.0,0,Ignore
Swamy Store RAJAHMUNDRY,1,4.6,4.570833333333333,0.0,0,Ignore
"Barabanki, UTTAR PRADESH, IN",4,4.6,4.373749999999999,0.0,0,Ignore
TahliwalMDH_THL Una,1,4.6,4.599722222222222,0.0,0,Ignore
BanswaraHub_BAS banswara,3,4.6,5.7675,0.0,0,Ignore
TaverekereHub_BLR,2,4.6,4.598194444444444,0.0,0,Ignore
AurangabadBiharHub_AWB Aurangabad,2,4.6,4.599722222222223,0.0,0,Ignore
Atharv Kirana And General Store AMBAD,1,4.6,4.6497222222222225,0.0,0,Ignore
TrimurtiNagar Hub Nagpur,19,4.6,3.8316666666666666,0.0,2,Prioritize for Clearing
TTSPLDungarpurODH_DNG Dungarpur H.O,1,4.6,4.6002777777777775,0.0,0,Ignore
Udaipur Hub Udaipur,9,4.6,3.253888888888889,0.0,0,Ignore
AmgaonMDH_AMG Amgao,1,4.6,4.591111111111111,0.0,0,Ignore
AlipurduarHub_ADP Alipurduar,2,4.6,4.633055555555556,0.0,0,Ignore
VijayanagarHub_BLR Bengaluru,12,4.6,3.9258333333333333,0.0,0,Ignore
AmazeKagalODH_KAG Kagal,2,4.5,4.476527777777777,0.0,0,Ignore
MOTLA SRIKANTH OWN HOUSE WARANGAL,2,4.5,4.476944444444444,0.0,0,Ignore
AuraiyaHub_ARY AURAIYA,2,4.5,4.499583333333334,0.0,0,Ignore
DwarakaTirumulaHub_DTM bhimadole,2,4.5,4.466805555555556,0.0,0,Ignore
Transport Nagar Hub Lucknow,3,4.5,4.101666666666667,0.0,0,Ignore
FaizabadHub_FZB Faizabad,4,4.5,4.079583333333334,0.0,0,Ignore
"CHERUVAKKAL1, Cheruvakkal, KERALA",2,4.5,4.543333333333334,0.0,1,Ignore
ChandhanappalliHub_CPI Chandhanappalli,2,4.5,4.472777777777778,0.0,0,Ignore
PrincyGhodasarODH_AMD AHMEDABAD,6,4.5,3.655972222222222,0.0,0,Ignore
RatiaODH_RTA Ratia,3,4.5,4.590833333333333,0.0,0,Ignore
Wadi Hub Nagpur,6,4.5,4.625,0.0,0,Ignore
SaketHub_DEL Delhi,40,4.5,4.898888888888889,0.0,2,Prioritize for Clearing
Rohit Aggarwal GURGAON,1,4.5,4.487222222222222,0.0,0,Ignore
Agra Hub Agra,11,4.5,5.250555555555556,0.0,1,Prioritize for Clearing
PatialaHubtemp_PTA Patiala,2,4.5,4.545416666666666,0.0,0,Ignore
"Kamothe, Maharashtra, IN",6,4.5,4.721527777777778,0.0,0,Ignore
BilaspurHub_BLS BILASPUR,2,4.5,4.469305555555556,0.0,0,Ignore
TIRUNELVELI HUB,50,4.5,3.6833333333333336,0.0,2,Prioritize for Clearing
Gumti Hub Kanpur,4,4.5,4.481111111111112,0.0,0,Ignore
Misroutehub_SectorV_KOL Kolkata,1,4.5,4.482777777777778,0.0,0,Ignore
Star stationary MUMBAI,1,4.5,4.456111111111111,0.0,0,Ignore
Kaderkhan SURAT,1,4.5,4.5472222222222225,0.0,0,Ignore
IdentifyplusTikamgarhODH_TGH Tikamgarh,1,4.5,4.5125,0.0,0,Ignore
KirariMDH_KIR Chandrapur,1,4.5,4.4575,0.0,0,Ignore
Peelamedu Hub Coimbatore,8,4.5,4.8566666666666665,0.0,1,Prioritize for Clearing
CLEAN INDIA CO. GHAZIABAD,2,4.5,4.454722222222222,0.0,0,Ignore
Nawalgarh,4,4.5,4.83236111111111,0.0,1,Ignore
INDIQUICK_177113_177113_177105_TTSPLDehraODH_DHR HAMIRPUR,2,4.5,4.549305555555556,0.0,0,Ignore
GaraHub_SKM,1,4.5,4.486666666666666,0.0,0,Ignore
GINDY COD PROCESSING UNIT,29,4.5,5.4,0.0,0,Ignore
CollegeRoad Hub Nashik,15,4.5,5.326388888888889,0.0,1,Prioritize for Clearing
Mohali Hub Mohali,9,4.5,2.455277777777778,0.0,0,Ignore
CABTJaoraODH_JRA Jaora,1,4.5,4.500277777777778,0.0,0,Ignore
ChirawaMDH_CHR Chirawa,1,4.5,4.456944444444445,0.0,0,Ignore
IchakHub_HZB HAZARIBAGH,1,4.5,4.456944444444445,0.0,0,Ignore
Panjim Hub Panjim,3,4.5,5.1963888888888885,0.0,0,Ignore
LaturHub_LTU,2,4.5,4.4622222222222225,0.0,1,Ignore
RoorkeeHub_HRD Roorkee,3,4.5,4.432777777777778,0.0,0,Ignore
ShadowFaxBhawanigarhODH_BHA Bhawaigarh,2,4.5,4.474444444444444,0.0,0,Ignore
BhandaraHub_BHR Bhandara,4,4.5,4.2411111111111115,0.0,0,Ignore
"KOHIMA, NAGALAND, IN",3,4.5,1.9775,0.0,0,Ignore
Mahalakshmi agencies OOTY,1,4.5,4.456944444444445,0.0,0,Ignore
"HANSI, HARYANA, IN",2,4.5,4.534861111111111,0.0,0,Ignore
BonguluruJunctionHub_HYD Hyderabad,4,4.5,2.6527777777777777,0.0,0,Ignore
DurgachakMDH_HLD Haldia,2,4.5,4.5125,0.0,0,Ignore
Nizamuddin shaikh store MUMBAI,1,4.5,4.506388888888889,0.0,0,Ignore
Hadapsar Hub Pune,16,4.4,4.086111111111111,0.0,0,Ignore
DalhousieMDH_CHM Bakloh,1,4.4,4.419722222222222,0.0,0,Ignore
MahabubabadHub_MHB Mahabubabad,2,4.4,4.4343055555555555,0.0,0,Ignore
MangoCityHub_SXV Salem,6,4.4,3.9675000000000002,0.0,0,Ignore
"THANE, MAHARASHTRA, IN",7,4.4,5.055555555555555,0.0,0,Ignore
HoodiHub_BLR Bengaluru,7,4.4,5.666666666666667,0.0,1,Prioritize for Clearing
MarangiODH_KIR Katihar,1,4.4,4.4127777777777775,0.0,0,Ignore
SiddipetHub_SDP Siddipet,3,4.4,4.615,0.0,0,Ignore
BavlaHub_AMD Ahmedabad,1,4.4,4.395277777777777,0.0,0,Ignore
AkotaMDH_AKT Akota,3,4.4,5.555833333333333,0.0,0,Ignore
BasudevpurHub_BAW Baleshwar,1,4.4,4.384166666666666,0.0,0,Ignore
MiyapurHub_Hyd Hyderabad,13,4.4,3.513611111111111,0.0,0,Ignore
SANAUR,2,4.4,4.446944444444444,0.0,0,Ignore
ElasticRunSiddhpurODH_SDR SIDDHPUR,3,4.4,4.298333333333333,0.0,0,Ignore
Thirunelveli Hub Tirunelveli,4,4.4,4.656805555555556,0.0,0,Ignore
ChalakkudiHub_CKY,1,4.4,4.390555555555555,0.0,0,Ignore
"RAIRANGPUR, ODISHA, IN",8,4.4,0.8594444444444445,0.0,0,Ignore
GodavarikhaniHub_GDK Godavarikhani,3,4.4,4.215833333333333,0.0,0,Ignore
KoorieeHayathnagarODH_HYD Hyderabad,1,4.4,4.354166666666667,0.0,0,Ignore
LUDHIANA RSP HUB,148,4.4,4.166666666666667,1.4,9,Prioritize for Clearing
JHAN,29,4.4,3.786388888888889,0.0,0,Ignore
AlwalHub_HYD Hyderabad,3,4.4,4.5936111111111115,0.0,0,Ignore
DhemajiHub_DMC Dhemaji,1,4.4,4.441388888888889,0.0,0,Ignore
Chandannagar Hub Hoogly,6,4.4,3.907222222222222,0.0,0,Ignore
ChambaHub_CHM CHAMBA,1,4.4,4.404444444444445,0.0,0,Ignore
Patiala Hub Patiala,21,4.4,3.625,0.0,0,Ignore
ChintamaniHub_CMY Chintamani,12,4.4,5.311805555555555,0.0,1,Prioritize for Clearing
SamralaHub_SAM SAMRALA,3,4.4,4.68,0.0,0,Ignore
"PANDUA, WEST BENGAL, IN",4,4.4,4.289027777777777,0.0,0,Ignore
"DERA BASSI INDUSTRIAL AREA, PUNJAB, IN",3,4.4,4.301944444444445,0.0,0,Ignore
KoyilandyHub_KYD Kozhikode,1,4.4,4.371111111111111,0.0,0,Ignore
Nagercoil Hub,2,4.4,4.381944444444445,0.0,0,Ignore
Vijay store MANDI,1,4.4,4.400555555555556,0.0,0,Ignore
BallyMDH_KOL Howrah,4,4.4,3.72375,0.0,0,Ignore
BulandshahrHub_BUR Bulandshahr,1,4.4,4.362222222222222,0.0,0,Ignore
Vishal Mobiles and stationary ETAWAH,1,4.4,4.351111111111111,0.0,0,Ignore
SivagangaiHub_SAI Sivagangai,1,4.4,4.386666666666667,0.0,0,Ignore
"FULERTAL, fulertal, ASSAM",2,4.4,4.359444444444445,0.0,1,Ignore
AsureswarMDH_KNP Kendarapara,1,4.4,4.370555555555556,0.0,0,Ignore
Gobindgarh Hub Gobindgarh,4,4.4,3.9679166666666665,0.0,0,Ignore
Jai bhagwan NEW DELHI,1,4.4,4.370277777777778,0.0,0,Ignore
RAJU KATTA NALGONDA,2,4.4,4.350138888888889,0.0,0,Ignore
HospetHub_HPT Hospet,2,4.3,4.324583333333333,0.0,0,Ignore
KunkuriHub_KUN jashpur,1,4.3,4.346111111111111,0.0,0,Ignore
SangamnerHub_SGM Sangamner,3,4.3,3.6077777777777778,0.0,0,Ignore
Godhra Hub Godhra,2,4.3,4.2948611111111115,0.0,0,Ignore
KalyanNagar Hub,1,4.3,4.330555555555556,0.0,0,Ignore
SiwanHub_SWN Siwan,2,4.3,4.311111111111111,0.0,0,Ignore
Manikandan Home SALEM,1,4.3,4.333888888888889,0.0,0,Ignore
HHARSH STORE NEW DELHI,1,4.3,4.3275,0.0,0,Ignore
Sigra Hub Varanasi,3,4.3,4.233888888888889,0.0,0,Ignore
"Sultanpur, UTTAR PRADESH, IN",2,4.3,4.261527777777777,0.0,0,Ignore
ElasticRunGuskaraODH_GKH,1,4.3,4.298611111111111,0.0,0,Ignore
NIBMHub_PUNE Pune,10,4.3,3.2844444444444445,0.0,0,Ignore
"IDR/RTO, Indore, MADHYA PRADESH",3,4.3,5.156944444444444,0.0,0,Ignore
BarmerHub_BMR Barmer,2,4.3,4.265416666666667,0.0,0,Ignore
PanayikkulamHub_PNK Varapuzha,6,4.3,4.809722222222222,0.0,0,Ignore
Dhamtari,4,4.3,4.325972222222222,0.0,2,Ignore
PidugurallaODH_STN Piduguralla,2,4.3,4.288055555555555,0.0,0,Ignore
JaipurMansaroverHub_JAI Jaipur,7,4.3,6.008055555555556,0.0,1,Prioritize for Clearing
Thiroor,2,4.3,4.286944444444444,0.0,1,Ignore
WarjeHub_PUNE Warje,7,4.3,5.198611111111111,0.0,1,Prioritize for Clearing
JangaonHub_JGN Janagaon,2,4.3,4.319583333333334,0.0,0,Ignore
jayant kirana JAIPUR,1,4.3,4.299722222222222,0.0,0,Ignore
Robertsganj,2,4.3,4.272777777777777,0.0,0,Ignore
HaliyalHub_HYL Haliyal,3,4.3,2.602222222222222,0.0,0,Ignore
MANNARKKADHUB_MRK Mannarkkad,2,4.3,4.300694444444445,0.0,0,Ignore
Pritam Kumar NEW DELHI,3,4.3,2.8905555555555558,0.0,0,Ignore
Extra Traders. RFK ALAPPUZHA,1,4.3,4.303888888888889,0.0,0,Ignore
JhunjhunuHub_JNJ Jhunjhunu,2,4.3,4.270694444444445,0.0,0,Ignore
DapoliMDH_DAP Dapol,1,4.3,4.279444444444445,0.0,0,Ignore
Gajuwaka Hub,1,4.3,4.274444444444445,0.0,0,Ignore
ParvathipuramHub_PPM parvathipuram,1,4.3,4.304722222222222,0.0,0,Ignore
"Vasai/hub, Vasai, MAHARASHTRA",1597,4.3,3.367777777777778,0.1,6,Prioritize for Clearing
LargeLogicJulurupadODH_JPD khammam,1,4.3,4.346111111111111,0.0,0,Ignore
Balussery,2,4.3,4.263055555555555,0.0,1,Ignore
Raipur Hub Raipur,5,4.3,4.515833333333333,0.0,0,Ignore
COD PROCESSING CENTRE 4,318,4.3,4.6,0.3,0,Ignore
KADAVANTHARAHUB_KVA Ernakulam,7,4.3,4.0325,0.0,0,Ignore
T.Sampath Kirana WARANGAL,1,4.3,4.342222222222222,0.0,0,Ignore
CABTDayalnagarODH_DAY,1,4.3,4.336944444444445,0.0,0,Ignore
CitycenterNoidaHub_DEL Noida,9,4.3,2.917777777777778,0.0,0,Ignore
Kakinada Hub,2,4.3,4.295972222222222,0.0,0,Ignore
"DULIAJAN, ASSAM, IN",4,4.3,4.276805555555556,0.0,0,Ignore
VIP GENERAL STORE NELLORE,1,4.3,4.3116666666666665,0.0,0,Ignore
IdentifyPlusChikkathirupathiMDH_MLR Malur,1,4.3,4.333333333333333,0.0,0,Ignore
JalaunHub_JAU JALAUN,1,4.2,4.1691666666666665,0.0,0,Ignore
"Madurai, TAMIL NADU, IN",3,4.2,4.3597222222222225,0.0,0,Ignore
GhansoliHub_MUM Mumbai,12,4.2,2.9444444444444446,0.0,0,Ignore
ChinhatHub_LKO Lucknow,2,4.2,4.164722222222222,0.0,0,Ignore
Changanassery_CGY Tiruvalla,1,4.2,4.168333333333333,0.0,0,Ignore
ChengannurHub_CNN CHENGANNUR,6,4.2,3.328333333333333,0.0,0,Ignore
Jalandhar Hub Jalandhar,4,4.2,3.989861111111111,0.0,0,Ignore
BeEnRouteAyikkarapadiODH_AYP MALAPURAM,3,4.2,4.015555555555555,0.0,0,Ignore
BuldhanaHub_BLD,1,4.2,4.2283333333333335,0.0,0,Ignore
DependoTollygunjODH_KOL,1,4.2,4.231388888888889,0.0,0,Ignore
Tiruchirappalli,2,4.2,4.245277777777778,0.0,1,Ignore
VasaiWestHub_MUM Mumbai,3,4.2,4.790555555555556,0.0,0,Ignore
VS Store RAJAHMUNDRY,1,4.2,4.243055555555555,0.0,0,Ignore
Ujjain Hub Ujjain,8,4.2,3.941527777777778,0.0,0,Ignore
"MAHUVA, GUJARAT, IN",1,4.2,4.229444444444445,0.0,0,Ignore
"BHIWANDI, Maharashtra, IN",591,4.2,2.7725,0.7,0,Ignore
Dhankawadi Hub,3,4.2,0.3466666666666667,0.0,0,Ignore
VayathurHub_VYT,1,4.2,4.245555555555556,0.0,0,Ignore
ElasticRunPatuliODH_KOL,1,4.2,4.211944444444445,0.0,0,Ignore
Medinipur,1,4.2,4.204722222222222,0.0,0,Ignore
KalimpongHub_KMG KALIMPONG,3,4.2,3.294722222222222,0.0,0,Ignore
ParbhaniHub_PBN Parbhani,2,4.2,4.204722222222222,0.0,0,Ignore
ErattupettaHub_ETP Erattupetta,3,4.2,5.043055555555555,0.0,0,Ignore
NedumangaduHub_NDD,1,4.2,4.223888888888889,0.0,0,Ignore
LalgudiHub_LAL Lalgudi,2,4.2,4.1755555555555555,0.0,0,Ignore
AirportrdHub_HSS Hissar,3,4.2,2.6752777777777776,0.0,0,Ignore
SHAKTAWAT ENTERPRISES UDAIPUR,6,4.2,2.977361111111111,0.0,0,Ignore
HatibariMDH_SBP Sambalpur,1,4.2,4.178333333333334,0.0,0,Ignore
Peeragarhi Hub Delhi,22,4.2,4.1025,0.0,2,Prioritize for Clearing
Shree Nandikeshwara chicken stall MANGALORE,1,4.2,4.2444444444444445,0.0,0,Ignore
PanchkulaSec20Hub_PKL Panchkula,7,4.2,2.5569444444444445,0.0,0,Ignore
B2_CB VISNAGAR,1,4.2,4.200833333333334,0.0,0,Ignore
SangrurHubtemp_SNR Sangrur,5,4.2,6.0313888888888885,0.0,1,Prioritize for Clearing
TarikereHub_TRK Tarikere,1,4.2,4.224444444444444,0.0,0,Ignore
BetulHub_BTL Betul,3,4.2,2.8525,0.0,0,Ignore
"BELAGAVI, KARNATAKA, IN",2,4.2,4.201388888888889,0.0,0,Ignore
"Dinhata, Dinhata, WEST BENGAL",1,4.2,4.195277777777778,0.0,0,Ignore
TajganjHub_AGR Agra,13,4.2,5.489722222222222,0.0,2,Prioritize for Clearing
Manipal Hub Manipal,7,4.2,4.6866666666666665,0.0,0,Ignore
PattiODH_PTT Patti,5,4.2,3.3986111111111112,0.0,0,Ignore
Allahabad Hub Allahabad,4,4.2,3.698611111111111,0.0,0,Ignore
JharsugudaHub_JSG Jharsuguda,1,4.2,4.235555555555556,0.0,0,Ignore
RajendraparkHub_DEL New Delhi,18,4.2,3.9868055555555557,0.0,2,Prioritize for Clearing
ProdatturHub_PDT Prodattur,6,4.2,4.721388888888889,0.0,0,Ignore
CanttAmbalaHub_UMB Ambala,8,4.2,4.065416666666667,0.0,0,Ignore
GagaNagarHub_MEE Meerut,11,4.2,2.640833333333333,0.0,1,Prioritize for Clearing
CHHAGANBHAI KIRANA SURAT,1,4.2,4.176111111111111,0.0,0,Ignore
Bidadi,1,4.2,4.220833333333333,0.0,1,Ignore
chhota bheem store PUDUKKOTTAI,1,4.2,4.178888888888889,0.0,0,Ignore
GolgharHub_GOP Gorakhpur,3,4.2,4.1802777777777775,0.0,0,Ignore
Bareilly Hub Bareilly,2,4.2,4.218194444444444,0.0,0,Ignore
Panipat Hub Panipat,3,4.2,5.0375,0.0,0,Ignore
OllurHub_TCR Thrissur,2,4.2,4.212222222222222,0.0,0,Ignore
PrincyChandkhedaODH_AMD AHMEDABAD,4,4.2,4.504444444444445,0.0,0,Ignore
Braazo_148030_Chajli LEHRAGAGA,3,4.2,7.427777777777778,0.0,1,Ignore
KakkanadHub_COK Ernakulam,3,4.2,4.719444444444444,0.0,0,Ignore
"Ahmedabad, GUJARAT, IN",5,4.2,2.975277777777778,0.0,0,Ignore
HaflongHub_LFG Haflong,3,4.2,2.843888888888889,0.0,0,Ignore
AeroCityMohaliHub_IXC,2,4.2,4.200972222222222,0.0,0,Ignore
Mukesh Patel kirana VALSAD,1,4.2,4.241388888888889,0.0,0,Ignore
SurajpurNoidahub_DEL Noida,6,4.1,3.0011111111111113,0.0,0,Ignore
HoysalaHub_HSN Hassan,1,4.1,4.1177777777777775,0.0,0,Ignore
ElasticRunBhubaneswarODH_BBI Bhubaneswar,3,4.1,3.9027777777777777,0.0,0,Ignore
Chakur,4,4.1,2.450138888888889,0.0,0,Ignore
SupaulHub_SOU Supaul,1,4.1,4.113333333333333,0.0,0,Ignore
RewaHub_RWA Rewa,2,4.1,4.139305555555556,0.0,0,Ignore
GautamnagarHub_BBI Bhubaneswar,1,4.1,4.099166666666667,0.0,0,Ignore
Cheturam Bhoi KALAHANDI,1,4.1,4.061944444444444,0.0,0,Ignore
BawanaHub_DEL Delhi,3,4.1,4.761388888888889,0.0,0,Ignore
ChhindwaraHub_CHH Chhindwara,2,4.1,4.125416666666666,0.0,0,Ignore
Surender Kumar RAISINGHNAGAR,3,4.1,8.028333333333332,0.0,1,Ignore
VxpressSayalODH_SAY Ramgarh,1,4.1,4.147222222222222,0.0,0,Ignore
KankarBagh Hub Patna,2,4.1,4.060555555555555,0.0,0,Ignore
KRISHNA SARKAR HOME RAIGANJ,1,4.1,4.053333333333334,0.0,0,Ignore
Akram cold drink GHAZIABAD,1,4.1,4.0616666666666665,0.0,0,Ignore
Kalyan Hub Mumbai,7,4.1,3.180277777777778,0.0,1,Prioritize for Clearing
Gajuwaka Hub Vishakapatnam,2,4.1,4.077916666666667,0.0,0,Ignore
KaikalurHub_KKR Kaikalur,1,4.1,4.056666666666667,0.0,0,Ignore
Tanmaya behera CHATRAPUR,2,4.1,4.108472222222222,0.0,0,Ignore
MURI,2,4.1,4.07125,0.0,0,Ignore
Saran,2,4.1,4.111805555555556,0.0,0,Ignore
SarangpurMDH_SAR Raigarh,3,4.1,3.040277777777778,0.0,0,Ignore
KhambhaliaHub_KBH Khambhalia,1,4.1,4.141944444444444,0.0,0,Ignore
MundkaHub_DEL,4,4.1,1.0177777777777777,0.0,0,Ignore
FocalPointHub_LUH,1,4.1,4.106388888888889,0.0,0,Ignore
SasanHub_KOL KOLKATA,1,4.1,4.080277777777778,0.0,0,Ignore
Habsiguda Hub Hyderabad,6,4.1,2.4947222222222223,0.0,0,Ignore
Valsad Hub Valsad,15,4.1,4.761111111111111,0.0,1,Prioritize for Clearing
Bhatinda Hub Bhatinda,6,4.1,3.559861111111111,0.0,0,Ignore
ElasticRunNimtaODH_KOL Kolkata,3,4.1,1.8441666666666667,0.0,0,Ignore
PrincyAnkleshwarODH_ANK ANKLESHWAR,6,4.1,3.8154166666666667,0.0,0,Ignore
ThaliparambaHub_KAN Kannur,3,4.1,5.08,0.0,0,Ignore
BrijmanganjMDH_BRI Brijmanganj,1,4.1,4.13,0.0,0,Ignore
PalacecityHub_MYS Mysore,2,4.1,4.120694444444444,0.0,0,Ignore
"Pondichery, KURUCHIKUPPAM, TAMIL NADU",14,4.1,3.494583333333333,0.0,0,Ignore
MadanapalleeHub_MDP Madanapallee,4,4.1,4.275555555555556,0.0,0,Ignore
Bonthu Satyanarayana EAST GODAVARI,1,4.1,4.143888888888889,0.0,0,Ignore
HardaHub_HAR Harda,1,4.1,4.068611111111111,0.0,0,Ignore
SindrisplitODH_DBD Dhanbad,2,4.1,4.106527777777778,0.0,0,Ignore
Montu das NEW DELHI,1,4.1,4.075555555555556,0.0,0,Ignore
HarsoolODH_IXU Aurangabad,5,4.1,3.8858333333333333,0.0,0,Ignore
DhandhukaMDH_DHN Dhandhuka,2,4.1,4.070416666666667,0.0,0,Ignore
"TURKAPALLY, TELANGANA, IN",1,4.1,4.074166666666667,0.0,0,Ignore
AonlaMDH_BRY Aliganj,2,4.1,4.084861111111111,0.0,0,Ignore
ShalimarGardenHub_DEL Ghaziabad,5,4.1,4.252777777777778,0.0,0,Ignore
TTSPLThiruvaroorODH_THV Thiruvarur,3,4.1,1.5569444444444445,0.0,0,Ignore
IdentifyPlusKhararODH_KHR Kharar,2,4.1,4.082361111111111,0.0,0,Ignore
BIKRAM STORE KRISHNAGAR,1,4.1,4.1386111111111115,0.0,0,Ignore
Manish Goyal Enterprise HISAR,1,4.1,4.0872222222222225,0.0,0,Ignore
IdentifyPlusRajsamandODH_RJS Nathdwara,1,4.0,4.0216666666666665,0.0,0,Ignore
SASPattambiODH_PLM Pattambi,4,4.0,3.5497222222222224,0.0,0,Ignore
"BHARUCH, GUJARAT, IN",1,4.0,3.9788888888888887,0.0,0,Ignore
ShyamnagarHub_KOL Kolkata,3,4.0,3.6630555555555557,0.0,1,Ignore
Jalgaon Hub Jalgaon,8,4.0,4.568194444444444,0.0,0,Ignore
CABTMankunduODH_MNK Chandannagar,2,4.0,4.011666666666667,0.0,0,Ignore
MhowHub_IDR Indore,2,4.0,4.007361111111111,0.0,0,Ignore
VyaraHub_VYR Vyara,3,4.0,4.431666666666667,0.0,0,Ignore
NoonmatiHub_GAU Guwahati,2,4.0,4.041944444444445,0.0,0,Ignore
"VASAI VIRAR, MAHARASHTRA, IN",13,4.0,5.269722222222223,0.0,1,Prioritize for Clearing
ETAIL CPU,181,4.0,2.2333333333333334,2.8,0,Ignore
Harsh store JUNAGADH,1,4.0,3.9630555555555556,0.0,0,Ignore
KalwarroadHub_JAI Jaipur,11,4.0,4.611111111111111,0.0,2,Prioritize for Clearing
Khalsa store NEW DELHI,1,4.0,4.049722222222222,0.0,0,Ignore
SriGanganagar Hub Sri Ganganagar,2,4.0,4.04125,0.0,0,Ignore
BiharSharifHub_BSF Bihar Sharif,1,4.0,4.039166666666667,0.0,0,Ignore
ShahdolHub_SHD Shahdol,2,4.0,4.02125,0.0,0,Ignore
PatancheruvuHub_Hyd Hyderabad,1,4.0,3.9569444444444444,0.0,0,Ignore
ElasticrunHardoiODH_HRD Hardoi,2,4.0,3.957222222222222,0.0,0,Ignore
"JAI/HUB, Jaipur, RAJASTHAN",1954,4.0,2.998611111111111,0.1,5,Prioritize for Clearing
Chandan Store DEHRADUN,1,4.0,4.019166666666667,0.0,0,Ignore
ParvatPatiya Hub Surat,12,4.0,4.053472222222222,0.0,0,Ignore
GarhwaHub_GHQ Garhwa,1,4.0,4.036666666666667,0.0,0,Ignore
Kotma,2,4.0,3.9737500000000003,0.0,0,Ignore
GaraHub_SKM SRIKAKULAM,1,4.0,3.9744444444444444,0.0,0,Ignore
NarayanpetODH_NYP Narayanpet,1,4.0,4.004444444444444,0.0,0,Ignore
Sircilla,3,4.0,3.785277777777778,0.0,0,Ignore
DasuaHub_DSU Dasua,6,4.0,4.38,0.0,0,Ignore
Yug Store NEW DELHI,1,4.0,4.0441666666666665,0.0,0,Ignore
"Bahraich, UTTAR PRADESH, IN",1,4.0,4.023888888888889,0.0,0,Ignore
CABTBelacobaODH_JPG Alipurduar,1,4.0,4.006388888888889,0.0,0,Ignore
KurseongHub_KUR,1,4.0,3.9719444444444445,0.0,0,Ignore
IrinjalakudaHub_IJK Trisshur,3,4.0,2.3469444444444445,0.0,0,Ignore
NamchiHub_NMI Namchi,2,4.0,4.044444444444444,0.0,0,Ignore
ShivpuriHub_SVP Shivpuri,4,4.0,3.1962499999999996,0.0,2,Ignore
MPNagarhub_BHO Bhopal,4,4.0,3.8981944444444445,0.0,0,Ignore
Darjeeling Hub Darjeeling,3,4.0,3.5575,0.0,0,Ignore
V20 Nagar VISNAGAR,1,4.0,4.002777777777778,0.0,0,Ignore
Anand Vihar Hub Delhi,51,4.0,3.9316666666666666,0.0,0,Ignore
TTSPLNagdaODH_NGD Nagda,5,4.0,4.821111111111111,0.0,1,Prioritize for Clearing
LudhianaAirportMDH_LUH,1,4.0,3.9747222222222223,0.0,0,Ignore
"LUCKNOW, UTTAR PRADESH, IN",9,4.0,3.013333333333333,0.0,0,Ignore
MalaPuram Hub,3,4.0,2.328888888888889,0.0,0,Ignore
HawamahalHub_JAI Jaipur,7,4.0,3.732222222222222,0.0,0,Ignore
SirsaHub_SRS Sirsa,4,3.9,4.026111111111111,0.0,0,Ignore
ChemburSplitHub_MUM,3,3.9,5.300833333333333,0.0,0,Ignore
BegusaraiHub_BGI Begusarai,2,3.9,3.921527777777778,0.0,0,Ignore
ALVA ,3,3.9,4.917777777777777,0.0,0,Ignore
Ajay kumar KANGRA,1,3.9,3.903888888888889,0.0,0,Ignore
"MAHRAJGANJ MAHRAJGANJ DISTRICT, UTTAR PRADESH, IN",1,3.9,3.890277777777778,0.0,0,Ignore
Anish Kumar FARIDABAD,2,3.9,3.907638888888889,0.0,0,Ignore
FatehGarhchurianODH_FGN Fatehgarh,1,3.9,3.944722222222222,0.0,0,Ignore
Saqib Communication NEW DELHI,3,3.9,4.191944444444444,0.0,0,Ignore
"NOWGONG, MADHYA PRADESH, IN",1,3.9,3.856666666666667,0.0,0,Ignore
Tarun prakash mda kirana store MORADABAD,1,3.9,3.8644444444444446,0.0,0,Ignore
SITICSMarthandamODH_MTM Marthandam,2,3.9,3.9050000000000002,0.0,0,Ignore
ChandigarhSec38Hub_CHD,1,3.9,3.8872222222222224,0.0,0,Ignore
Ramaroadhub_DEL Delhi,46,3.9,3.2240277777777777,0.0,1,Prioritize for Clearing
RajendraNagar Hub Indore,7,3.9,3.2416666666666667,0.0,0,Ignore
Bharat kirana store GURGAON,1,3.9,3.931388888888889,0.0,0,Ignore
BennenagariHub_DVG Davanagere,1,3.9,3.948611111111111,0.0,0,Ignore
JunagadhHub Junagadh,5,3.9,3.231666666666667,0.0,0,Ignore
AIIMSHub_DEL,4,3.9,0.3213888888888889,0.0,0,Ignore
"BHOPAL, MADHYA PRADESH, IN",4,3.9,3.3183333333333334,0.0,0,Ignore
IdentifyplusGondiaODH_GDI Gondia,3,3.9,3.311111111111111,0.0,0,Ignore
DomalgudaHub_HYD Hyderabad,5,3.9,4.029444444444445,0.0,0,Ignore
MangaonHub_MAN Mangaon,1,3.9,3.894722222222222,0.0,0,Ignore
VidyaranyapuraHub_BLR Bengaluru,4,3.9,2.8297222222222222,0.0,0,Ignore
DistrictparkHub_DEL,7,3.9,0.31305555555555553,0.0,0,Ignore
GHANSHYAM STORE NEW DELHI,2,3.9,3.912361111111111,0.0,0,Ignore
SASEdappalODH_EPP Edappal,6,3.9,3.7454166666666664,0.0,0,Ignore
LoadshareDhulagarhODH_KOL Dhulagarh,3,3.9,3.354722222222222,0.0,0,Ignore
Tilak Store NEW DELHI,1,3.9,3.932777777777778,0.0,0,Ignore
ChikodiHub_CHK CHIKODI,2,3.9,3.8856944444444443,0.0,0,Ignore
SultanBatheryHub_SBE Mutil,4,3.9,5.995416666666667,0.0,1,Ignore
SambaODH_SMB Samba,1,3.9,3.9175,0.0,0,Ignore
Rajeev Boby DHARAMASALA,1,3.9,3.865,0.0,0,Ignore
RJSCAbhayapuriODH_BGG Abhayapuri,1,3.9,3.9227777777777777,0.0,0,Ignore
AhiyachakMDH_AHY Ahiyachak,2,3.9,3.8794444444444443,0.0,0,Ignore
Sikandrabad,2,3.9,3.949444444444444,0.0,1,Ignore
RatanPurcityHub_PAB Ratanpur,3,3.9,3.4138888888888888,0.0,0,Ignore
ShapurHub_HYD Hyderabad,4,3.9,3.5774999999999997,0.0,0,Ignore
"SAHIBABAD, UTTAR PRADESH, IN",16,3.9,4.617222222222223,0.0,1,Prioritize for Clearing
CherialHub_CRL warangal,2,3.9,3.9393055555555554,0.0,0,Ignore
ElasticRunShirpurODH_SRP SHIRPUR,1,3.9,3.868333333333333,0.0,0,Ignore
HalolHub_HLL Halol,1,3.9,3.8858333333333333,0.0,0,Ignore
Kaushal Kumar kirana GHAZIABAD,1,3.9,3.857222222222222,0.0,0,Ignore
Pradip MAHESANA,2,3.9,3.9023611111111114,0.0,0,Ignore
PENNADarsiODH_DRS Darsi,1,3.9,3.930555555555556,0.0,0,Ignore
KamaniHub_MUM Mumbai,9,3.9,3.473888888888889,0.0,0,Ignore
Upadhyay MUMBAI,1,3.9,3.886388888888889,0.0,0,Ignore
DayalnagarSpiltODH_DAY Visakhapatanam,3,3.9,3.453888888888889,0.0,0,Ignore
CGRoad Hub,2,3.9,3.8612499999999996,0.0,0,Ignore
ChampaHub_CMP Champa,1,3.9,3.9005555555555556,0.0,0,Ignore
"DEL/PTD, Delhi NCR, DELHI",6508,3.9,2.756388888888889,0.2,77,Prioritize for Clearing
Rushika Home HOSUR,1,3.9,3.904166666666667,0.0,0,Ignore
Palani andavar KARUR,1,3.9,3.8905555555555558,0.0,0,Ignore
PKCorporateBhadrachalamODH_BDM,1,3.9,3.8916666666666666,0.0,0,Ignore
ShahjahanpurHub_SJH Shahjahanpur,1,3.9,3.8969444444444443,0.0,0,Ignore
HindolMDH_DKN Angul,1,3.9,3.883888888888889,0.0,0,Ignore
KoundampalayamHub_CJB,1,3.8,3.774722222222222,0.0,0,Ignore
"Midnapore, West Bengal, IN",3,3.8,3.743888888888889,0.0,0,Ignore
RJSCJowaiODH_JWA,1,3.8,3.796111111111111,0.0,0,Ignore
SUVANKAR CHOWDHURY ALIPORE,1,3.8,3.7644444444444445,0.0,0,Ignore
LakeView Hub Bengaluru,5,3.8,3.8047222222222223,0.0,0,Ignore
KantabanjiMDH_BLG Balangir,2,3.8,3.751666666666667,0.0,0,Ignore
MekkaadHub_MKD Mekkaad,3,3.8,6.741666666666667,0.0,1,Ignore
"Bhiwandi, Bhiwandi, MAHARASHTRA",2347,3.8,3.076111111111111,0.2,3,Prioritize for Clearing
SASVaikomODH_VKM VAIKOM,4,3.8,3.461527777777778,0.0,0,Ignore
DigrawsMDH_DIG Digra,1,3.8,3.7530555555555556,0.0,0,Ignore
GiddalurHub_GDR GIDDALUR,2,3.8,3.825833333333333,0.0,0,Ignore
Aaradhya ladies Tailer NASHIK,2,3.8,3.7737499999999997,0.0,0,Ignore
SirsaganjHub_SRS Sirsaganj,1,3.8,3.82,0.0,0,Ignore
Kollam Hub Kollam,8,3.8,5.035416666666666,0.0,1,Prioritize for Clearing
RaipurCitySplitHub_RPR Raipur,5,3.8,3.6830555555555557,0.0,0,Ignore
KuthuparambaHub_MKD Kuthuparamba,6,3.8,4.256388888888889,0.0,0,Ignore
ManiNagarHub_ADI,2,3.8,3.7743055555555554,0.0,0,Ignore
TTSPLRamanODH_PNJ RAMAN,2,3.8,3.812222222222222,0.0,0,Ignore
MRJHUB_SNG,1,3.8,3.8091666666666666,0.0,0,Ignore
ElasticRunDahisarODH_MUM Mumbai,11,3.8,3.3777777777777778,0.0,0,Ignore
ARWAL,1,3.8,3.848611111111111,0.0,0,Ignore
BhavnagarHub Bhavnagar,4,3.8,4.6802777777777775,0.0,0,Ignore
SikandraHub_AGR Agra,1,3.8,3.775,0.0,0,Ignore
MundkaHub_DEL Delhi,21,3.8,3.553611111111111,0.0,3,Prioritize for Clearing
KaupHub_MPL Manipal,2,3.8,3.7622222222222224,0.0,0,Ignore
Sandeep Sisodiya Store NEW DELHI,1,3.8,3.8369444444444443,0.0,0,Ignore
SixMile Hub Guwahati,1,3.8,3.779166666666667,0.0,0,Ignore
CityCenter Hub Gwalior,8,3.8,3.831388888888889,0.0,3,Prioritize for Clearing
BharatpurHub_BTP Bharatpur,4,3.8,5.0415277777777785,0.0,1,Ignore
NajafgarhHub_DEL Delhi,16,3.8,3.783611111111111,0.0,0,Ignore
DosarkaHub_DOS DOSARKA,1,3.8,3.750277777777778,0.0,0,Ignore
Kailash Bairwa JAIPUR,1,3.8,3.8430555555555554,0.0,0,Ignore
SARDHANA,2,3.8,3.839444444444445,0.0,1,Ignore
CABTKonduruODH_KND,2,3.8,3.83625,0.0,0,Ignore
Sameer courier MUMBAI,1,3.8,3.766388888888889,0.0,0,Ignore
MUMBAI ETAIL CENTRE,2033,3.8,2.533333333333333,1.4,3,Prioritize for Clearing
CABTKonduruODH_KND krishna,2,3.8,3.7524999999999995,0.0,0,Ignore
KengeriHub_BLR Bengaluru,9,3.8,3.612222222222222,0.0,0,Ignore
KanjoorHub_ALU Aluva,5,3.8,3.408611111111111,0.0,0,Ignore
PathanamthittaHub_PMT Pathanamthitta,2,3.8,3.7725,0.0,0,Ignore
Rewari Hub Rewari,6,3.8,2.658888888888889,0.0,0,Ignore
LoadshareAlamganjODH_DBB Dhubri,1,3.8,3.8230555555555554,0.0,0,Ignore
PhooltalaHub_KOL Kolkata,1,3.8,3.8144444444444443,0.0,0,Ignore
LaturHub_LTU Latur,6,3.7,3.7275,0.0,0,Ignore
RepalleHub_RPL,1,3.7,3.71,0.0,0,Ignore
MACOSA MOBILE SHOP CUTTACK,1,3.7,3.7019444444444445,0.0,0,Ignore
Rohit enterprises PANVEL,1,3.7,3.6969444444444446,0.0,0,Ignore
Vidyanagar Hub Bhopal,16,3.7,2.722638888888889,0.0,0,Ignore
RewalsarMDH_REW Rewalsar,1,3.7,3.6727777777777777,0.0,0,Ignore
Janta iron works VADODARA,1,3.7,3.675,0.0,0,Ignore
HayatpurMDH_HYT,1,3.7,3.672222222222222,0.0,0,Ignore
Mehul Raval NADIAD,1,3.7,3.7269444444444444,0.0,0,Ignore
KaggalipuraHub_BLR Bengaluru,3,3.7,5.0325,0.0,0,Ignore
MALOTH PAVANI KIRANA MAHABUBABAD,1,3.7,3.6816666666666666,0.0,0,Ignore
JinturMDH_JIN Jintu,1,3.7,3.651944444444444,0.0,0,Ignore
Kurnool Hub Kurnool,5,3.7,2.9208333333333334,0.0,0,Ignore
MasjidHub_MUM Mumbai,7,3.7,3.160277777777778,0.0,0,Ignore
Alipur Hub,1,3.7,3.7291666666666665,0.0,0,Ignore
SASKundapurODH_KND Udupi,4,3.7,5.6056944444444445,0.0,1,Ignore
Vashi Hub Mumbai,5,3.7,4.045555555555556,0.0,0,Ignore
Palakkad Hub Palakkad,2,3.7,3.703333333333333,0.0,0,Ignore
Narender General Store ROHTAK,1,3.7,3.706111111111111,0.0,0,Ignore
Ganga devi Sudh Bhojnalay HISAR,1,3.7,3.7305555555555556,0.0,0,Ignore
"HAVERI, KARNATAKA, IN",1,3.7,3.72,0.0,0,Ignore
BegurvillageHub_BLR Bangalore,6,3.7,3.131666666666667,0.0,0,Ignore
CABTSibpurODH_Kol Howrah,5,3.7,4.714166666666666,0.0,0,Ignore
Sivakasi Hub Sivakasi,1,3.7,3.737222222222222,0.0,0,Ignore
GunjurHub_BLR Bengaluru,3,3.7,2.959722222222222,0.0,0,Ignore
UnaHPHub_UNA Una,2,3.7,3.7266666666666666,0.0,0,Ignore
SITICSBangarpetODH_BNG Bangarpet,2,3.7,3.7127777777777777,0.0,0,Ignore
LoadshareRourkelaSplitODH_RRK Rourkela,4,3.7,3.458472222222222,0.0,0,Ignore
GeorgeTown Hub Allahabad,1,3.7,3.6780555555555554,0.0,0,Ignore
BapunagarHub_AMD,2,3.7,3.7468055555555555,0.0,0,Ignore
BAKSHA,6,3.7,4.191388888888889,0.0,0,Ignore
AdalajODH_ADL Gandhinagar,1,3.7,3.7194444444444446,0.0,0,Ignore
Hosur Hub Hosur,3,3.7,3.3375,0.0,0,Ignore
ElasticRunUmbergaonODH_UMB UMBERGAON,2,3.7,3.745416666666667,0.0,0,Ignore
SatnaHub_STA Satna,3,3.7,3.249722222222222,0.0,0,Ignore
BuxarHub_BXR Buxar,1,3.7,3.658333333333333,0.0,0,Ignore
"Mohali, PUNJAB, IN",11,3.7,2.5502777777777776,0.0,0,Ignore
Shanu store BAREILLY,1,3.7,3.663611111111111,0.0,0,Ignore
IdentifyPlusBandikuiODH_BND Bandikui,1,3.7,3.6991666666666667,0.0,0,Ignore
HaldwaniHub_HWI Haldwani,5,3.7,3.455,0.0,0,Ignore
Bd engineers FARIDABAD,1,3.7,3.6505555555555556,0.0,0,Ignore
PuttaparthiMDH_PUT Puttaparthi,1,3.7,3.692222222222222,0.0,0,Ignore
"patna, Bihar, IN",11,3.7,2.6508333333333334,0.0,0,Ignore
Navelim Hub,2,3.7,3.6613888888888892,0.0,0,Ignore
BaisiMDH_KNE Purnia,1,3.7,3.6975,0.0,0,Ignore
JagdalpurHub_JGR Jagdalpur,3,3.7,3.957777777777778,0.0,0,Ignore
ElasticRunZirakpurODH_ZRK Zirakpur,9,3.7,3.0119444444444445,0.0,0,Ignore
VIMAN NAGAR,9,3.7,3.8833333333333333,0.0,0,Ignore
GwaliorHub_GWL Gwalior,5,3.6,3.391111111111111,0.0,0,Ignore
STCNuraniMDH_NUR Palakkad,4,3.6,3.608472222222222,0.0,0,Ignore
K K Dani VALSAD,2,3.6,3.6451388888888885,0.0,1,Ignore
ChandigarhRoadHub_LUH,3,3.6,2.451388888888889,0.0,0,Ignore
"NORTH GOA, Goa, IN",5,3.6,0.3263888888888889,0.0,3,Prioritize for Clearing
OttanchatramHub_OTC Dindigul,2,3.6,3.6329166666666666,0.0,0,Ignore
ElasticRunPatanODH_PTN Patan,3,3.6,3.4161111111111113,0.0,0,Ignore
CABTSosyoCircleODH_STV Surat,15,3.6,3.201111111111111,0.0,1,Prioritize for Clearing
Tiruvalla Hub Tiruvalla,4,3.6,3.2159722222222227,0.0,0,Ignore
SarpakaMDH_BDM Sarapaka,2,3.6,3.5533333333333332,0.0,0,Ignore
ETASHDibrugarhODH_DIB Dibrugarh,1,3.6,3.560277777777778,0.0,0,Ignore
SASChallikereODH_CHL Challakere,3,3.6,1.7461111111111112,0.0,0,Ignore
SrinagarHubtemp_SRG Srinagar,1,3.6,3.6280555555555556,0.0,0,Ignore
ChilakaluripetaHub_NRT Narasaraopet,3,3.6,2.7597222222222224,0.0,0,Ignore
EttumanoorHub_EMR Ettumanoor,7,3.6,3.26,0.0,0,Ignore
GachibowliHub_Hyd Hyderabad,6,3.6,3.1847222222222222,0.0,0,Ignore
WadakkancherryHub_WAD Wadakkancherry,1,3.6,3.641111111111111,0.0,0,Ignore
BudhViharHub_DEL Delhi,9,3.6,3.161388888888889,0.0,0,Ignore
HaldwaniHub_HWI,3,3.6,3.4875,0.0,1,Ignore
RTO CPU MUMBAI,30,3.6,1.2000000000000002,0.0,0,Ignore
DatiaHub_DAT Datia,2,3.6,3.5825,0.0,1,Ignore
ElasticRunNarodaODH_NRD Ahmedabad,3,3.6,4.097777777777778,0.0,0,Ignore
UlubariHub Guwahati,2,3.6,3.5718055555555557,0.0,0,Ignore
ShadowFaxKareraODH_KRA Karera,1,3.6,3.575555555555556,0.0,0,Ignore
"Jaipur, RAJASTHAN, IN",7,3.6,3.026388888888889,0.0,0,Ignore
NarelaHub_DEL Delhi,1,3.6,3.558333333333333,0.0,0,Ignore
AnjarakandyHub_ANJ Thalassery,1,3.6,3.6241666666666665,0.0,0,Ignore
ElasticRunChiplunODH_CPL Chiplun,4,3.6,3.2593055555555557,0.0,0,Ignore
"Fazilka, Punjab, IN",1,3.6,3.6169444444444445,0.0,0,Ignore
DhanpuraMDH_DHN Dhanpura,3,3.6,3.4055555555555554,0.0,0,Ignore
BabnaMDH_FRR Farrukhabad,2,3.6,3.5620833333333333,0.0,0,Ignore
KhurdaHub_KUD Khurda,2,3.6,3.569027777777778,0.0,0,Ignore
Peenya Hub Bengaluru,3,3.6,2.887777777777778,0.0,0,Ignore
Abhi Kirana ROORKEE,1,3.6,3.5966666666666667,0.0,0,Ignore
RJSCKohimaODH_KHM,2,3.6,3.6302777777777777,0.0,0,Ignore
AURANGABAD BR,1,3.6,3.55,0.0,0,Ignore
Kuche Paper Mill AURANGABAD,1,3.6,3.565,0.0,0,Ignore
Sankar Traders PALLIPAT,1,3.6,3.636111111111111,0.0,0,Ignore
Kandivali Hub Mumbai,8,3.6,3.361111111111111,0.0,0,Ignore
"Siddipet, Telangana, IN",2,3.5,3.453888888888889,0.0,0,Ignore
KoorieeAttapurODH_HYD HYDERABAD,4,3.5,1.8541666666666667,0.0,0,Ignore
NigadiHub_PUNE,2,3.5,3.5076388888888888,0.0,0,Ignore
SAKALDIHA,2,3.5,3.467361111111111,0.0,0,Ignore
"BUDGAM, JAMMU AND KASHMIR, IN",2,3.5,3.545138888888889,0.0,0,Ignore
ElasticRunKeshodODH_KSD KESHOD,1,3.5,3.5483333333333333,0.0,0,Ignore
SASVellurTrikapurODH_VTR Nileshwar,6,3.5,3.037916666666667,0.0,0,Ignore
Vasai Hub Thane,8,3.5,2.9669444444444446,0.0,0,Ignore
KanakapuraMDH_RMG Kanakpura,1,3.5,3.4555555555555557,0.0,0,Ignore
Bhatindahubtemp_bup Bhatinda,1,3.5,3.475,0.0,0,Ignore
Hoshiarpur Hub,2,3.5,3.5399999999999996,0.0,0,Ignore
KarimannoorOSH_KAR Karimanoor,1,3.5,3.5016666666666665,0.0,0,Ignore
JagatpuraHub_JAI Malvinagar,2,3.5,3.4919444444444445,0.0,0,Ignore
KangraHub_KGR KANGRA,1,3.5,3.5405555555555557,0.0,0,Ignore
MARUTI STORE BHUBANESWAR,1,3.5,3.4691666666666667,0.0,0,Ignore
SidhiHub_SID Sidhi,3,3.5,3.8705555555555557,0.0,0,Ignore
IdentifyPlusMankapurODH_MNK Mankapur Gonda,1,3.5,3.5308333333333333,0.0,0,Ignore
DhenkanalHub_DNK Dhenkanal,4,3.5,4.0065277777777775,0.0,0,Ignore
Saharanpur Hub Saharanpur,3,3.5,3.6847222222222222,0.0,0,Ignore
KatniHub_KTN Katni,6,3.5,4.841111111111111,0.0,1,Prioritize for Clearing
"PNQ/CHK, PUNE, MAHARASHTRA",2421,3.5,2.0575,0.6,7,Prioritize for Clearing
CABTMurshidabadODH_MBB Murshidabad,2,3.5,3.490972222222222,0.0,0,Ignore
MuradNagarHub_MDN,1,3.5,3.5347222222222223,0.0,0,Ignore
NikkouChingavanamODH_CHI Kottayam,2,3.5,3.495416666666667,0.0,0,Ignore
MarathahalliHubtemp_BLR Bangalore,1,3.5,3.5302777777777776,0.0,0,Ignore
IslampurHub_SNG Sangli,1,3.5,3.5033333333333334,0.0,0,Ignore
Janjgir,2,3.5,3.50625,0.0,0,Ignore
PENNABetamcherlaODH_BTM Kurnool,1,3.5,3.4972222222222222,0.0,0,Ignore
"Hyderabad,, Telangana, IN",6,3.5,3.708611111111111,0.0,0,Ignore
Gurgaon Hub Gurgaon,30,3.5,2.5079166666666666,0.0,0,Ignore
IdentifyplusDarbhangaSplitODH_DBG Darbhanga,1,3.5,3.542222222222222,0.0,0,Ignore
PalampurHub_PLP Palampur,2,3.5,3.464027777777778,0.0,0,Ignore
SonadaMDH_SON Sonada,3,3.5,1.7608333333333333,0.0,0,Ignore
Surat Hub Surat,1,3.5,3.508888888888889,0.0,0,Ignore
ChoumuHub_JAI,1,3.5,3.465,0.0,0,Ignore
BenaulimHub_GOA Verna,3,3.5,1.47,0.0,0,Ignore
RamamuthyNagarHub_BLR Bangalore,6,3.5,3.143888888888889,0.0,0,Ignore
PiravomOSH_PVM Kottayam,3,3.5,3.598333333333333,0.0,0,Ignore
NarsinghpurHub_NAR Narsinghpur,1,3.4,3.4425,0.0,0,Ignore
Murthal_MUR Sonipat /Murthal,2,3.4,3.383888888888889,0.0,0,Ignore
BACHUPALLY PUD CENTRE,1,3.4,3.35,0.0,0,Ignore
KokrajharHub_KOJ Kokrajhar,2,3.4,3.368611111111111,0.0,0,Ignore
SahabadHub_AMB Ambala,2,3.4,3.4429166666666666,0.0,0,Ignore
Bhiwani Hub Bhiwani,2,3.4,3.442916666666667,0.0,0,Ignore
MotipurMDH_MZF Muzaffarpur,1,3.4,3.4491666666666667,0.0,0,Ignore
Begumpet Hub Hyderabad,11,3.4,2.4075,0.0,1,Prioritize for Clearing
SIDDHI ENTERPRISES MODASA,2,3.4,3.3899999999999997,0.0,0,Ignore
PorbandarHub_POR Porbandar,4,3.4,2.9722222222222223,0.0,0,Ignore
Rishi RFK kirana store WYRA,3,3.4,2.803611111111111,0.0,0,Ignore
BiwiNagar Hub Nellore,3,3.4,3.023888888888889,0.0,1,Ignore
"BILASPUR, HIMACHAL PRADESH, IN",1,3.4,3.411388888888889,0.0,0,Ignore
KarunagapalliHub_KUI,2,3.4,3.4098611111111112,0.0,0,Ignore
KayamkulamHub_KKM Kayamkulam,10,3.4,4.000138888888889,0.0,1,Prioritize for Clearing
HuraMDH_HUA Hura,1,3.4,3.3561111111111113,0.0,0,Ignore
SrinagarKAHub_BLR Bengaluru,5,3.4,1.6366666666666667,0.0,1,Prioritize for Clearing
SHIVANSH ENTERPRISES AHMEDABAD,2,3.4,3.4104166666666664,0.0,0,Ignore
ShepahijhuriTEODH_IXS Patharkandi,1,3.4,3.4411111111111112,0.0,0,Ignore
LoadshareYakubnagarMDH_YKB Shahjhanpur,1,3.4,3.4419444444444443,0.0,0,Ignore
SREERAG HOME ALAPPUZHA,1,3.4,3.3844444444444446,0.0,0,Ignore
RanibaghHub_DEL,19,3.4,0.12055555555555555,5.3,0,Ignore
ElasticRunBidarODH_BDR Bidar,2,3.4,3.3666666666666667,0.0,0,Ignore
"Jodhpur, Rajasthan, IN",5,3.4,3.678888888888889,0.0,0,Ignore
SitapurHub_SIT,1,3.4,3.4391666666666665,0.0,0,Ignore
JunnarHub_JNN Junnar,2,3.4,3.362222222222222,0.0,0,Ignore
BangursiaMDH_BAS,1,3.4,3.361111111111111,0.0,0,Ignore
ChohanMDH_CHN Tanda,3,3.4,3.180555555555556,0.0,0,Ignore
C D SONUDAS HOME THRISSUR,1,3.4,3.3894444444444445,0.0,0,Ignore
ClementTownHub_DED Dehradun,8,3.4,2.7819444444444446,0.0,0,Ignore
Kadapa Hub Kadapa,5,3.4,5.231944444444444,0.0,1,Prioritize for Clearing
ChannarayapatnaHub_CRP Channarayapatna,1,3.4,3.3775,0.0,0,Ignore
BahadurgarhHub_BHD Bahadurgarh,6,3.4,2.9780555555555557,0.0,0,Ignore
"PIMPRI CHINCHWAD, MAHARASHTRA, IN",1,3.4,3.366111111111111,0.0,0,Ignore
DaltonganjHub_DTO Daltonganj,2,3.3,3.310138888888889,0.0,0,Ignore
TTSPLKavandapadiODH_KVN Kavindapadi,2,3.3,3.301388888888889,0.0,0,Ignore
RajpuraHub_RAA Rajpura,1,3.3,3.3325,0.0,0,Ignore
ETAIL PROCESSING UNIT,3512,3.3,2.9166666666666665,0.2,3,Prioritize for Clearing
Karond Hub Bhopal,4,3.3,3.5936111111111106,0.0,0,Ignore
Balram Store BHOPAL,1,3.3,3.325277777777778,0.0,0,Ignore
"Sangareddy, TELANGANA, IN",1,3.3,3.3044444444444445,0.0,0,Ignore
FKL_farukngr,264,3.3,0.0022222222222222222,0.0,0,Ignore
IdentifyplusBaddiODH_BDI Nalagarh,2,3.3,3.3175,0.0,0,Ignore
"COLVALE, GOA, IN",3,3.3,2.7219444444444445,0.0,0,Ignore
Jaswinder fast food BARNALA,1,3.3,3.2955555555555556,0.0,0,Ignore
Gayathri store DINDIGUL,1,3.3,3.3475,0.0,0,Ignore
ChengalpattuHub_CHN Chennai,1,3.3,3.3183333333333334,0.0,0,Ignore
FKL_DELInCity,912,3.3,0.0025,2.0,0,Ignore
KasargodHub_KSD Kasargod,3,3.3,2.8941666666666666,0.0,0,Ignore
"RIICO INDUSTRIAL AREA NEEMRANA, RAJASTHAN, IN",1,3.3,3.312777777777778,0.0,0,Ignore
ElasticrunRaebareliODH_RBY,1,3.3,3.3005555555555555,0.0,0,Ignore
SITICSNawabganjODH_NWB Allahabad,1,3.3,3.253888888888889,0.0,0,Ignore
Faridabad Hub,2,3.3,3.2759722222222223,0.0,0,Ignore
APcolonyMDH_GAY Gaya,1,3.3,3.3116666666666665,0.0,0,Ignore
AdimalyHub_ADL Adimali,4,3.3,3.7166666666666663,0.0,1,Ignore
TanakpurODH_TAN Champawa,2,3.3,3.33,0.0,0,Ignore
AJITSINH ADANI KIRANA GANDHINAGAR,1,3.3,3.3297222222222222,0.0,0,Ignore
fkl-Coimbatore,218,3.3,0.0005555555555555556,2.8,0,Ignore
"UDAIPUR, RAJASTHAN, IN",1,3.3,3.3108333333333335,0.0,0,Ignore
CABTInkolluODH_INK prakasam,1,3.3,3.281388888888889,0.0,0,Ignore
AAJ Rathinam TUTICORIN,1,3.3,3.345833333333333,0.0,0,Ignore
"NGP/RTO, Nagpur, MAHARASHTRA",43,3.3,3.523888888888889,0.0,0,Ignore
HOODIHUBtemp_BLR Bengaluru,1,3.3,3.345277777777778,0.0,0,Ignore
LibraMDH_LBR Libra,1,3.3,3.3222222222222224,0.0,0,Ignore
DabraHub_DAB,1,3.3,3.3291666666666666,0.0,0,Ignore
Ashwani Kumar PATNA,1,3.3,3.286111111111111,0.0,0,Ignore
"PCK/Bhilwara, Bhilwara, RAJASTHAN",13,3.3,3.4455555555555555,0.0,0,Ignore
WardhamanNagar_NAG Nagpur,4,3.3,2.39125,0.0,0,Ignore
HoshangabadHub_HGB Hoshangabad,2,3.3,3.2581944444444444,0.0,0,Ignore
Gajendra Ramamoorthy THANJAVUR,1,3.2,3.1730555555555555,0.0,0,Ignore
KedgaonODH_AHN Ahmednagar,6,3.2,2.882222222222222,0.0,1,Prioritize for Clearing
AfeemkothiHub_KNU Kanpur,1,3.2,3.218888888888889,0.0,0,Ignore
AgiaonMDH_JHD Arrah,1,3.2,3.160555555555556,0.0,0,Ignore
Agra Hub,2,3.2,3.185416666666667,0.0,0,Ignore
"Kollam, Kerala, IN",2,3.2,3.236944444444444,0.0,0,Ignore
AhmadpurHub_AHM Ahmadpur,1,3.2,3.2408333333333332,0.0,0,Ignore
RanibennurHub_RNR Ranibennur,2,3.2,3.181388888888889,0.0,0,Ignore
KonnagarHub_KOG Konnagar,1,3.2,3.2222222222222223,0.0,0,Ignore
"Kannur, KERALA, IN",2,3.2,3.247916666666667,0.0,0,Ignore
Viramgam,4,3.2,3.002777777777778,0.0,0,Ignore
KudalMDH_KDL Sindhudurg,4,3.2,3.8433333333333337,0.0,0,Ignore
KalawadRoadHub_RAJ,7,3.2,1.4727777777777777,0.0,0,Ignore
CABTHaldibariODH_HAL Jalpaiguri,1,3.2,3.1952777777777777,0.0,0,Ignore
Verna Hub,1,3.2,3.1663888888888887,0.0,0,Ignore
KadiMDH_KDI Kadi,2,3.2,3.1638888888888888,0.0,0,Ignore
Bundihub_BUI bundi,2,3.2,3.2155555555555555,0.0,0,Ignore
CunnighamRoadHub_BLR Bangalore,3,3.2,3.57,0.0,0,Ignore
PuthukadHUB_PUT Thrissur,5,3.2,4.833333333333333,0.0,0,Ignore
Roshan enterprises GUNA,1,3.2,3.2308333333333334,0.0,0,Ignore
DalhousieHub_KOL,2,3.2,3.1905555555555556,0.0,0,Ignore
"Darjeeling, WB, IN",1,3.2,3.1816666666666666,0.0,0,Ignore
JataraMDH_JTR Jatara,1,3.2,3.245833333333333,0.0,0,Ignore
SayanMDH_SAY Surat,2,3.2,3.1741666666666664,0.0,0,Ignore
Deepak kumar NEW DELHI,2,3.2,3.2487500000000002,0.0,0,Ignore
UlweODH_PNV Navi Mumbai,3,3.2,3.924722222222222,0.0,0,Ignore
DesaiganjMDH_DES Desai,2,3.2,3.1604166666666664,0.0,0,Ignore
ShadowFaxMahuvaODH_MHV Surat,2,3.2,3.218888888888889,0.0,0,Ignore
MandapetaHub_MDP Mandapeta,2,3.2,3.19625,0.0,0,Ignore
Pehowahub_PEH PEHOWA,1,3.2,3.230277777777778,0.0,0,Ignore
SHARAD JANRAL STORE TALODA DHULE,2,3.2,3.1933333333333334,0.0,0,Ignore
BIVIN S HME RFK TRIVANDRUM,1,3.2,3.2175,0.0,0,Ignore
ElasticRunDahodODH_DHD Dahod,4,3.2,3.14875,0.0,0,Ignore
HAU,4,3.2,3.247638888888889,0.0,0,Ignore
ThittakudiHub_THK Cuddalore,1,3.2,3.156111111111111,0.0,0,Ignore
BadvelODH_PDT Badvel,3,3.2,4.2186111111111115,0.0,1,Ignore
SiliguriSplitMDH_IXB,2,3.2,3.2327777777777778,0.0,0,Ignore
SiliguriSplitMDH_IXB Siliguri,5,3.2,3.4963888888888888,0.0,0,Ignore
BahadurgarhHub_BHD,1,3.2,3.1830555555555557,0.0,0,Ignore
ElasticRunMapusaODH_GOA Mapusa,3,3.2,3.0569444444444445,0.0,0,Ignore
"Thane, Maharashtra, IN",24,3.2,2.6694444444444443,0.0,0,Ignore
MuktsarHub_MKT Muktsar,2,3.2,3.2041666666666666,0.0,0,Ignore
Gurusahaiganj,2,3.2,3.217638888888889,0.0,0,Ignore
Baner Hub Pune,4,3.2,4.662361111111111,0.0,1,Ignore
"BANGALORE, KARNATAKA, IN",34,3.2,2.388611111111111,2.9,5,Prioritize for Clearing
TadaHub_TDA,1,3.2,3.2175,0.0,0,Ignore
"Ghaziabad��, Uttar Pradesh, IN",11,3.2,3.222777777777778,0.0,0,Ignore
Geeta NEW DELHI,1,3.2,3.203888888888889,0.0,0,Ignore
Gautam Niwas SHRIRAMPUR,2,3.2,3.2269444444444444,0.0,0,Ignore
GaurisagarMDH_SBS Gaurisagar,1,3.2,3.194722222222222,0.0,0,Ignore
BelmanHub_MPL Manipal,1,3.2,3.1505555555555556,0.0,0,Ignore
Fazilkahub_FAL FAZILKA,2,3.2,3.155833333333333,0.0,0,Ignore
BarraHub_KNU,1,3.2,3.188888888888889,0.0,0,Ignore
ferozepur Jalalpur,2,3.2,3.240277777777778,0.0,0,Ignore
KhairHub_ALG Aligarh,3,3.2,3.1844444444444444,0.0,0,Ignore
"Coimbatore, TAMIL NADU, IN",1,3.1,3.0780555555555558,0.0,0,Ignore
Kurukshetra Hub Kurukshetra,7,3.1,4.978888888888889,0.0,1,Prioritize for Clearing
ChakurHub_CKR,1,3.1,3.107222222222222,0.0,0,Ignore
PalacodeHub_DMP,1,3.1,3.105277777777778,0.0,0,Ignore
RudaigiriMDH_RUG Rudayagiri,1,3.1,3.057777777777778,0.0,0,Ignore
Ghodbunder Hub Thane,18,3.1,2.8518055555555555,0.0,0,Ignore
"aligarh, Uttar Pradesh, IN",2,3.1,3.130138888888889,0.0,0,Ignore
"Dimapur, Nagaland, IN",1,3.1,3.1238888888888887,0.0,0,Ignore
CS Logistics SANGAREDDY,1,3.1,3.0813888888888887,0.0,0,Ignore
TTSPLShahpurODH_SAH Shahpur,2,3.1,3.1204166666666664,0.0,0,Ignore
KalmeshwarMDH_KML,1,3.1,3.0516666666666667,0.0,0,Ignore
ElasticRunKattedanODH_HYD Hyderabad,4,3.1,3.1777777777777776,0.0,0,Ignore
Kannur Hub,2,3.1,3.063472222222222,0.0,0,Ignore
PalibirSinghMDH_PLB Palibirsingh,1,3.1,3.108611111111111,0.0,0,Ignore
VASANT VIHAR,432,3.1,3.0833333333333335,0.5,0,Ignore
Jaipur Hub Jaipur,3,3.1,2.2872222222222223,0.0,0,Ignore
VinayNagarHub_GWL Gwalior,1,3.1,3.108888888888889,0.0,0,Ignore
PaotaMDH_PAO Paota,1,3.1,3.0955555555555554,0.0,0,Ignore
ElasticRunBhubaneswarODH_BBI,2,3.1,3.1034722222222224,0.0,0,Ignore
CABTSongadhODH_SDH SONGADH,1,3.1,3.0941666666666667,0.0,0,Ignore
"ALLAHABAD, UTTAR PRADESH, IN",4,3.1,2.8697222222222223,0.0,0,Ignore
ElasticRunKongadODH_KGD Kongad,2,3.1,3.110138888888889,0.0,0,Ignore
Yogesh Kumar Divakar GURGAON,1,3.1,3.098055555555556,0.0,0,Ignore
BairganiaMDH_SMI Chainpur,1,3.1,3.057777777777778,0.0,0,Ignore
Kalyansplithub_Mum Mumbai,4,3.1,3.1734722222222222,0.0,0,Ignore
Faridkothub_FAD Faridkot,5,3.1,3.3336111111111113,0.0,1,Prioritize for Clearing
"Baramati, Maharashtra, IN",2,3.1,3.1213888888888888,0.0,0,Ignore
SrirangapatnaHub_SRP Srirangapatna,2,3.1,3.125972222222222,0.0,0,Ignore
JV Enterprices PONDICHERRY,1,3.1,3.138611111111111,0.0,0,Ignore
FerokeHUB_FRK Calicut,3,3.1,3.118055555555556,0.0,0,Ignore
Phase2Noidahub_DEL Noida,4,3.1,2.348472222222222,0.0,0,Ignore
"Mysore, Karnataka, IN",22,3.1,2.7911111111111113,0.0,0,Ignore
"BARAUT, UTTAR PRADESH, IN",1,3.1,3.080833333333333,0.0,0,Ignore
YavatmalHub_YTM Yavatmal,5,3.0,4.599166666666667,0.0,1,Prioritize for Clearing
Somatane Phata Hub,2,3.0,2.964027777777778,0.0,0,Ignore
ArekereHub_BLR,3,3.0,3.2730555555555556,0.0,0,Ignore
Abhishek coffee shop GWALIOR,1,3.0,3.048888888888889,0.0,0,Ignore
KarunagapalliHub_KUI Karunagapalli,7,3.0,3.0641666666666665,0.0,1,Prioritize for Clearing
JalandharbastiyaODH_JLR Jalandhar,3,3.0,0.6608333333333334,0.0,0,Ignore
Neemrana,6,3.0,3.5956944444444443,0.0,1,Prioritize for Clearing
KARVI,2,3.0,3.0111111111111115,0.0,0,Ignore
VerkaODH_ATQ Amritsar,2,3.0,3.0140277777777778,0.0,0,Ignore
"Hamirpur, HIMACHAL PRADESH, IN",1,3.0,3.026666666666667,0.0,0,Ignore
PuriHub_PUR,1,3.0,3.0430555555555556,0.0,0,Ignore
PeoplesCampusHub_BHO Madhya Pradesh,6,3.0,2.7352777777777777,0.0,0,Ignore
NandedHub_NDC Nanded,10,3.0,3.408611111111111,0.0,1,Prioritize for Clearing
Davanagere Hub Davangere,5,3.0,0.5347222222222222,0.0,0,Ignore
Abohar,2,3.0,3.049861111111111,0.0,0,Ignore
CitycenterNoidaHub_DEL,2,3.0,3.010694444444445,0.0,0,Ignore
JamtaraHub_JMT Nirsa,1,3.0,2.9783333333333335,0.0,0,Ignore
"Nainital, Uttarakhand, IN",4,3.0,2.9977777777777774,0.0,0,Ignore
Nitya Store NEW DELHI,1,3.0,2.9916666666666667,0.0,0,Ignore
ElasticRunNayaraipurODH_NYR,1,3.0,2.991111111111111,0.0,0,Ignore
NarnaulHub_NNL Narnaul,4,3.0,3.3150000000000004,0.0,1,Ignore
TiroraHub_TRA Tirora,1,3.0,3.0452777777777778,0.0,0,Ignore
Chandigarhhub_OSH_Del Badheri,4,3.0,3.128888888888889,0.0,0,Ignore
chatrapur,2,3.0,2.987361111111111,0.0,1,Ignore
BelapurODH_MUM Belapur,6,3.0,2.9906944444444443,0.0,0,Ignore
RoseraHub_ROA ROSERA,2,3.0,2.9884722222222226,0.0,0,Ignore
BurharHub_BRH,1,3.0,2.9547222222222222,0.0,0,Ignore
SITICSAraniODH_ARN Sevoor,2,3.0,3.0418055555555554,0.0,0,Ignore
AnnapurnaSonaiODH_SNI Sonai,4,3.0,3.2851388888888886,0.0,0,Ignore
Indore Hub Indore,6,3.0,4.101944444444444,0.0,2,Prioritize for Clearing
MondayMarketHub_MDM Nagercoil,2,3.0,2.950555555555556,0.0,0,Ignore
Mangalore Hub Mangalore,15,3.0,3.006944444444444,0.0,1,Prioritize for Clearing
MahnarHub_VAS Vaishali,1,3.0,3.001388888888889,0.0,0,Ignore
Aleeppey Hub,2,3.0,3.0230555555555556,0.0,0,Ignore
Sharafat kirana store SAHARANPUR,1,3.0,2.991111111111111,0.0,0,Ignore
Yelahanka Hub Bengaluru,3,3.0,3.3094444444444444,0.0,0,Ignore
Ferozepurroadhub_Mitr Kangra,4,3.0,1.9829166666666667,0.0,0,Ignore
SivagangaiHub_SAI,1,3.0,3.033888888888889,0.0,0,Ignore
KarimpurODH_KAR,1,2.9,2.9119444444444444,0.0,0,Ignore
Yogesh Home BANGALORE,1,2.9,2.8786111111111112,0.0,0,Ignore
RUDRA ENTERPRISES RAIGARH(MH),1,2.9,2.8833333333333333,0.0,0,Ignore
"RAJNANDGAON, CHHATTISGARH, IN",1,2.9,2.9366666666666665,0.0,0,Ignore
AshokNagarHub_PAT Patna,2,2.9,2.92875,0.0,0,Ignore
Alakh BHUJ,1,2.9,2.9008333333333334,0.0,0,Ignore
ZIRAKPUR,2,2.9,2.923472222222222,0.0,1,Ignore
AjnalaMDH_AJN Ajnala,3,2.9,2.104722222222222,0.0,0,Ignore
Chandannagar Hub,1,2.9,2.868611111111111,0.0,0,Ignore
ElasticRunChandraSekharpurODH_BBI Bhubaneswar,1,2.9,2.9161111111111113,0.0,0,Ignore
NamchiHub_NMI,2,2.9,2.8915277777777777,0.0,0,Ignore
NowrozabadMDH_NWR Nowrozabad,1,2.9,2.9125,0.0,0,Ignore
BehrorHub_RTN Behror,3,2.9,1.208888888888889,0.0,0,Ignore
HARITHA(HOME) KOZHIKODE,1,2.9,2.8841666666666668,0.0,0,Ignore
BagodarODH_PNM,1,2.9,2.8986111111111112,0.0,0,Ignore
ECILHub_HYD,2,2.9,2.8874999999999997,0.0,0,Ignore
"Pimpri-Chinchwad, MAHARASHTRA, IN",4,2.9,3.275138888888889,0.0,0,Ignore
Manish Enterprises PATNA,1,2.9,2.857222222222222,0.0,0,Ignore
ParwanooMDH_PRW Parwanoo,1,2.9,2.8755555555555556,0.0,0,Ignore
Sehore,3,2.9,5.0777777777777775,0.0,1,Ignore
"Jammu, Jammu & Kashmir, IN",4,2.9,3.0540277777777782,0.0,0,Ignore
"Secunderabad, TELANGANA, IN",1,2.9,2.905,0.0,0,Ignore
Bhilai Hub Bhilai,4,2.9,2.576388888888889,0.0,0,Ignore
"NASHIK, MAHARASHTRA, IN",11,2.9,2.3994444444444443,0.0,4,Prioritize for Clearing
Hissar Hub Hissar,5,2.9,3.7780555555555555,0.0,1,Prioritize for Clearing
BidarFortHub_BDR,1,2.9,2.9280555555555554,0.0,0,Ignore
GannavaramHub_GVM VIJAYAWADA,2,2.9,2.9080555555555554,0.0,1,Ignore
Porvorim Hub,1,2.9,2.8958333333333335,0.0,0,Ignore
YadgirODH_YDR Yadgir,4,2.9,2.377638888888889,0.0,0,Ignore
DilshadGardenHub_DEL,7,2.9,0.11416666666666667,0.0,0,Ignore
"RURA, UTTAR PRADESH, IN",1,2.9,2.893611111111111,0.0,0,Ignore
RFK BIKASH LOGISTICK DEOGHAR,1,2.9,2.861944444444444,0.0,0,Ignore
JB MOBILE STORE BAGALKOT,1,2.9,2.9169444444444443,0.0,0,Ignore
"Narendrapur, West Bengal, IN",1,2.9,2.888888888888889,0.0,0,Ignore
Reva Supar Mart PORBANDAR,1,2.9,2.937222222222222,0.0,0,Ignore
TTSPLKovilpattiODH_KVL Kovilpatti,2,2.9,2.8697222222222223,0.0,0,Ignore
Bhatinda Hub,1,2.9,2.8786111111111112,0.0,0,Ignore
Karur Hub Karur,3,2.9,2.9094444444444445,0.0,0,Ignore
LemoorHub_LMR,1,2.9,2.9452777777777777,0.0,0,Ignore
"Sibsagar, ASSAM, IN",2,2.9,2.9081944444444443,0.0,0,Ignore
LargeLogicPettaiODH_TVL Tirunelveli,1,2.9,2.9394444444444443,0.0,0,Ignore
ChinhatHub_LKO,1,2.9,2.858611111111111,0.0,0,Ignore
SALEM - SAL,1,2.9,2.9,0.0,0,Ignore
VxpressSayalODH_SAY,1,2.9,2.885,0.0,0,Ignore
RaiganjHub_RGJ,1,2.9,2.8730555555555557,0.0,0,Ignore
C H Store ANAND,1,2.9,2.9055555555555554,0.0,0,Ignore
CABTBallarpurODH_BLP Chandrapur,4,2.9,2.8833333333333333,0.0,2,Ignore
Rajan Dexter GURGAON,2,2.9,2.9038888888888894,0.0,1,Ignore
Rohit Store NEW DELHI,1,2.9,2.9097222222222223,0.0,0,Ignore
RajapalayamHub_RJPM Virudhunagar,1,2.9,2.8744444444444444,0.0,0,Ignore
NadiadHub_AMD,1,2.9,2.88,0.0,0,Ignore
KUSHAN WORKS PUNE,1,2.9,2.942222222222222,0.0,0,Ignore
RAJJAN STORE NEW DELHI,1,2.8,2.7605555555555554,0.0,0,Ignore
MIAMitr_ALW Alwar,1,2.8,2.8266666666666667,0.0,0,Ignore
HimmatnagarHub_HMT Himmatnagar,6,2.8,3.108472222222222,0.0,0,Ignore
LargeLogicTorrurODH_TRR Thorrur,1,2.8,2.838888888888889,0.0,0,Ignore
Rahul Disk World MYSORE,1,2.8,2.8158333333333334,0.0,0,Ignore
Md Munna MOTIHARI,1,2.8,2.843611111111111,0.0,0,Ignore
IdentifyPlusBaskhariODH_FZB Baskhari Ambedkar Nagar,1,2.8,2.848888888888889,0.0,0,Ignore
VerkaODH_ATQ,1,2.8,2.7555555555555555,0.0,0,Ignore
"Chittorgarh, RAJASTHAN, IN",1,2.8,2.786388888888889,0.0,0,Ignore
Kilokari Hub,1,2.8,2.8002777777777776,0.0,0,Ignore
CABTMainpuriODH_MNP Mainpuri,1,2.8,2.806388888888889,0.0,0,Ignore
BokajanHub_SZR,1,2.8,2.792222222222222,0.0,0,Ignore
"City- New Delhi, State- Delhi, IN",19,2.8,2.2488888888888887,0.0,1,Prioritize for Clearing
HunsurHub_HUN Hunsur,1,2.8,2.7958333333333334,0.0,0,Ignore
Jagatballavpur,3,2.8,2.8516666666666666,0.0,0,Ignore
AteliMDH_ATL Narnaul,1,2.8,2.8447222222222224,0.0,0,Ignore
KaraikalHub_KIK Karaikal,3,2.8,1.8722222222222222,0.0,0,Ignore
Kalyansplithub_Mum,2,2.8,2.819861111111111,0.0,0,Ignore
Mandal Store NEW DELHI,4,2.8,2.7151388888888888,0.0,0,Ignore
Sonam Sharma GAUTAM BUDDHA NAGAR,1,2.8,2.8497222222222223,0.0,0,Ignore
KatargaamHub_STV,3,2.8,1.1283333333333334,0.0,0,Ignore
ADENSmanaODH_SMN Patiala,1,2.8,2.7869444444444444,0.0,0,Ignore
Trambak Bhimraoji Thakre PULGAON,3,2.8,0.9180555555555555,0.0,0,Ignore
RajnandgaonHub_RJN,2,2.8,2.810833333333333,0.0,0,Ignore
Jarhi,1,2.8,2.756388888888889,0.0,0,Ignore
"JAMMU, JAMMU AND KASHMIR, IN",4,2.8,2.7781944444444444,0.0,0,Ignore
BajpeHub_IXE,1,2.8,2.8219444444444446,0.0,0,Ignore
IdentifyplusDharODH_DHR Dhar,4,2.8,3.5659722222222223,0.0,1,Ignore
LoadshareDhulagarhODH_KOL,1,2.8,2.8108333333333335,0.0,0,Ignore
Ramanagar,2,2.8,2.7704166666666667,0.0,0,Ignore
"Rishikesh, Uttarakhand, IN",3,2.8,3.042222222222222,0.0,0,Ignore
SewriHub_MUM Mumbai,4,2.8,2.7629166666666665,0.0,0,Ignore
CalicutHub,1,2.8,2.8080555555555557,0.0,0,Ignore
SherkhiBachauODH_BAC,2,2.8,2.8091666666666666,0.0,0,Ignore
"Bahadur Garh, Haryana, IN",2,2.8,2.7800000000000002,0.0,0,Ignore
"Jorhat, Assam, IN",4,2.8,2.319861111111111,0.0,0,Ignore
KarumatampattyHub_KUM KARUMATAMPATTY,2,2.7,2.6911111111111112,0.0,0,Ignore
Khammam Hub 0,3,2.7,3.576111111111111,0.0,0,Ignore
IdentifyplusJashpurODH_JSP jashpur,2,2.7,2.731388888888889,0.0,1,Ignore
IdentifyplusMangrolODH_MGL Mangrol,2,2.7,2.661944444444444,0.0,0,Ignore
"Shakti Nagar, Shakti Nagar, UTTAR PRADESH",3,2.7,-3.218888888888889,0.0,2,Ignore
Bhiwani Hub,1,2.7,2.6791666666666667,0.0,0,Ignore
PhagwaraHub_PGR Phagwara,5,2.7,2.9427777777777777,0.0,0,Ignore
Malang Enterprise JAM JODHPUR,1,2.7,2.7222222222222223,0.0,0,Ignore
BagalurMDH_BGR Krishnagiri,1,2.7,2.7219444444444445,0.0,0,Ignore
Pallipalayam Hub,3,2.7,1.3716666666666666,0.0,0,Ignore
ElasticRunKhargharODH_MUM Mumbai,6,2.7,2.245277777777778,0.0,0,Ignore
MahbubnagarHub_MBN Mahbubnagar,1,2.7,2.7319444444444443,0.0,0,Ignore
ShadowFaxGosabaMDH_GOS Gosaba,1,2.7,2.725,0.0,0,Ignore
"MAHAD, Maharashtra, IN",1,2.7,2.72,0.0,0,Ignore
Bhima store BANGALORE,1,2.7,2.7441666666666666,0.0,0,Ignore
"ANAND, Gujarat, IN",2,2.7,2.745972222222222,0.0,0,Ignore
BOSS MOBILES PONDICHERRY,1,2.7,2.6733333333333333,0.0,0,Ignore
RoseraHub_ROA,1,2.7,2.7472222222222222,0.0,0,Ignore
UstiMDH_DDH Diamondharbour,1,2.7,2.7425,0.0,0,Ignore
BhavnagarHub,1,2.7,2.7247222222222223,0.0,0,Ignore
AmbalappuzhaHUB_APZ Alleppey,1,2.7,2.651388888888889,0.0,0,Ignore
GURUKRUPA KIRANA STORE NANDURBAR,1,2.7,2.681388888888889,0.0,0,Ignore
ChampasariMDH_CHP Champasari,3,2.7,1.1219444444444444,0.0,0,Ignore
MungerCityHub_MCT Munger,1,2.7,2.726111111111111,0.0,0,Ignore
ElasticRunRajampetODH_RJM Rajampet,1,2.7,2.742777777777778,0.0,0,Ignore
Rajesh kirana NEW DELHI,2,2.7,2.6886111111111113,0.0,0,Ignore
AlibagHub_ABG,1,2.7,2.7191666666666667,0.0,0,Ignore
Rajpura,1,2.7,2.717222222222222,0.0,0,Ignore
Bantu Kirana Store ETAH,1,2.7,2.7133333333333334,0.0,0,Ignore
OjharODH_NSK Ojhar,2,2.7,2.682083333333333,0.0,1,Ignore
CABTLalganjODH_LAL LALGANJ,1,2.7,2.7383333333333333,0.0,0,Ignore
KanjhawalaHub_DEL Delhi,3,2.7,2.9394444444444443,0.0,0,Ignore
Sohail Khan KHANDWA,4,2.7,2.9047222222222224,0.0,0,Ignore
"Samastipur, BIHAR, IN",1,2.7,2.743888888888889,0.0,0,Ignore
SuryapetHub_SPT Suryapet,1,2.7,2.731666666666667,0.0,0,Ignore
KondagaonHub_KDN Kondagaon,3,2.7,5.663611111111111,0.0,1,Ignore
ChandrapurHub_CDP Chandrapur,5,2.7,3.9894444444444446,0.0,1,Prioritize for Clearing
"West Garo Hills, MEGHALAYA, IN",2,2.7,2.709027777777778,0.0,0,Ignore
SadabadMDH_HTH,1,2.7,2.745277777777778,0.0,0,Ignore
"Rewari, HARYANA, IN",2,2.7,2.6551388888888887,0.0,0,Ignore
KathuaHub_KTH,1,2.7,2.658333333333333,0.0,0,Ignore
fkl_NAGBTS01,243,2.7,0.0019444444444444444,0.8,0,Ignore
HukkeriHub_HKR Hukkeri,1,2.7,2.6772222222222224,0.0,0,Ignore
AshokNagarHub_AKN,1,2.7,2.7469444444444444,0.0,0,Ignore
GajipatinagaramHub_VZM Gajipatinagaram,3,2.6,1.941111111111111,0.0,1,Ignore
"Konnagar, WEST BENGAL, IN",9,2.6,3.335,0.0,1,Prioritize for Clearing
Rahul R Home KOLLAM,1,2.6,2.5633333333333335,0.0,0,Ignore
SITICSGokakODH_GKK,2,2.6,2.6063888888888886,0.0,0,Ignore
SASAlathurODH_ALT,2,2.6,2.5545833333333334,0.0,0,Ignore
Laxmi Tea and Tiffin center NIZAMABAD,3,2.6,3.3075,0.0,1,Ignore
Bhosari Hub Pune,2,2.6,2.576944444444445,0.0,0,Ignore
TTSPLSathyamangalamODH_STY Sathyamangalam,1,2.6,2.6430555555555557,0.0,0,Ignore
SASKodungallurODH_KLL Kodungallur,3,2.6,2.596111111111111,0.0,0,Ignore
Satara,2,2.6,2.550138888888889,0.0,0,Ignore
"Satara, MAHARASHTRA, IN",1,2.6,2.595,0.0,0,Ignore
FatehabadHub_FHB Fatehabad,2,2.6,2.606527777777778,0.0,0,Ignore
MA ASHAPURA NAKHATRANA,1,2.6,2.555833333333333,0.0,0,Ignore
MAA ASHAPURA ENTERPRISE RAJKOT,3,2.6,2.191388888888889,0.0,0,Ignore
SattenapalliHub_STN sattenapalli,3,2.6,0.8061111111111111,0.0,0,Ignore
Suraj delivery  work FARIDABAD,1,2.6,2.606388888888889,0.0,0,Ignore
ElasticRunGudiyathamODH_GDM Gudiyattam,6,2.6,1.6066666666666667,0.0,0,Ignore
IdentifyPlusNautanwaODH_NTN Nautanwa Maharajganj,1,2.6,2.5644444444444443,0.0,0,Ignore
MangaonHub_MAN,1,2.6,2.5791666666666666,0.0,0,Ignore
NarsipatnamHub_VTZ Narsipatnam,2,2.6,2.5916666666666672,0.0,1,Ignore
YELLAMANCHILIHUBtemp_YLM Vishakhapatnam,2,2.6,2.570416666666667,0.0,1,Ignore
BalaghatHub_BGT Balaghat,4,2.6,3.5625,0.0,1,Ignore
MP_SuratHub_STV,199,2.6,0.0022222222222222222,0.0,0,Ignore
Niharika logistics BHADRAK,1,2.6,2.5855555555555556,0.0,0,Ignore
Hanamkonda Hub,2,2.6,2.6230555555555557,0.0,0,Ignore
Anchal tiwari ALLAHABAD,1,2.6,2.588888888888889,0.0,0,Ignore
GachibowliHub_Hyd,2,2.6,2.570972222222222,0.0,0,Ignore
DevakottaiHub_DKO Sivaganga,1,2.6,2.5805555555555557,0.0,0,Ignore
"ZAHIRABAD, TELANGANA, IN",1,2.6,2.621111111111111,0.0,0,Ignore
ATEEQUE SAYYED ENTERPRISE AMBERNATH,1,2.6,2.5680555555555555,0.0,0,Ignore
Bhupesh store NEW DELHI,1,2.6,2.55,0.0,0,Ignore
ArepallyODH_APY Arepally,1,2.6,2.5933333333333333,0.0,0,Ignore
ROHINI ETAIL UNIT,1547,2.6,2.3,0.2,0,Ignore
ElasticRunSambalpurODH_SBP Sambalpur,2,2.6,2.595833333333333,0.0,0,Ignore
CivillinesHub_DEL New Delhi,8,2.6,2.49125,0.0,0,Ignore
RAJAN STORE FARIDABAD,1,2.6,2.5569444444444445,0.0,0,Ignore
KarawalNagarHub_DEL,1,2.6,2.591666666666667,0.0,0,Ignore
LANJI,2,2.6,2.648472222222222,0.0,1,Ignore
SulliaHub_SUL Sullia,1,2.5,2.496111111111111,0.0,0,Ignore
Savita Gupta VASAI,2,2.5,2.540694444444444,0.0,0,Ignore
"Bhavnagar, Gujarat, IN",1,2.5,2.5016666666666665,0.0,0,Ignore
KatniHub_KTN,2,2.5,2.544166666666667,0.0,0,Ignore
RJSCDimapurODH_DPR Dimapur,1,2.5,2.4586111111111113,0.0,0,Ignore
"Thane, MAHARASHTRA, IN",8,2.5,1.513472222222222,0.0,1,Prioritize for Clearing
TTSPLBellurcrossODH_BLU BELLUR,2,2.5,2.478194444444444,0.0,0,Ignore
NikolODH_NKL Ahmedabad,5,2.5,3.611111111111111,0.0,1,Prioritize for Clearing
CABTSibpurODH_Kol,1,2.5,2.464166666666667,0.0,0,Ignore
Pankaj store NEW DELHI,2,2.5,2.4643055555555557,0.0,0,Ignore
RJSCLungleiODH_LGL Lunglei,2,2.5,2.5105555555555554,0.0,0,Ignore
PhagwaraHub_Mitr_LPU Phagwara,1,2.5,2.5030555555555556,0.0,0,Ignore
SakherBazar Hub,1,2.5,2.464722222222222,0.0,0,Ignore
Wagholi Hub Pune,4,2.5,2.3380555555555556,0.0,0,Ignore
SiraHub_CRA Sira,3,2.5,-1.6502777777777777,0.0,2,Ignore
GANDHIBAZAARHUB_ATP ANANTAPUR,3,2.5,1.3902777777777777,0.0,0,Ignore
KundliODH_KND Kundli,1,2.5,2.477222222222222,0.0,0,Ignore
"Ratnagiri, Maharashtra, IN",4,2.5,2.9995833333333333,0.0,0,Ignore
SRI Devi auto consultant & Travels KRISHNAGIRI,1,2.5,2.526111111111111,0.0,0,Ignore
AmbadODH_NSK Nashik,3,2.5,1.7691666666666668,0.0,0,Ignore
MatihaniMDH_MTH Begusarai,1,2.5,2.5144444444444445,0.0,0,Ignore
ChengamODH_CGM Chengam,1,2.5,2.467222222222222,0.0,0,Ignore
SASKunhimangalamODH_KUN Payyanur,1,2.5,2.4988888888888887,0.0,0,Ignore
VALIYAVEETTIL HOME ALAPPUZHA,1,2.5,2.476111111111111,0.0,0,Ignore
Jigar enterprises MAHESANA,1,2.5,2.501388888888889,0.0,0,Ignore
NehruPlaceHub_DEL,14,2.5,0.3713888888888889,0.0,0,Ignore
TTSPLRamanODH_PNJ,1,2.5,2.5372222222222223,0.0,0,Ignore
WheeleyBhataparaODH_BHT Bhatapara,1,2.5,2.4969444444444444,0.0,0,Ignore
Indiranagarhub_LKO Lucknow,2,2.5,2.5486111111111107,0.0,1,Ignore
PKS EASY SERVICE SALEM,3,2.5,2.855,0.0,0,Ignore
JhumriTelaiyaHub_KQR,2,2.5,2.54625,0.0,0,Ignore
Jabalpur Hub,4,2.5,2.2031944444444447,0.0,0,Ignore
KodumudiHub_KAU Erode,1,2.5,2.4877777777777776,0.0,0,Ignore
AdarshnagarHub_AJM,1,2.5,2.548888888888889,0.0,0,Ignore
LargeLogicParkalODH_PRK ROTS,2,2.5,2.5027777777777778,0.0,0,Ignore
ChallapalliHub_CPL MACHILIPATNAM,1,2.5,2.4791666666666665,0.0,0,Ignore
Thiruchengodeodh_TCG,1,2.5,2.475833333333333,0.0,0,Ignore
HariharHub_HRR Harihar,1,2.5,2.5411111111111113,0.0,0,Ignore
HarinaviHub_KOL,1,2.5,2.5191666666666666,0.0,0,Ignore
PratapgarhHub_CHI chittorgarh,4,2.5,3.7255555555555553,0.0,1,Ignore
HoshangabadHub_HGB,1,2.5,2.5019444444444443,0.0,0,Ignore
ElasticRunAundhODH_AND PUNE,7,2.5,2.4419444444444443,0.0,0,Ignore
Karan KARNAL,1,2.5,2.4805555555555556,0.0,0,Ignore
MahandipurBalajiMDH_MHN Brahmbad,1,2.4,2.439722222222222,0.0,0,Ignore
"RAXAUL BAZAR, BIHAR, IN",1,2.4,2.437777777777778,0.0,0,Ignore
Canacona Hub Canacona,1,2.4,2.3966666666666665,0.0,0,Ignore
Salmaben Store BODELI,1,2.4,2.375277777777778,0.0,0,Ignore
CABTSamroliChikhliODH_CHK,3,2.4,2.6780555555555554,0.0,1,Ignore
KhaanaOSH_LUH Ludhiana,3,2.4,1.8894444444444445,0.0,0,Ignore
SanquelimHub_GOA Panjim,1,2.4,2.390833333333333,0.0,0,Ignore
"RAIPUR, CHHATTISGARH, IN",5,2.4,2.0597222222222222,0.0,0,Ignore
ByndoorHub_BYN 0,2,2.4,2.353472222222222,0.0,0,Ignore
PutturHub_PTR Puttur,3,2.4,4.680555555555555,0.0,1,Ignore
SASChembrasseriODH_CSR,2,2.4,2.3506944444444446,0.0,0,Ignore
"DEL/IB1, Delhi NCR, DELHI",1,2.4,2.397777777777778,0.0,0,Ignore
PhullanwalODH_PHU Ludhiana,16,2.4,3.15625,0.0,2,Prioritize for Clearing
BidadiHub_BID,1,2.4,2.3758333333333335,0.0,0,Ignore
PanchavatiHub_NSK,1,2.4,2.41,0.0,0,Ignore
BheemunipatnamMDH_VIS Vishakhapatnam,1,2.4,2.4122222222222223,0.0,0,Ignore
"BHATKAL, KARNATAKA, IN",4,2.4,2.3616666666666664,0.0,0,Ignore
BeltolaHub_GAU GUWAHATI,1,2.4,2.3780555555555556,0.0,0,Ignore
"SONIPAT, HARYANA, IN",1,2.4,2.4408333333333334,0.0,0,Ignore
Fkl-BLRAnjaniHoskote,25,2.4,0.0019444444444444444,0.0,0,Ignore
Sri Muthalamman Leath Works DINDIGUL,1,2.4,2.4283333333333332,0.0,0,Ignore
SS Kirana store PATIALA,1,2.4,2.3980555555555556,0.0,0,Ignore
NazirpurHub_NZP NAZIRPUR,1,2.4,2.4175,0.0,0,Ignore
GampalagudemHub_GPG Krishna,2,2.4,2.4347222222222222,0.0,0,Ignore
Sultan CHHINDWARA,1,2.4,2.423888888888889,0.0,0,Ignore
Barrackpore Hub,1,2.4,2.4477777777777776,0.0,0,Ignore
Nargis NEW DELHI,1,2.4,2.356666666666667,0.0,0,Ignore
Ghodbunder Hub,2,2.4,2.4380555555555556,0.0,0,Ignore
GobichettipalayamHub_GOB Gobichettipalayam,2,2.4,2.443888888888889,0.0,0,Ignore
HanumangarhHub_HAN hanumangarh,5,2.4,1.7502777777777778,0.0,0,Ignore
Mohit Sain Kirana FAIZABAD,1,2.4,2.3533333333333335,0.0,0,Ignore
Thrissiva Flowers THRISSUR,2,2.4,2.3825000000000003,0.0,1,Ignore
Ayyantholehub_AYY Ayyanthole,6,2.4,2.196388888888889,0.0,1,Prioritize for Clearing
HolalkereHub_HLK,1,2.4,2.4330555555555557,0.0,0,Ignore
IdentifyPlusBaskhariODH_FZB,1,2.4,2.436111111111111,0.0,0,Ignore
AriyalurHub_ARI Ariyalur,1,2.4,2.352777777777778,0.0,0,Ignore
TTSPLBeasODH_BEA BEAS,1,2.4,2.3644444444444446,0.0,0,Ignore
TTSPLKhopolisplitODH_KPL PUNE,3,2.4,1.3272222222222223,0.0,1,Ignore
TTSPLKovilpattiODH_KVL,1,2.4,2.4466666666666668,0.0,0,Ignore
JagatpuraHub_JAI,1,2.4,2.438888888888889,0.0,0,Ignore
Khan Kirana Arni,1,2.4,2.363611111111111,0.0,0,Ignore
Anita store GURGAON,1,2.4,2.3919444444444444,0.0,0,Ignore
Umesh chandra TALGRAM,1,2.4,2.4402777777777778,0.0,0,Ignore
Ammu store SALEM,1,2.4,2.3833333333333333,0.0,0,Ignore
Laxmi store NEW DELHI,1,2.4,2.4491666666666667,0.0,0,Ignore
VasaiODH_MUM Palghar,4,2.4,1.7379166666666666,0.0,0,Ignore
Amalapuram Hub,3,2.4,1.3988888888888888,0.0,0,Ignore
LakhniMDH_LAK Lakhn,1,2.4,2.424722222222222,0.0,0,Ignore
Aliganj Hub,2,2.4,2.4134722222222225,0.0,0,Ignore
AlibagHub_ABG Alibag,3,2.4,1.5797222222222222,0.0,0,Ignore
KarjanHub_KJN Karjan,2,2.4,2.44625,0.0,0,Ignore
KaruvattaHub_KVT,1,2.4,2.3944444444444444,0.0,0,Ignore
RoyapuramHub_CHN,1,2.4,2.4375,0.0,0,Ignore
Khalsha store NEW DELHI,1,2.3,2.254166666666667,0.0,0,Ignore
Bikaner Hub Bikaner,2,2.3,2.3208333333333333,0.0,0,Ignore
Garia Hub,1,2.3,2.3455555555555554,0.0,0,Ignore
"GWALIOR, MADHYA PRADESH, IN",3,2.3,1.2977777777777777,0.0,0,Ignore
RajendraparkHub_DEL,3,2.3,3.1422222222222222,0.0,0,Ignore
PNPalayam Hub Coimbatore,2,2.3,2.3433333333333333,0.0,0,Ignore
Knowledge Enterprises MANGALORE,2,2.3,2.250277777777778,0.0,0,Ignore
SUSANTA NATH CUTTACK,1,2.3,2.3002777777777776,0.0,0,Ignore
NamakkalHub_NKK Namakkal,2,2.3,2.2499999999999996,0.0,1,Ignore
"Nuzvid, ANDHRAPRADESH, IN",2,2.3,2.275833333333334,0.0,0,Ignore
ShalimarGardenHub_DEL,1,2.3,2.3341666666666665,0.0,0,Ignore
PashanODH_PUNE,2,2.3,2.315138888888889,0.0,0,Ignore
TildaMDH_TLD Bhatapara,1,2.3,2.3141666666666665,0.0,0,Ignore
Bhola store NEW DELHI,2,2.3,2.328611111111111,0.0,0,Ignore
SimriHub_SHC,1,2.3,2.283611111111111,0.0,0,Ignore
KRnagarahub_KRN KR Nagara,1,2.3,2.299722222222222,0.0,0,Ignore
ThenjipalamHub_TJI,2,2.3,2.345833333333333,0.0,0,Ignore
Rupam rathaur NEW DELHI,2,2.3,2.2565277777777775,0.0,0,Ignore
Gurgaon Hub,5,2.3,0.8991666666666667,0.0,0,Ignore
VrindavanHub_MTH Mathura,4,2.3,3.8755555555555556,0.0,1,Ignore
NemomHub_NEM Trivandrum,2,2.3,2.2594444444444446,0.0,0,Ignore
"HIJULI, WEST BENGAL, IN",1,2.3,2.311111111111111,0.0,0,Ignore
Kaliyappan CHENGAM,1,2.3,2.2708333333333335,0.0,0,Ignore
"ROSERA, BIHAR, IN",1,2.3,2.2891666666666666,0.0,0,Ignore
NikkouSeethangoliODH_SEE,1,2.3,2.348611111111111,0.0,0,Ignore
"BIDAR, Karnataka, IN",6,2.3,2.7675,0.0,0,Ignore
CABTDehriOnSoneSplitODH_DOS Dehri,1,2.3,2.330833333333333,0.0,0,Ignore
PalwalHub_PLW Palwal,1,2.3,2.3241666666666667,0.0,0,Ignore
PrincyKhambatODH_KHA AHMEDABAD,1,2.3,2.294166666666667,0.0,0,Ignore
ElasticRunGovernorpetODH_GOV,1,2.3,2.3241666666666667,0.0,0,Ignore
BahraichHub_BAI Bahraich,1,2.3,2.3133333333333335,0.0,0,Ignore
BudhViharHub_DEL,2,2.3,2.3170833333333336,0.0,0,Ignore
Harmu Hub Ranchi,1,2.3,2.3069444444444445,0.0,0,Ignore
Phulpur,2,2.3,2.2537500000000006,0.0,1,Ignore
VISHNU STORE NEW DELHI,3,2.3,1.1522222222222223,0.0,1,Ignore
Rohinihub_DEL,14,2.3,0.28055555555555556,0.0,0,Ignore
"SIliguri, West Bengal, IN",1,2.3,2.2555555555555555,0.0,0,Ignore
TirupurNorthHub_TPR,3,2.3,2.5991666666666666,0.0,0,Ignore
Mahavir Kirana NEW DELHI,1,2.3,2.279166666666667,0.0,0,Ignore
Gulbarga Hub Gulbarga,6,2.2,2.7095833333333337,0.0,2,Prioritize for Clearing
KanjarHUB_KJR Thodupuzha,1,2.2,2.2088888888888887,0.0,0,Ignore
Gulbarga Hub,2,2.2,2.1684722222222224,0.0,0,Ignore
Neeraj kumar kirana GAUTAM BUDDHA NAGAR,2,2.2,2.203472222222222,0.0,0,Ignore
ABHISHEK EKART LOGISTICS HAMIRPUR,1,2.2,2.171388888888889,0.0,0,Ignore
WadrafnagarMDH_WAD Wadrafnagar,1,2.2,2.1994444444444445,0.0,0,Ignore
FKL_ulbesr,19,2.2,0.0019444444444444444,0.0,0,Ignore
SASAlathurODH_ALT Alathur,6,2.2,2.6506944444444445,0.0,0,Ignore
NandigramHub_MDN Nandigram,1,2.2,2.220833333333333,0.0,0,Ignore
ElasticRunNakodarODH_NKD Nakodar,6,2.2,2.6279166666666667,0.0,1,Prioritize for Clearing
AkolaHub_AKD Akola,8,2.2,2.216388888888889,0.0,1,Prioritize for Clearing
TinsukiaHub_TSK Tinsukia,1,2.2,2.176388888888889,0.0,0,Ignore
Vicky General Store BAHRAICH,1,2.2,2.248611111111111,0.0,0,Ignore
"SULLURU, ANDHRA PRADESH, IN",1,2.2,2.2319444444444443,0.0,0,Ignore
KalmeshwarMDH_KML Kalmeshwar,2,2.2,2.1659722222222224,0.0,0,Ignore
Haridwar Hub,1,2.2,2.2375,0.0,0,Ignore
DHL LOGISTIC LTD,15,2.2,2.533333333333333,0.0,0,Ignore
"MANGALORE, KARNATAKA, IN",2,2.2,2.1781944444444443,0.0,0,Ignore
Bijnor,2,2.2,2.2265277777777777,0.0,0,Ignore
Dwarka Hub,10,2.2,1.3370833333333334,0.0,0,Ignore
Haltu Hub,3,2.2,2.1416666666666666,0.0,0,Ignore
Dharwad Hub Dharwad,2,2.2,2.2295833333333333,0.0,0,Ignore
IdentifyplusUpletaODH_UPL Upleta,4,2.2,2.4145833333333333,0.0,0,Ignore
"PANDHURNA, MADHYA PRADESH, IN",1,2.2,2.2286111111111113,0.0,0,Ignore
KashipurHub_KAS,1,2.2,2.155,0.0,0,Ignore
SagarpurHub_DEL,5,2.2,0.8594444444444445,0.0,0,Ignore
DewandighiHub_BDM,2,2.2,2.207222222222222,0.0,0,Ignore
SewriHub_MUM,1,2.2,2.226111111111111,0.0,0,Ignore
GanganagarHub_BLR,1,2.2,2.1544444444444446,0.0,0,Ignore
PithapuramHub_PDM EAST GODAVARI,1,2.2,2.189722222222222,0.0,0,Ignore
ChhibramauMDH_FRR,1,2.2,2.172222222222222,0.0,0,Ignore
"Kottayam, KERALA, IN",1,2.2,2.211388888888889,0.0,0,Ignore
MundakkayamOSH_Hub Kottayam,1,2.2,2.151388888888889,0.0,0,Ignore
BilaspurHPHub_BUR Bilaspur,2,2.2,2.2233333333333336,0.0,0,Ignore
RanjeetAvenueHub_ATQ,5,2.2,2.506111111111111,0.0,0,Ignore
ElasticRunParavurODH_PRV North Paravur,3,2.2,1.6325,0.0,0,Ignore
ElasticRunJublieehillsODH_HYD Hyderabad,8,2.2,2.3618055555555557,0.0,0,Ignore
RampuraPhulHub_PHU,1,2.2,2.1816666666666666,0.0,0,Ignore
Nirwan Store NEW DELHI,1,2.2,2.24,0.0,0,Ignore
JalkotHub_JKT Muked,4,2.2,1.8802777777777777,0.0,0,Ignore
ElasticrunRaebareliODH_RBY Raebareili,1,2.2,2.212222222222222,0.0,0,Ignore
BrahmavarHub_BMR Brahmavar,2,2.2,2.1766666666666667,0.0,1,Ignore
ThiroorHub_TRR,1,2.2,2.171111111111111,0.0,0,Ignore
Darshan Dube KHANDWA,2,2.2,2.19,0.0,0,Ignore
MarathahalliHub_BLR Bangalore,2,2.1,2.081388888888889,0.0,0,Ignore
TTSPLMandiODH_MDN Sunder Nagar,1,2.1,2.076388888888889,0.0,0,Ignore
ThiruvaiyaruHub_TVU Thanjavur,2,2.1,2.135972222222222,0.0,0,Ignore
TTSPLAmalnerODH_AMN Amalner,1,2.1,2.1141666666666667,0.0,0,Ignore
TTSPLABURoadODH_ABU Aburoad S.O,1,2.1,2.0508333333333333,0.0,0,Ignore
MorenaHub_MRN Morena,4,2.1,2.380138888888889,0.0,1,Ignore
ManikondaHubTemp_Hyd Hyderabad,1,2.1,2.0655555555555556,0.0,0,Ignore
Bikram Khosla DAMANJODI,1,2.1,2.075,0.0,0,Ignore
Moradabad Hub Moradabad,1,2.1,2.12,0.0,0,Ignore
"BARSHI, MAHARASHTRA, IN",1,2.1,2.1255555555555556,0.0,0,Ignore
HojaiHub_HJI Hojai,2,2.1,2.1180555555555554,0.0,0,Ignore
"NARKATIAGANJ, BIHAR, IN",1,2.1,2.0591666666666666,0.0,0,Ignore
Fkl-MUMFlexSai4,1918,2.1,0.0019444444444444444,1.4,5,Prioritize for Clearing
Pankaj kirana SATARA,1,2.1,2.1013888888888888,0.0,0,Ignore
CABTVittlaMDH_VIT Vittla,2,2.1,2.0525,0.0,0,Ignore
Kannur Hub Kannur,5,2.1,1.6277777777777778,0.0,0,Ignore
VizianagaramHub_VZM Vizianagaram,5,2.1,2.602777777777778,0.0,0,Ignore
Kottayam Hub Kottayam,2,2.1,2.1195833333333334,0.0,0,Ignore
Krishna Clothe House BILASPUR,1,2.1,2.0875,0.0,0,Ignore
ElathurHub_ELA Nadakavu,2,2.1,2.112222222222222,0.0,0,Ignore
Khadak Singh Kirana ROORKEE,1,2.1,2.056111111111111,0.0,0,Ignore
TirupatturHub_TAT Tiruppattur,4,2.1,2.8138888888888887,0.0,1,Ignore
"DABHOI, GUJARAT, IN",1,2.1,2.055277777777778,0.0,0,Ignore
Amarnath Prasad Home RFK Barkatha,1,2.1,2.068888888888889,0.0,0,Ignore
LoadhaPalavaODH_MUM Mumbai,2,2.1,2.1123611111111114,0.0,0,Ignore
"Vapi, Gujarat, IN",1,2.1,2.0747222222222224,0.0,0,Ignore
LoadshareLalbaghODH_MBB Lalbagh,2,2.1,2.149861111111111,0.0,0,Ignore
LoadshareShahjahanpurODH_SJP,1,2.1,2.066388888888889,0.0,0,Ignore
AmbalamukkuHub_TRV Trivandrum,10,2.1,2.5193055555555555,0.0,1,Prioritize for Clearing
KedgaonODH_AHN,3,2.1,1.4891666666666667,0.0,0,Ignore
SITICSPortBlairODH_PBR Haddo,1,2.1,2.1261111111111113,0.0,0,Ignore
PratapgarhHub_PTP PRATAPGARH,1,2.1,2.1475,0.0,0,Ignore
DasuaHub_DSU,4,2.1,1.5418055555555554,0.0,0,Ignore
"JAMSHEDPUR, JHARKHAND, IN",8,2.1,0.7391666666666666,0.0,0,Ignore
ElasticRunPatanODH_PTN,1,2.1,2.1466666666666665,0.0,0,Ignore
TBDamODH_TBD Munirabad,4,2.1,1.6769444444444446,0.0,0,Ignore
Deepak store FIROZABAD,1,2.1,2.0580555555555557,0.0,0,Ignore
Anand Hub Anand,4,2.1,2.949583333333333,0.0,1,Ignore
YellamanchiliHub_YLM,1,2.1,2.0569444444444445,0.0,0,Ignore
Hukam Kirana Store JAIPUR,1,2.1,2.136111111111111,0.0,0,Ignore
ElasticRunGokavaramODH_GVM east godavari,1,2.1,2.1005555555555557,0.0,0,Ignore
ParvathipuramHub_PPM,1,2.1,2.1127777777777776,0.0,0,Ignore
GANDIKOTA KEERTHI ELURU,2,2.1,2.1475,0.0,0,Ignore
Bhawanipur Hub,1,2.1,2.105277777777778,0.0,0,Ignore
Pala Hub,2,2.1,2.086805555555556,0.0,0,Ignore
MandiHub_MNI,4,2.1,1.6416666666666666,0.0,0,Ignore
"CAR/RTO, AMBALA, HARYANA",1,2.0,2.0191666666666666,0.0,0,Ignore
CABTSavnerODH_SVR SAVNER,4,2.0,1.5363888888888888,0.0,0,Ignore
"Rohtak, Haryana, IN",3,2.0,1.8286111111111112,0.0,0,Ignore
Murthal_MUR,1,2.0,1.9733333333333334,0.0,0,Ignore
Chandraprabha MEERUT,1,2.0,1.9505555555555556,0.0,0,Ignore
SangamviharHub_DEL New Delhi,6,2.0,3.115,0.0,1,Prioritize for Clearing
GeedamODH_GEM Dantewara,1,2.0,2.0391666666666666,0.0,0,Ignore
Koramangla Hub Bengaluru,4,2.0,2.9968055555555555,0.0,1,Ignore
ElasticRunNayaraipurODH_NYR Naya Raipur,2,2.0,1.972222222222222,0.0,0,Ignore
SonbhadraHub_SON SONBHADRA,1,2.0,1.9958333333333333,0.0,0,Ignore
BankraMDH_KOL Kolkata,1,2.0,1.9908333333333332,0.0,0,Ignore
SukuliaparaMDH_TNG Udalguri,1,2.0,1.9541666666666666,0.0,0,Ignore
BangursiaMDH_BAS Chhal,1,2.0,2.042777777777778,0.0,0,Ignore
Midnapore Hub,1,2.0,1.9680555555555557,0.0,0,Ignore
RavulapalemHub_MDP,1,2.0,1.9833333333333334,0.0,0,Ignore
BKC Hub Mumbai,13,2.0,1.9691666666666667,0.0,0,Ignore
ElasticRunKamotheODH_KAM NAVI MUMBAI,3,2.0,1.6105555555555555,0.0,1,Ignore
Gandhi Nagar Hub,2,2.0,2.0280555555555555,0.0,0,Ignore
"Bilaspur, Chhattisgarh, IN",8,2.0,2.080277777777778,0.0,0,Ignore
ShadowFaxMudigereMDH_MDI Chikmagalur,1,2.0,2.0380555555555557,0.0,0,Ignore
BhattiproluHub_BTP,1,2.0,2.011388888888889,0.0,0,Ignore
AjwaHub_BDQ,2,2.0,2.0352777777777775,0.0,0,Ignore
VasantKunj Hub,8,2.0,0.6479166666666667,0.0,0,Ignore
VedaranyamMDH_VDM Vedaranyam,2,2.0,1.9861111111111112,0.0,0,Ignore
Ujjain Hub,2,2.0,1.9959722222222223,0.0,0,Ignore
ThizamaMDH_KHM Kohima,1,2.0,1.9827777777777778,0.0,0,Ignore
SiuriHub_SUR,1,2.0,2.006666666666667,0.0,0,Ignore
RAIPUR,1,2.0,1.9841666666666666,0.0,0,Ignore
KottarakkaraHub_KOR Kottarakkara,3,2.0,4.1033333333333335,0.0,1,Ignore
"KOLHAPUR, MAHARASHTRA, IN",5,2.0,1.5166666666666666,0.0,0,Ignore
VastralMetroODH_VAS,1,2.0,2.0480555555555555,0.0,0,Ignore
AttingalHub_AAL,2,2.0,1.9566666666666668,0.0,0,Ignore
Vishal Kumar Maurya GHAZIABAD,1,2.0,2.0108333333333333,0.0,0,Ignore
SASVadakkencherryODH_VDY Palakkad,1,2.0,2.004722222222222,0.0,0,Ignore
KOLKATA E-TAIL WAREHOUSE,15,2.0,2.5,0.0,0,Ignore
RamganjHub_RAM Ramganj,3,2.0,0.4066666666666667,0.0,0,Ignore
Changlang,1,2.0,2.0097222222222224,0.0,1,Ignore
ElasticRunBiaoraODH_BIA Rajgarh,1,2.0,2.0433333333333334,0.0,0,Ignore
Mahakal Logistics Bagli RFK BAGLI,1,2.0,2.035277777777778,0.0,0,Ignore
"GIDC SAVLI, GUJARAT, IN",3,2.0,1.4927777777777778,0.0,0,Ignore
LadwaHub_LAD LADWA,1,2.0,2.0452777777777778,0.0,0,Ignore
KandanavoluHub_KRN Kurnool,1,2.0,2.0475,0.0,0,Ignore
AmethiHub_AME AMETHI,1,2.0,1.9925,0.0,0,Ignore
ThimmapuramHub_VTZ,1,1.9,1.8611111111111112,0.0,0,Ignore
NawanshahrHub_NSH NAWANSHAHR,6,1.9,1.6466666666666667,0.0,1,Prioritize for Clearing
SASKattappanaODH_KTP,1,1.9,1.9255555555555557,0.0,0,Ignore
"Chandigarh, CHANDIGARH, IN",1,1.9,1.9252777777777779,0.0,0,Ignore
BarnalaHub_BRN Barnala,1,1.9,1.8888888888888888,0.0,0,Ignore
AmbegaonHub_AMB,1,1.9,1.9033333333333333,0.0,0,Ignore
Parse Hi Parde HAMIRPUR,1,1.9,1.9408333333333334,0.0,0,Ignore
SITICSThazheChovvaODH_TCV,2,1.9,1.9288888888888889,0.0,0,Ignore
OrangMDH_ORG,1,1.9,1.8875,0.0,0,Ignore
KanjoorHub_ALU,3,1.9,2.1025,0.0,0,Ignore
Ganesh Home MAYILADUTHURAI,1,1.9,1.9133333333333333,0.0,0,Ignore
HimmatnagarHub_HMT,1,1.9,1.8875,0.0,0,Ignore
CHAUKAGHATHUB_VNS Varanasi,1,1.9,1.919722222222222,0.0,0,Ignore
"Ponda, GOA, IN",2,1.9,1.8919444444444444,0.0,0,Ignore
AIL,7,1.9,1.9,0.0,0,Ignore
Sehaj beauty parlour NAWANSHAHR,1,1.9,1.9430555555555555,0.0,0,Ignore
GadchiroliHub_GDC Gadchiroli,1,1.9,1.8836111111111111,0.0,0,Ignore
NimsMDH_JAI Jaipur,1,1.9,1.8830555555555557,0.0,0,Ignore
Rasi foot wear TRICHY,1,1.9,1.8716666666666666,0.0,0,Ignore
MADURAI E-TAIL CPU,1,1.9,1.9,0.0,0,Ignore
AnanthapurHub_ATP,1,1.9,1.9202777777777778,0.0,0,Ignore
DelfastThiruvuruODH_THV Tiruvuru,2,1.9,1.8602777777777777,0.0,0,Ignore
Kollam Hub,4,1.9,1.8141666666666667,0.0,0,Ignore
TenaliHub_TNL Tenali,1,1.9,1.8883333333333332,0.0,0,Ignore
BallabhgarhHub_Del,2,1.9,1.924027777777778,0.0,0,Ignore
Pathania infotech UNA,1,1.9,1.9430555555555555,0.0,0,Ignore
PaikamalnewMDH_BRG Bargarh,1,1.9,1.8777777777777778,0.0,0,Ignore
Baleshwar Hub Baleshwar,1,1.9,1.8972222222222221,0.0,0,Ignore
Jagphool kirana shop NEW DELHI,1,1.9,1.895,0.0,0,Ignore
"GIDC PANOLI, GUJARAT, IN",1,1.9,1.883888888888889,0.0,0,Ignore
ElasticRunGovernorpetODH_GOV VIJAYAWADA,3,1.9,1.6894444444444443,0.0,0,Ignore
Azmatgarh,2,1.9,1.8972222222222224,0.0,0,Ignore
AURANGABAD MH - AUR,2,1.9,1.9333333333333331,0.0,1,Ignore
Atul bansal KARNAL,1,1.9,1.9466666666666668,0.0,0,Ignore
BapatlaHub_BPT,1,1.9,1.8677777777777778,0.0,0,Ignore
AmadalavalasaHub_SKM,1,1.9,1.8605555555555555,0.0,0,Ignore
Kanina,2,1.8,1.7768055555555553,0.0,1,Ignore
SASMangalapuramODH_MNG,2,1.8,1.7925,0.0,0,Ignore
NilambureHub_NJB,1,1.8,1.7766666666666666,0.0,0,Ignore
LoadsharePithoragarhODH_PTG Pithoragarh,1,1.8,1.7619444444444443,0.0,0,Ignore
"KARWAR, Karnataka, IN",2,1.8,1.779583333333333,0.0,0,Ignore
"Siwan, BIHAR, IN",1,1.8,1.7758333333333334,0.0,0,Ignore
Srivilliputhurhub_SVPR Virudhunagar,2,1.8,1.8065277777777777,0.0,0,Ignore
Mukesh kumar kirana NEW DELHI,1,1.8,1.8247222222222221,0.0,0,Ignore
JAI MAA KALKA ENTERPRISES SERVICE LAKHNA,1,1.8,1.8308333333333333,0.0,0,Ignore
GangasaraiMDH_LKR Lakhisarai,1,1.8,1.823611111111111,0.0,0,Ignore
LesliganjMDH_LSG,1,1.8,1.7519444444444443,0.0,0,Ignore
Haldia Hub Haldia,1,1.8,1.8283333333333334,0.0,0,Ignore
AttingalHub_AAL ATTINGAL,5,1.8,2.3316666666666666,0.0,1,Prioritize for Clearing
Saral Ashokkumar THARANGAMBADI,1,1.8,1.846111111111111,0.0,0,Ignore
SurendraNagarHub_SDR Surendranagar,5,1.8,1.7422222222222221,0.0,1,Prioritize for Clearing
Fkl-fwdchennai,4,1.8,0.0019444444444444444,0.0,0,Ignore
KrishnanagarHub_KNJ Krishnanagar,1,1.8,1.8227777777777778,0.0,0,Ignore
SandurHub_SND Bellari,2,1.8,1.801388888888889,0.0,1,Ignore
HajoHub_GAU Guwahati,1,1.8,1.840277777777778,0.0,0,Ignore
KudlaHub_IXE,2,1.8,1.752361111111111,0.0,0,Ignore
KYMR ,1,1.8,1.761388888888889,0.0,0,Ignore
AnnapurnaAsansolSplitODH_ASN Asansol,2,1.8,1.8418055555555555,0.0,0,Ignore
ElasticRunJaipatnaODH_JPN jaipatna,2,1.8,1.8205555555555555,0.0,0,Ignore
RamamuthyNagarHub_BLR,1,1.8,1.8133333333333332,0.0,0,Ignore
VxpressHatiaODH_HTI Hatia,1,1.8,1.787777777777778,0.0,0,Ignore
ElasticRunKhariarODH_KHR,1,1.8,1.7722222222222221,0.0,0,Ignore
KoppalHub_KPL,1,1.8,1.7641666666666667,0.0,0,Ignore
DwarkaGujaratHub_DWK Dwarka,1,1.8,1.8083333333333333,0.0,0,Ignore
Saroya beauty zone HISAR,1,1.8,1.846111111111111,0.0,0,Ignore
Thiruverumbur Hub,2,1.8,1.8184722222222223,0.0,0,Ignore
ElasticrunAmbahODH_AMB,1,1.8,1.8405555555555555,0.0,0,Ignore
ElasticRunIndoreODH_IDR,1,1.8,1.8030555555555556,0.0,0,Ignore
BharauliMDH_MOH Ballia,1,1.8,1.775,0.0,0,Ignore
"Thrissur, Kerala, IN",2,1.8,1.7752777777777777,0.0,0,Ignore
TitwalaHub_TWL,1,1.8,1.765,0.0,0,Ignore
Rajat ram RUPNAGAR,1,1.8,1.771111111111111,0.0,0,Ignore
kmahideviMDH_KMH Dasuya,1,1.8,1.78,0.0,0,Ignore
MayiladuthuraiHub_MAY Mayiladuthurai,1,1.8,1.8066666666666666,0.0,0,Ignore
ChandapurHub_BLR,1,1.8,1.7833333333333332,0.0,0,Ignore
SikarHub_SIK Sikar,1,1.8,1.8419444444444444,0.0,0,Ignore
GunderdehiHub_GUN Gunderdehi,1,1.8,1.7652777777777777,0.0,0,Ignore
SihoraHub_SIH Sihora,2,1.7,1.6513888888888888,0.0,0,Ignore
AbhanpurMDH_ABN Raipur,2,1.7,1.687638888888889,0.0,1,Ignore
SRIKAKULAM - CHE,2,1.7,1.6666666666666665,0.0,0,Ignore
Nikhil Raj R HOME TRIVANDRUM,1,1.7,1.7330555555555556,0.0,0,Ignore
Chikitihub_BMP Chikiti,1,1.7,1.678611111111111,0.0,0,Ignore
NjarakkalHub_NKL Njarakkal,3,1.7,3.595833333333333,0.0,1,Ignore
KankeHub_IXR,1,1.7,1.7291666666666667,0.0,0,Ignore
RamachandrapuramHub_MDP,1,1.7,1.666111111111111,0.0,0,Ignore
SandurHub_SND,1,1.7,1.6791666666666667,0.0,0,Ignore
BaranHub_BRN BARAN,1,1.7,1.705,0.0,0,Ignore
Kurukshetra Hub,1,1.7,1.662777777777778,0.0,0,Ignore
LalgudiHub_LAL,1,1.7,1.7283333333333333,0.0,0,Ignore
"Cuddalore, TAMIL NADU, IN",2,1.7,1.707222222222222,0.0,0,Ignore
"Nagpur Rural, Madhya Pradesh, IN",1,1.7,1.7230555555555556,0.0,0,Ignore
VARANASIBYEPASSHUB_VNS Varanasi,1,1.7,1.6966666666666668,0.0,0,Ignore
LoadshareCitiCenterODH_DGP,1,1.7,1.7061111111111111,0.0,0,Ignore
NeyyattinkaraHub_NYY,1,1.7,1.7427777777777778,0.0,0,Ignore
JhalawarHub_JHA,1,1.7,1.6511111111111112,0.0,0,Ignore
"Tenali, Andhra Pradesh, IN",1,1.7,1.6891666666666667,0.0,0,Ignore
Thakurmunda,2,1.7,1.6884722222222224,0.0,0,Ignore
MaiharHub_MHR Maihar,3,1.7,0.32666666666666666,0.0,1,Ignore
MalbazarHub_NJP Malbazar,1,1.7,1.6677777777777778,0.0,0,Ignore
Petta_PEA,2,1.7,1.7201388888888889,0.0,0,Ignore
MSKMillHub_GUL,1,1.7,1.7175,0.0,0,Ignore
"Mananthavady, MANANTHAVADY, KERALA",2,1.7,1.6912499999999997,0.0,1,Ignore
PerambalurHub_PLR Perambalur,1,1.7,1.6919444444444445,0.0,0,Ignore
INDIQUICK MAJIRI KALAN ALWAR,2,1.7,1.7108333333333334,0.0,0,Ignore
Trissur Hub,3,1.7,1.551388888888889,0.0,0,Ignore
"BHIMTAAL, UTTARAKHAND, IN",1,1.7,1.7338888888888888,0.0,0,Ignore
IdentifyPlusDeraBassiMDH_DRA,1,1.7,1.7372222222222222,0.0,0,Ignore
Mannu Store HISAR,1,1.7,1.6669444444444443,0.0,0,Ignore
Baghapuranahub_MOG moga 1,1,1.7,1.7497222222222222,0.0,0,Ignore
"Champa, Chattisgarh, IN",1,1.6,1.585,0.0,0,Ignore
Peelamedu Hub,2,1.6,1.5820833333333333,0.0,0,Ignore
Fouzi Fabricatiors Store BADAUN,1,1.6,1.613611111111111,0.0,0,Ignore
DharmabadMDH_DHA Dharm,1,1.6,1.646111111111111,0.0,0,Ignore
MalumichampattiHub_MUC,3,1.6,1.2380555555555557,0.0,0,Ignore
ItarsiHub_ITR Itarsi,2,1.6,1.59625,0.0,0,Ignore
DhakaHub_DHK EAST CHAMPARAN,1,1.6,1.595,0.0,0,Ignore
Devendra Ramchandra Yadav JAWHAR,2,1.6,1.6465277777777776,0.0,0,Ignore
"Ujjain, Madhya Pradesh, IN",3,1.6,1.583611111111111,0.0,0,Ignore
JakkasandraEightyfeetHub_BLR,1,1.6,1.6077777777777778,0.0,0,Ignore
BeEnRouteAyikkarapadiODH_AYP,1,1.6,1.6027777777777779,0.0,0,Ignore
P Xerox HOSANAGARA,1,1.6,1.5705555555555557,0.0,0,Ignore
UttamNagar Hub,6,1.6,0.29930555555555555,0.0,0,Ignore
TarapurMDH_AME Pratapgarh,1,1.6,1.5702777777777779,0.0,0,Ignore
SITICSThazheChovvaODH_TCV Kannur,5,1.6,0.5802777777777778,0.0,1,Prioritize for Clearing
Vandana jayant todkar KOLHAPUR,1,1.6,1.6088888888888888,0.0,0,Ignore
NadiadHub_AMD Nadiad,1,1.6,1.5605555555555557,0.0,0,Ignore
"HOSKOTE, KARNATAKA, IN",7,1.6,2.6841666666666666,0.0,1,Prioritize for Clearing
"PUTTAPARTHI, ANDHRA PRADESH, IN",1,1.6,1.6025,0.0,0,Ignore
Godhra Hub,3,1.6,0.6527777777777778,0.0,0,Ignore
JunagadhHub,1,1.6,1.6247222222222222,0.0,0,Ignore
ElasticRunVisakhapatnamSplitODH_VTZ,1,1.6,1.5719444444444444,0.0,0,Ignore
"Nakhara, Cuttack, ORISSA",2,1.6,1.5515277777777774,0.0,1,Ignore
BeenRouteRanniODH_RAN Pathanamthitta,2,1.6,1.61125,0.0,0,Ignore
Kadur,2,1.6,1.5895833333333331,0.0,0,Ignore
CABTGarhakotaODH_GRH,1,1.6,1.5891666666666666,0.0,0,Ignore
VibhutiKhand Hub Lucknow,1,1.6,1.5522222222222222,0.0,0,Ignore
BELRoadHub_BLR,2,1.6,1.648888888888889,0.0,0,Ignore
Garib Nawaz store VADODARA,1,1.6,1.643888888888889,0.0,0,Ignore
"Waidhan, MADHYA PRADESH, IN",1,1.6,1.566111111111111,0.0,0,Ignore
YanamHub_YNM yanam,1,1.6,1.6163888888888889,0.0,0,Ignore
RJSCItanagarSplitODH_ITO Itanagar,2,1.6,1.5804166666666668,0.0,0,Ignore
Navsari Hub,4,1.6,1.7045833333333333,0.0,0,Ignore
ThriprayarHub_TRP,1,1.6,1.6475,0.0,0,Ignore
CABTJagadhriODH_JAG JAGADHRI,4,1.5,1.465138888888889,0.0,0,Ignore
Fkl-ahmedabad01,190,1.5,0.0019444444444444444,0.5,0,Ignore
NariangarhHub_NAR NARIANGARH,2,1.5,1.5251388888888888,0.0,0,Ignore
Sonali sonu malgunkar MUMBAI,1,1.5,1.4791666666666667,0.0,0,Ignore
ElasticRunWadalaODH_MUM,1,1.5,1.4666666666666668,0.0,0,Ignore
BanswaraHub_BAS,1,1.5,1.524722222222222,0.0,0,Ignore
BhankrotaHub_JAI Jaipur,3,1.5,1.353888888888889,0.0,1,Ignore
SITICSKhandagiriSpiltODH_BBI,1,1.5,1.5230555555555556,0.0,0,Ignore
Gurgaon Manesar Hub,3,1.5,1.3058333333333334,0.0,0,Ignore
Bhilwara Hub Bhilwara,2,1.5,1.5330555555555554,0.0,0,Ignore
"Thumbakkam, TAMIL NADU, IN",1,1.5,1.5138888888888888,0.0,0,Ignore
BirpurMDH_SOU Forbisganj,2,1.5,1.4655555555555555,0.0,0,Ignore
TTSPLKavandapadiODH_KVN,1,1.5,1.518888888888889,0.0,0,Ignore
Sheetal Kumar KAITHAL,1,1.5,1.5025,0.0,0,Ignore
Shaikh Altaf VEJALPUR,1,1.5,1.4733333333333334,0.0,0,Ignore
UlweODH_PNV,1,1.5,1.4847222222222223,0.0,0,Ignore
DayalnagarSpiltODH_DAY,1,1.5,1.4702777777777778,0.0,0,Ignore
JangareddygudemHub_JRG Jangareddygudem,1,1.5,1.503611111111111,0.0,0,Ignore
Jay Meldi Enterprises MUMBAI,1,1.5,1.4858333333333333,0.0,0,Ignore
PrincyScienceCityODH_SCI,1,1.5,1.4594444444444443,0.0,0,Ignore
SASPerinthalmannaODH_PNN,1,1.5,1.4633333333333334,0.0,0,Ignore
ChintamaniHub_CMY,1,1.5,1.5308333333333333,0.0,0,Ignore
RatnagiriHub_RTG Ratnagiri,5,1.5,1.6369444444444443,0.0,1,Prioritize for Clearing
"Kolar, KARNATAKA, IN",1,1.5,1.475,0.0,0,Ignore
SagwaraMDH_SAG Sangwara,1,1.5,1.515,0.0,0,Ignore
ChalakkudiHub_CKY Trisshur,3,1.5,2.1644444444444444,0.0,1,Ignore
BeedHub_BED,1,1.5,1.4675,0.0,0,Ignore
GadarpurMDH_GSR Gadarpur,2,1.5,1.4713888888888889,0.0,0,Ignore
ArariaHub_ARR Araria,1,1.4,1.3908333333333334,0.0,0,Ignore
IdentifyPlusSikarODH_SKR Sikar,1,1.4,1.3655555555555556,0.0,0,Ignore
VejalpurHub_ADI,4,1.4,1.447361111111111,0.0,0,Ignore
MahobaHub_MHB MAHOBA,1,1.4,1.4052777777777778,0.0,0,Ignore
KolhapursplitHub_KHL Kolhapur,1,1.4,1.4366666666666668,0.0,0,Ignore
EttumanoorHub_EMR,1,1.4,1.4036111111111111,0.0,0,Ignore
KantiMDH_MZF Muzaffarpur,1,1.4,1.3641666666666667,0.0,0,Ignore
BallabhgarhHub_Del Faridabad,6,1.4,0.16666666666666666,0.0,2,Prioritize for Clearing
balod,2,1.4,1.4175,0.0,0,Ignore
"GOKAVARAM, ANDHRA PRADESH, IN",2,1.4,1.4288888888888889,0.0,0,Ignore
Arun M V HOME TRIVANDRUM,1,1.4,1.4477777777777778,0.0,0,Ignore
Mehsana Hub Mehsana,5,1.4,0.6430555555555556,0.0,2,Prioritize for Clearing
"Sehore, Madhya Pradesh, IN",1,1.4,1.388611111111111,0.0,0,Ignore
Pala Hub Pala,6,1.4,-0.9095833333333334,0.0,3,Prioritize for Clearing
DahanuHub_MUM DAHANU,2,1.4,1.369444444444444,0.0,1,Ignore
DaryaganjHub_DEL,3,1.4,0.3322222222222222,0.0,0,Ignore
DependoKaliachakODH_KTJ,1,1.4,1.4194444444444445,0.0,0,Ignore
VijayawadaHub_VJA,2,1.4,1.4375,0.0,0,Ignore
"Gudivada, Andhra Pradesh, IN",1,1.4,1.385,0.0,0,Ignore
BelnarODH_BEL,1,1.4,1.4055555555555557,0.0,0,Ignore
ETASHDibrugarhODH_DIB,1,1.4,1.3552777777777778,0.0,0,Ignore
"Hospet, Karnataka, IN",2,1.4,1.437638888888889,0.0,0,Ignore
Kamble express MUMBAI,1,1.4,1.3797222222222223,0.0,0,Ignore
"NAINITAL, UTTARAKHAND, IN",2,1.4,1.3983333333333334,0.0,0,Ignore
FatehGarhchurianODH_FGN,1,1.4,1.3877777777777778,0.0,0,Ignore
SirsaHub_SRS,2,1.4,1.4115277777777777,0.0,0,Ignore
NilangaHub_NLN,1,1.4,1.4469444444444444,0.0,0,Ignore
Kolhapur Hub,3,1.4,1.1875,0.0,0,Ignore
ChirmiriMDH_CHR Manendragarh,1,1.4,1.3619444444444444,0.0,0,Ignore
"Chhatarpur, MADHYA PRADESH, IN",1,1.4,1.3597222222222223,0.0,0,Ignore
AnnapurnaMurbadODH_MRB Murbad,2,1.4,1.3958333333333333,0.0,0,Ignore
Rajkumar Home Traders PERNAMBUT,1,1.4,1.3541666666666667,0.0,0,Ignore
Gajwel,2,1.4,1.3794444444444443,0.0,1,Ignore
CABTSamroliChikhliODH_CHK Chikhli,5,1.4,1.7741666666666667,0.0,1,Prioritize for Clearing
DASPALA - DPS,1,1.4,1.4166666666666667,0.0,0,Ignore
Manikandan HOME SIVAGANGA,1,1.4,1.4444444444444444,0.0,0,Ignore
BhilaiSplitODH_BIA Bhilai,1,1.4,1.4405555555555556,0.0,0,Ignore
CivilLineHub_JBL,1,1.4,1.39,0.0,0,Ignore
KochasMDH_KOC Sasaram,1,1.3,1.335,0.0,0,Ignore
ElasticRunKakdwipODH_KWK Kakdwip,1,1.3,1.2794444444444444,0.0,0,Ignore
Yashwantpura Hub,1,1.3,1.2866666666666666,0.0,0,Ignore
"Jalgaon, MAHARASHTRA, IN",1,1.3,1.2583333333333333,0.0,0,Ignore
EcityHub_BLR,2,1.3,1.3405555555555555,0.0,0,Ignore
JindHub_JND,2,1.3,1.2622222222222224,0.0,0,Ignore
AdilabadHub_ADB Adilabad,3,1.3,1.4091666666666667,0.0,0,Ignore
KarumatampattyHub_KUM,1,1.3,1.3083333333333333,0.0,0,Ignore
Ramaroadhub_DEL,8,1.3,0.2926388888888889,0.0,0,Ignore
PauniODH_PAU,1,1.3,1.2719444444444443,0.0,0,Ignore
Arya Book Stall RFK TRIVANDRUM,1,1.3,1.2763888888888888,0.0,0,Ignore
KinwatHub_KIN,1,1.3,1.3025,0.0,0,Ignore
Okhla Hub,2,1.3,1.290138888888889,0.0,0,Ignore
NewasaHub_NWS Newasa,3,1.3,1.255,0.0,1,Ignore
LargeLogicTanukuODH_TNK Thorrur,1,1.3,1.3319444444444444,0.0,0,Ignore
AmrohaHub_AOA,1,1.3,1.303611111111111,0.0,0,Ignore
ElasticRunManikondaODH_HYD,1,1.3,1.3,0.0,0,Ignore
IdentifyPlusAmreliODH_AMR AMRELI,3,1.3,1.5763888888888888,0.0,0,Ignore
Rising Stars DVK NALGONDA,1,1.3,1.2555555555555555,0.0,0,Ignore
"RTO/PTD, Delhi NCR, DELHI",6,1.3,1.3027777777777778,0.0,0,Ignore
NarnaulHub_NNL,1,1.3,1.3466666666666667,0.0,0,Ignore
"Allahabad, Uttar Pradesh, IN",6,1.3,1.3872222222222221,0.0,3,Prioritize for Clearing
LesliganjMDH_LSG Lesliganj,1,1.3,1.3397222222222223,0.0,0,Ignore
Fkl-COKBTS,1,1.3,1.3427777777777778,0.0,0,Ignore
ElasticRunRaipurSplitODH_RPR,1,1.3,1.3241666666666667,0.0,0,Ignore
ShimlaHubtemp_SHM Shimla,1,1.3,1.3102777777777779,0.0,0,Ignore
BhindHub_BND,1,1.3,1.333888888888889,0.0,0,Ignore
SNAHASIS SAMAL PARADIP,1,1.3,1.2594444444444444,0.0,0,Ignore
"HAPUR, UTTAR PRADESH, IN",1,1.3,1.3388888888888888,0.0,0,Ignore
Padmolochan Das BHUBANESWAR,1,1.3,1.3119444444444444,0.0,0,Ignore
NalgondaHub_NGD Nalgonda,2,1.3,1.3330555555555557,0.0,0,Ignore
LargeLogicDharapuramODH_DHP,1,1.3,1.2519444444444443,0.0,0,Ignore
COIMBATORE E TAIL CPU,10,1.3,0.6583333333333333,0.0,0,Ignore
MogaHub_MOG MOGA,7,1.3,2.0102777777777776,0.0,1,Prioritize for Clearing
Mahadev Electronic GHAZIPUR,1,1.3,1.2755555555555556,0.0,0,Ignore
CABTKhurdaODH_KUD,1,1.3,1.346111111111111,0.0,0,Ignore
KhamgaonHub_KMG,1,1.3,1.3469444444444445,0.0,0,Ignore
AmaravathiroadHub_AMT,3,1.3,1.027777777777778,0.0,0,Ignore
KattumannarkovilHub_KMK Kattumannarkovil,1,1.3,1.3230555555555557,0.0,0,Ignore
Motibaghhub_DEL,16,1.3,0.19333333333333333,0.0,0,Ignore
WheeleyRatanpurODH_PAB Bilaspur,6,1.3,1.7022222222222223,0.0,2,Prioritize for Clearing
KasibuggaHub_KSB,2,1.3,1.3466666666666667,0.0,0,Ignore
ElasticRunDharmavaramODH_DMV Dharmavaram,3,1.3,1.3038888888888889,0.0,0,Ignore
ElasticRunJaipatnaODH_JPN,1,1.3,1.2933333333333332,0.0,0,Ignore
DachepalleODH_DHP Dachepalle,2,1.3,1.2859722222222223,0.0,0,Ignore
Mandya Hub,1,1.3,1.2705555555555557,0.0,0,Ignore
"NADIAD, Gujarat, IN",4,1.3,1.53,0.0,0,Ignore
"KHAGARIA, BIHAR, IN",1,1.3,1.3483333333333334,0.0,0,Ignore
RTNagar Hub,3,1.3,0.8186111111111111,0.0,0,Ignore
TTSPLKallakurichiODH_KLK kallakurichi,4,1.3,0.0002777777777777778,0.0,1,Ignore
Naraina Hub,8,1.3,0.19375,0.0,0,Ignore
LakeTown Hub,1,1.3,1.2577777777777779,0.0,0,Ignore
HunsurHub_HUN,1,1.3,1.2630555555555556,0.0,0,Ignore
GondalHub_GDN,1,1.2,1.191111111111111,0.0,0,Ignore
ThamarasseryHub_TEY,1,1.2,1.2036111111111112,0.0,0,Ignore
AdampurHub_JLR,1,1.2,1.186388888888889,0.0,0,Ignore
BolangirHub_BLG,1,1.2,1.1558333333333333,0.0,0,Ignore
Bhagalpur Hub,2,1.2,1.214027777777778,0.0,0,Ignore
LargeLogicPendurthiODH_VTZ Visakhapatnam,1,1.2,1.183888888888889,0.0,0,Ignore
SarfabadNoidahub_DEL,4,1.2,1.1765277777777778,0.0,0,Ignore
SASChemberiODH_CHE,1,1.2,1.1713888888888888,0.0,0,Ignore
ElasticRunShahganjODH_SHG Shahganj,1,1.2,1.1588888888888889,0.0,0,Ignore
AmazeKagalODH_KAG,1,1.2,1.2352777777777777,0.0,0,Ignore
RajajiNagar Hub,1,1.2,1.2036111111111112,0.0,0,Ignore
SASEdappalODH_EPP,2,1.2,1.2269444444444444,0.0,0,Ignore
PanayikkulamHub_PNK,1,1.2,1.1922222222222223,0.0,0,Ignore
"MAHMUDABAD, UTTAR PRADESH, IN",1,1.2,1.2044444444444444,0.0,0,Ignore
AshramHub_DEL,6,1.2,0.35277777777777775,0.0,0,Ignore
EcityPhase2TempHub_BLR,1,1.2,1.158611111111111,0.0,0,Ignore
SrinagarHub_SRG,1,1.2,1.2316666666666667,0.0,0,Ignore
Airport Hub,1,1.2,1.1947222222222222,0.0,0,Ignore
PrincySanandODH_SND,1,1.2,1.1752777777777779,0.0,0,Ignore
KinwatHub_KIN Kinwat,1,1.2,1.235,0.0,0,Ignore
GunupurHub_GNP,1,1.2,1.1802777777777778,0.0,0,Ignore
PathanamthittaHub_PMT,1,1.2,1.1569444444444443,0.0,0,Ignore
SaroornagarHub_HYD,5,1.2,0.7002777777777778,0.0,0,Ignore
ElasticRunMandlaODH_MDL,1,1.2,1.2119444444444445,0.0,0,Ignore
KolathurHub_KHR,1,1.2,1.1916666666666667,0.0,0,Ignore
RamanathapuramHub_RTP Ramanathapuram,1,1.2,1.2005555555555556,0.0,0,Ignore
ShimlaHub_SHM,2,1.2,1.2127777777777777,0.0,0,Ignore
"Shimla, Himachal Pradesh, IN",1,1.2,1.1752777777777779,0.0,0,Ignore
SamralaHub_SAM,1,1.2,1.2316666666666667,0.0,0,Ignore
"PATIALA, PUNJAB, IN",1,1.2,1.1611111111111112,0.0,0,Ignore
CABTRajuraODH_RJR,1,1.2,1.1544444444444444,0.0,0,Ignore
GhilamaraMDH_DMC Dhakuakhana,1,1.2,1.205277777777778,0.0,0,Ignore
Anahita gift shop NEW DELHI,1,1.2,1.233611111111111,0.0,0,Ignore
IdentifyPlusNarasapuraMDH_KLR,1,1.2,1.162777777777778,0.0,0,Ignore
Sankalp General store GURGAON,1,1.2,1.1622222222222223,0.0,0,Ignore
KukatpallyHubTemp_HYD,1,1.2,1.2247222222222223,0.0,0,Ignore
SitaramNagar Hub,1,1.2,1.2297222222222222,0.0,0,Ignore
IdentifyPlusSikarODH_SKR,1,1.2,1.1575,0.0,0,Ignore
"MULBAGAL, KARNATAKA, IN",1,1.2,1.2472222222222222,0.0,0,Ignore
KondapurSplitODH_KRD,2,1.2,1.2393055555555557,0.0,0,Ignore
Might shop stationaries & Xerox VELLORE,1,1.2,1.1841666666666666,0.0,0,Ignore
MukherjeeNagarHub_DEL,5,1.2,0.13,0.0,0,Ignore
RairakholMDH_RAI Rairakhol,1,1.2,1.2005555555555556,0.0,0,Ignore
VelloreHubtemp_VLR,2,1.1,1.1143055555555557,0.0,0,Ignore
MachilipatnamHub_MTM,1,1.1,1.0552777777777778,0.0,0,Ignore
HOODIHUBtemp_BLR,1,1.1,1.1041666666666667,0.0,0,Ignore
PoojapuraHub_PJA Poojapura,3,1.1,1.7413888888888889,0.0,1,Ignore
KankipaduMDH_VIJ Vijayawada,1,1.1,1.116111111111111,0.0,0,Ignore
KillorHub_KIL,1,1.1,1.0655555555555556,0.0,0,Ignore
SagarHub_SGR Sagar,6,1.1,-0.7577777777777777,0.0,3,Prioritize for Clearing
BidhunaHub_ARY,1,1.1,1.0969444444444445,0.0,0,Ignore
"KOCHI, KERALA, IN",5,1.1,-3.598888888888889,0.0,3,Prioritize for Clearing
LonavalaODH_KPL Lonavala,2,1.1,1.0595833333333333,0.0,0,Ignore
SholingurODH_SLG,1,1.1,1.0897222222222223,0.0,0,Ignore
KADAVANTHARAHUB_KVA,3,1.1,1.4375,0.0,1,Ignore
GharundaODH_GRD Gharonda,1,1.1,1.1494444444444445,0.0,0,Ignore
NadakuduruHub_KKD Kakinada,1,1.1,1.07,0.0,0,Ignore
BhankrotaHub_JAI,2,1.1,1.1056944444444445,0.0,0,Ignore
Kurnool Hub,1,1.1,1.0525,0.0,0,Ignore
ParsabadMDH_PSB Parsabad,1,1.1,1.11,0.0,0,Ignore
ElasticRunBiaoraODH_BIA,1,1.1,1.1105555555555555,0.0,0,Ignore
AmazeShikrapurODH_SKP Shikrapur,1,1.1,1.0758333333333332,0.0,0,Ignore
NaginaMDH_NJD Bijnore,1,1.1,1.083888888888889,0.0,0,Ignore
CABTCoochbeharODH_COB Dinhata,1,1.1,1.0952777777777778,0.0,0,Ignore
TTSPLTheniODH_THN Theni,6,1.1,2.67375,0.0,2,Prioritize for Clearing
GoldencityHub_KGM Goldencity,2,1.1,1.1184722222222225,0.0,1,Ignore
KalambHub_KLB,1,1.1,1.1405555555555555,0.0,0,Ignore
Atrauli,2,1.1,1.1336111111111116,0.0,1,Ignore
BurhanpurHub_BRN,1,1.1,1.143888888888889,0.0,0,Ignore
PaontaSahibHub_PAO,1,1.1,1.0677777777777777,0.0,0,Ignore
JARMUNDIHUB_JMD,1,1.1,1.1225,0.0,0,Ignore
Santacruz Hub,3,1.1,1.2341666666666666,0.0,0,Ignore
Indiranagarhub_LKO,2,1.1,1.0683333333333334,0.0,0,Ignore
ElathurHub_ELA,1,1.1,1.0880555555555556,0.0,0,Ignore
"Bhandara, Maharashtra, IN",1,1.1,1.1422222222222222,0.0,0,Ignore
Manjit electronic PATIALA,1,1.1,1.0530555555555556,0.0,0,Ignore
Rudrapur Hub,1,1.1,1.1405555555555555,0.0,0,Ignore
AdoorHUB_ADR Adoor,5,1.1,2.151666666666667,0.0,2,Prioritize for Clearing
PrincyAnkleshwarODH_ANK,1,1.0,0.9555555555555556,0.0,0,Ignore
Satyam coaching center KANNAUJ,1,1.0,0.9627777777777777,0.0,0,Ignore
Ooty Hub,1,1.0,1.015,0.0,0,Ignore
AnjarHub_ANJ,1,1.0,0.9961111111111111,0.0,0,Ignore
KandraHub_GNN,1,1.0,0.9847222222222223,0.0,0,Ignore
Sapthagiri Hub,1,1.0,0.9544444444444444,0.0,0,Ignore
"KNP/RTO, Kanpur, UTTAR PRADESH",1,1.0,0.9619444444444445,0.0,0,Ignore
KottiyamHub_KTI Kottiyam,1,1.0,1.0383333333333333,0.0,0,Ignore
Chiraiyakot,1,1.0,1.0380555555555555,0.0,0,Ignore
AthaniODH_ATN,1,1.0,1.0133333333333332,0.0,0,Ignore
Nashik Hub,1,1.0,1.0205555555555557,0.0,0,Ignore
Sangli Hub,1,1.0,1.0238888888888888,0.0,0,Ignore
PusadHub_PSD,1,1.0,0.9822222222222222,0.0,0,Ignore
SangrurHub_SNR,1,1.0,0.9808333333333333,0.0,0,Ignore
Madinaguda Hub,3,1.0,1.1058333333333332,0.0,0,Ignore
SitarganjHub_SIT Sitarganj,2,1.0,1.0141666666666667,0.0,0,Ignore
JasolaHub_DEL,4,1.0,0.9552777777777777,0.0,0,Ignore
KatolMDH_KAT Katol,1,1.0,1.02,0.0,0,Ignore
Cherthala_CTA,1,1.0,1.0469444444444445,0.0,0,Ignore
Bhadrai Krupa store MANAVADAR,1,1.0,0.9891666666666666,0.0,0,Ignore
Anil Genral Store GORAKHPUR,1,1.0,1.0191666666666668,0.0,0,Ignore
CABTDeulgaonRajaODH_DGR Deulgaon Raja,2,1.0,1.010138888888889,0.0,0,Ignore
Manarcadu_MRD,4,1.0,1.1040277777777778,0.0,0,Ignore
ThalasseryHub_THL,1,1.0,1.0230555555555556,0.0,0,Ignore
NandigramHub_MDN,1,1.0,0.9655555555555555,0.0,0,Ignore
KoorieeSoukyaRdODH_BLR Bengaluru,1,1.0,1.0266666666666666,0.0,0,Ignore
WarjeHub_PUNE,1,1.0,0.9625,0.0,0,Ignore
ShadowFaxMyorpurODH_SON Sonbhadra,1,1.0,1.0175,0.0,0,Ignore
RajivNagar Hub Patna,2,1.0,1.0443055555555556,0.0,0,Ignore
Karond Hub,1,1.0,1.0005555555555556,0.0,0,Ignore
ChhatralMDH_CHT,1,1.0,1.0405555555555557,0.0,0,Ignore
ElasticRunMankapurODH_MAN,1,1.0,0.9575,0.0,0,Ignore
ChaltaHub_AMB,1,1.0,1.018888888888889,0.0,0,Ignore
SingrauliHub_SGU,1,0.9,0.8741666666666666,0.0,0,Ignore
SarpavaramHub_KKD Kakinada,1,0.9,0.8830555555555556,0.0,0,Ignore
"Ratnagarh, RAJASTHAN, IN",1,0.9,0.9444444444444444,0.0,0,Ignore
MEENAKSHI STORE MADURAI,1,0.9,0.8680555555555556,0.0,0,Ignore
ElasticRunAlappadODH_APP,1,0.9,0.9080555555555555,0.0,0,Ignore
fkl_STVBTS01,553,0.9,0.0019444444444444444,1.3,2,Prioritize for Clearing
CABTRamtekODH_RMT Ramtek,1,0.9,0.8883333333333333,0.0,0,Ignore
DK Sharma HARIDWAR,1,0.9,0.8711111111111111,0.0,0,Ignore
Mangalore Hub,1,0.9,0.8694444444444445,0.0,0,Ignore
IdentifyplusMaharajpurODH_MHR,1,0.9,0.9044444444444445,0.0,0,Ignore
GangtokHub_GGT,1,0.9,0.8725,0.0,0,Ignore
ChandragiriHub_TPT Tirupati,1,0.9,0.8866666666666667,0.0,0,Ignore
Panvel Hub,2,0.9,0.9191666666666667,0.0,0,Ignore
KundanagariHub_ixg Kundanagari,2,0.9,0.9279166666666665,0.0,1,Ignore
PGIHub_LKO,1,0.9,0.8855555555555555,0.0,0,Ignore
BoindaHub_ANG,1,0.9,0.8883333333333333,0.0,0,Ignore
RIDDHI ENTERPRISE MODASA,1,0.9,0.9138888888888889,0.0,0,Ignore
ChampawatODH_CHM Champawa,1,0.9,0.8677777777777778,0.0,0,Ignore
BaldwaraMDH_BDR Baldwara,1,0.9,0.8716666666666667,0.0,0,Ignore
KalburagiNorthHub_GUL Gulbarga,5,0.9,1.055,0.0,1,Prioritize for Clearing
PaharganjHub_DEL,6,0.9,0.45222222222222225,0.0,0,Ignore
ElasticRunPakalaODH_PAK pakala,2,0.9,0.8508333333333333,0.0,0,Ignore
KasnaNoidaHub_DEL,3,0.9,0.155,0.0,0,Ignore
DelFastNarsingiODH_HYD,1,0.9,0.92,0.0,0,Ignore
UnaHPHub_UNA,1,0.9,0.8991666666666667,0.0,0,Ignore
KARTAVYA GANDHINAGAR,1,0.9,0.8544444444444445,0.0,0,Ignore
AhknoorRoad_IXJ,1,0.9,0.8719444444444444,0.0,0,Ignore
ChhindwaraHub_CHH,1,0.9,0.9244444444444444,0.0,0,Ignore
MogaHub_MOG,2,0.9,0.8784722222222223,0.0,0,Ignore
Jaseem medico MUSAFIRKHANA,1,0.9,0.8872222222222222,0.0,0,Ignore
Karwar Hub,1,0.9,0.9341666666666667,0.0,0,Ignore
GuntakalHub_GTL Guntakal,2,0.9,0.945138888888889,0.0,1,Ignore
VaniyambadiHub_VNM Vaniyambadi,1,0.9,0.9416666666666667,0.0,0,Ignore
Pendurti,2,0.8,0.8134722222222222,0.0,1,Ignore
Mohali Hub,2,0.8,0.7941666666666667,0.0,0,Ignore
SHRI RUDRAM ENTERPRISES UDAIPUR,1,0.8,0.8011111111111111,0.0,0,Ignore
Kukashub_KUK Kukas / Triveni City,2,0.8,0.835,0.0,0,Ignore
HSR Hub,1,0.8,0.7788888888888889,0.0,0,Ignore
TTSPLPhuleraMDH_PHU Phulera,1,0.8,0.8044444444444444,0.0,0,Ignore
Eluru Hub,1,0.8,0.8088888888888889,0.0,0,Ignore
OttanchatramHub_OTC,1,0.8,0.7697222222222222,0.0,0,Ignore
TTSPLBaijnathODH_BJN,2,0.8,0.7623611111111112,0.0,0,Ignore
JhandewalanHub_DEL,5,0.8,0.31972222222222224,0.0,0,Ignore
Jagadesh OLD WM TADIPATRI,1,0.8,0.8327777777777777,0.0,0,Ignore
SardhanaHub_SAR SARDHANA,1,0.8,0.8283333333333334,0.0,0,Ignore
RajpurroadHub_DED,8,0.8,0.7183333333333333,0.0,0,Ignore
"HYD/SMH-TSP, Hyderabad, TELANGANA",1,0.8,0.83,0.0,0,Ignore
SuhnatHub_BAW,1,0.8,0.8383333333333334,0.0,0,Ignore
Veraval,1,0.8,0.8102777777777778,0.0,1,Ignore
ElasticRunChinarParkSpiltODH_KOL,1,0.8,0.7838888888888889,0.0,0,Ignore
CityCenter Hub,2,0.8,0.7754166666666666,0.0,0,Ignore
CharumoodHub_COO Charumood,2,0.8,0.7690277777777776,0.0,1,Ignore
choutuppal,2,0.8,0.778888888888889,0.0,0,Ignore
SakinakaSplitHub_MUM,1,0.8,0.7844444444444445,0.0,0,Ignore
NikkouChikkajalaODH_BLR,1,0.8,0.7563888888888889,0.0,0,Ignore
Erode Hub,2,0.8,0.8448611111111111,0.0,0,Ignore
LargeLogicPendurthiODH_VTZ,1,0.8,0.8388888888888889,0.0,0,Ignore
MacherlaHub_MCH,1,0.8,0.7938888888888889,0.0,0,Ignore
DGP Kiryana Store HISAR,1,0.8,0.7836111111111111,0.0,0,Ignore
Ajmer Hub,2,0.8,0.8380555555555556,0.0,0,Ignore
PrincySarigamODH_SAR Sarigam,2,0.8,0.7604166666666665,0.0,1,Ignore
DomalgudaHub_HYD,3,0.8,0.35805555555555557,0.0,0,Ignore
BaramatiHub_BRM,1,0.8,0.8036111111111112,0.0,0,Ignore
RohruODH_ROH,1,0.8,0.8069444444444445,0.0,0,Ignore
MangawanMDH_MGN,1,0.8,0.7505555555555555,0.0,0,Ignore
ShimlaHubtemp_SHM,3,0.8,1.076111111111111,0.0,0,Ignore
IOCLNoidahub_DEL,2,0.8,0.7930555555555555,0.0,0,Ignore
VaijapurHub_VJP Vaijapur,1,0.8,0.7711111111111111,0.0,0,Ignore
ProdatturHub_PDT,2,0.8,0.7844444444444445,0.0,0,Ignore
MangolpuriHub_DEL,3,0.8,0.19,0.0,0,Ignore
DahanuHub_MUM,1,0.8,0.7775,0.0,0,Ignore
CHAUKAGHATHUB_VNS,1,0.8,0.8497222222222223,0.0,0,Ignore
KanakpuraRdHub_BLR,2,0.8,0.8183333333333334,0.0,0,Ignore
HuvinahadagaliHub_HUV,2,0.7,0.6575,0.0,0,Ignore
MakranaHub_MAK MAKRANA,1,0.7,0.6994444444444444,0.0,0,Ignore
Jay Gurudatt Kirana PORBANDAR,1,0.7,0.7430555555555556,0.0,0,Ignore
CHIDANANDA_HOME_KIRANA BELLARY,1,0.7,0.7097222222222223,0.0,0,Ignore
MarakanamHub_TIN,1,0.7,0.6811111111111111,0.0,0,Ignore
KeezhvaipurHub_KHR,1,0.7,0.6658333333333334,0.0,0,Ignore
SamaypurbadliHub_DEL,6,0.7,0.31958333333333333,0.0,0,Ignore
M.S.V JAYANTHI AGENCY SIVAKASI,1,0.7,0.7280555555555556,0.0,0,Ignore
"MUSSOORIE, UTTARAKHAND, IN",1,0.7,0.6872222222222222,0.0,0,Ignore
JhajjarHub_JJJ Jhajjar,2,0.7,0.6993055555555556,0.0,1,Ignore
Fazilkahub_FAL,1,0.7,0.6991666666666667,0.0,0,Ignore
CABTVisakhavalleySplitODH_VTZ,1,0.7,0.7222222222222222,0.0,0,Ignore
RajpuraHubtemp_RAA,1,0.7,0.7158333333333333,0.0,0,Ignore
"Jalandhar, Punjab, IN",1,0.7,0.7230555555555556,0.0,0,Ignore
KalaninagarHub_IDR,2,0.7,0.7434722222222221,0.0,0,Ignore
Ramesh kirana MEDAK,1,0.7,0.7391666666666666,0.0,0,Ignore
RayagadaHub_RGD,1,0.7,0.6755555555555556,0.0,0,Ignore
Gorakhpur Hub,1,0.7,0.7308333333333333,0.0,0,Ignore
BayanaMDH_BYN,2,0.7,0.7294444444444445,0.0,0,Ignore
RatnagiriHub_RTG,1,0.7,0.7166666666666667,0.0,0,Ignore
NangalHub_NGL,1,0.7,0.7072222222222222,0.0,0,Ignore
Anand Vihar Hub,18,0.7,0.32972222222222225,0.0,0,Ignore
GurgaonMilestoneHub_DEL,4,0.7,0.24,0.0,0,Ignore
CABTSahbajpurODH_DRA Deoria,1,0.7,0.6730555555555555,0.0,0,Ignore
Kottayam Hub,1,0.7,0.6588888888888889,0.0,0,Ignore
SITICSKundaraODH_KDR,1,0.7,0.7463888888888889,0.0,0,Ignore
AiroliHub_MUM Mumbai,1,0.7,0.7077777777777777,0.0,0,Ignore
Ponda Hub,1,0.7,0.6516666666666666,0.0,0,Ignore
Jamnagar Hub,4,0.7,0.8273611111111111,0.0,0,Ignore
Rudrapur Hub Rudrapur,1,0.7,0.6747222222222222,0.0,0,Ignore
Jamshedpur Hub,1,0.7,0.6733333333333333,0.0,0,Ignore
JhushiHub_ALD Allahabad,3,0.7,0.0005555555555555556,0.0,1,Ignore
Srikrishna Basak Home RAIGANJ,1,0.7,0.6711111111111111,0.0,0,Ignore
ButiboriHub_BTB Butibori,1,0.7,0.6847222222222222,0.0,0,Ignore
"Kishanganj, BIHAR, IN",1,0.7,0.7355555555555555,0.0,0,Ignore
IdentifyplusGondiaODH_GDI,2,0.7,0.6988888888888889,0.0,0,Ignore
NandwaiMDH_NAN Nandwai,2,0.7,0.6581944444444447,0.0,1,Ignore
SITICSMotihaODH_MTI Allahabad,1,0.7,0.7330555555555556,0.0,0,Ignore
Rupnagar Hub,1,0.7,0.7341666666666666,0.0,0,Ignore
NamkhanaMDH_NAM,1,0.7,0.6833333333333333,0.0,0,Ignore
SangviHub_Pune,2,0.6,0.554861111111111,0.0,0,Ignore
"PERUMBAVOOR, Kerala, IN",2,0.6,0.5556944444444447,0.0,1,Ignore
Balaji Kirana store KOTA,1,0.6,0.6372222222222222,0.0,0,Ignore
Surat Hub,1,0.6,0.6038888888888889,0.0,0,Ignore
Vikashpurihub_DEL,12,0.6,0.22305555555555556,0.0,0,Ignore
"DHOLKA, GUJARAT, IN",1,0.6,0.6,0.0,0,Ignore
Mahakali krupa BHAVNAGAR,1,0.6,0.6058333333333333,0.0,0,Ignore
TTSPLNagdaODH_NGD,1,0.6,0.6019444444444444,0.0,0,Ignore
PadmanabhnagarHub_BLR Bengaluru,1,0.6,0.605,0.0,0,Ignore
PachoraHub_MCH PACHORA,1,0.6,0.6275,0.0,0,Ignore
KamanahalliHub_BLR,1,0.6,0.6122222222222222,0.0,0,Ignore
Sanathnagar1_HYD,2,0.6,0.5634722222222222,0.0,0,Ignore
PoonchODH_PNH,2,0.6,0.6206944444444444,0.0,0,Ignore
MangoCityHub_SXV,2,0.6,0.6058333333333333,0.0,0,Ignore
"Arrah, Arrah, BIHAR",2,0.6,0.5966666666666667,0.0,1,Ignore
KengeriHub_BLR,1,0.6,0.6413888888888889,0.0,0,Ignore
Bellary Hub,1,0.6,0.6052777777777778,0.0,0,Ignore
Solapur Hub,2,0.6,0.6263888888888889,0.0,0,Ignore
Darjeeling Hub,1,0.6,0.6208333333333333,0.0,0,Ignore
BetulHub_BTL,1,0.6,0.6222222222222222,0.0,0,Ignore
ManviODH_MNV,1,0.6,0.5636111111111111,0.0,0,Ignore
AgnoorHub_AGN,1,0.6,0.5980555555555556,0.0,0,Ignore
AhmedNagar Hub,1,0.6,0.5827777777777777,0.0,0,Ignore
NawadaHub_DEL,6,0.6,0.5106944444444445,0.0,0,Ignore
BegowalMDH_BGL Begowal,1,0.6,0.5547222222222222,0.0,0,Ignore
HulimavuHub_BLR,1,0.6,0.6016666666666667,0.0,0,Ignore
CABTCoochbeharSplitODH_COB,1,0.6,0.5841666666666666,0.0,0,Ignore
DadarWestHub_MUM,3,0.6,0.10666666666666667,0.0,0,Ignore
MayurViharHub_DEL,3,0.6,0.49194444444444446,0.0,0,Ignore
ModinagarHub_MEE,1,0.6,0.5836111111111111,0.0,0,Ignore
CABTSantoshpurODH_KOL,1,0.6,0.5797222222222222,0.0,0,Ignore
AnnapurnaShajapurODH_SJP,1,0.6,0.6333333333333333,0.0,0,Ignore
AtturHub_AUR,1,0.6,0.5830555555555555,0.0,0,Ignore
KunkuriHub_KUN,1,0.6,0.5569444444444445,0.0,0,Ignore
"Varanasi, Uttar Pradesh, IN",2,0.6,0.5933333333333333,0.0,1,Ignore
RanipHub_AMD,1,0.6,0.5983333333333334,0.0,0,Ignore
AnnapurnaWaidhanODH_WDN,1,0.6,0.5588888888888889,0.0,0,Ignore
"Udhampur, JAMMU AND KASHMIR, IN",1,0.6,0.5805555555555556,0.0,0,Ignore
CABTSeluODH_SLU SELU,3,0.6,1.1383333333333332,0.0,1,Ignore
KoorieeSoukyaRdODH_BLR,1,0.5,0.5016666666666667,0.0,0,Ignore
LargeLogicKuniyamuthurODH_CJB Coimbatore,2,0.5,0.5038888888888888,0.0,0,Ignore
HukkeriHub_HKR,1,0.5,0.45555555555555555,0.0,0,Ignore
ChohlaSahibMDH_CSB Tarantaran,2,0.5,0.5018055555555558,0.0,1,Ignore
GhansoliHub_MUM,1,0.5,0.4575,0.0,0,Ignore
KalwarroadHub_JAI,2,0.5,0.4866666666666667,0.0,0,Ignore
Thodupuzha Hub,3,0.5,0.4197222222222222,0.0,0,Ignore
RingRoadHub_DED,2,0.5,0.4551388888888889,0.0,0,Ignore
Farhana Store KAWANT,1,0.5,0.49333333333333335,0.0,0,Ignore
KotputliHub_KOT KOTPUTLI,2,0.5,0.4805555555555555,0.0,0,Ignore
KuruppampadyHub_KPM,1,0.5,0.4727777777777778,0.0,0,Ignore
NilangaHub_NLN Nilanga,1,0.5,0.4975,0.0,0,Ignore
BavlaHub_AMD,1,0.5,0.5483333333333333,0.0,0,Ignore
Ernakulam Hub,1,0.5,0.5447222222222222,0.0,0,Ignore
RJSCShillongODH_SHL,1,0.5,0.49944444444444447,0.0,0,Ignore
LargeLogicDharmaramODH_DRM,1,0.5,0.5294444444444445,0.0,0,Ignore
WelcomeHub_DEL,1,0.5,0.4836111111111111,0.0,0,Ignore
ElasticrunHardoiODH_HRD,1,0.5,0.5005555555555555,0.0,0,Ignore
"Itaunja, Itaunja, UTTAR PRADESH",2,0.5,0.46083333333333343,0.0,1,Ignore
VKIA Hub,1,0.5,0.5075,0.0,0,Ignore
ShamshabadHub_HYD,1,0.5,0.5044444444444445,0.0,0,Ignore
ConnectIndiaNewTownSplitODH_KOL,1,0.5,0.48055555555555557,0.0,0,Ignore
ElasticRunKimODH_KMM KIM,1,0.5,0.48833333333333334,0.0,0,Ignore
ElasticRunKodungallurODH_KDN Ernakulam,1,0.5,0.4761111111111111,0.0,0,Ignore
ElasticRunKimODH_KMM,1,0.5,0.5394444444444444,0.0,0,Ignore
"MAA/APT, Chennai, TAMIL NADU",1,0.5,0.49,0.0,0,Ignore
"Kanchipuram, Tamil Nadu, IN",1,0.5,0.46194444444444444,0.0,0,Ignore
AhiyachakMDH_AHY,1,0.5,0.5086111111111111,0.0,0,Ignore
Shree metro agency and guru borewell RATNAGIRI,2,0.5,0.4504166666666667,0.0,0,Ignore
PathardiMDH_PAT Ahmednagar,1,0.5,0.5494444444444444,0.0,0,Ignore
NIBMHub_PUNE,1,0.5,0.5497222222222222,0.0,0,Ignore
KushtagiHub_KST Kushtagi,1,0.5,0.5408333333333334,0.0,0,Ignore
TTSPLAmalnerODH_AMN,1,0.5,0.5236111111111111,0.0,0,Ignore
NagpuriODH_NGP Jaisinghpur,1,0.5,0.45416666666666666,0.0,0,Ignore
MokamaHub_MKA Mokama,1,0.5,0.49194444444444446,0.0,0,Ignore
Jinshan Mohammed a p hone MALAPPURAM,1,0.5,0.4713888888888889,0.0,0,Ignore
PuruliaHub_PRR,1,0.5,0.5347222222222222,0.0,0,Ignore
Khargapur,1,0.5,0.49027777777777776,0.0,0,Ignore
"Thanjavur, Tamil Nadu, IN",4,0.5,0.45263888888888903,0.0,2,Ignore
ElasticRunWankanerODH_WKH,1,0.4,0.4261111111111111,0.0,0,Ignore
ThokottuHub_IXE,1,0.4,0.3997222222222222,0.0,0,Ignore
RockfortcityHub_TRZ Trichy,2,0.4,0.3618055555555557,0.0,1,Ignore
ModelTown Hub,4,0.4,0.41541666666666666,0.0,0,Ignore
PandharkawdaODH_PKW,1,0.4,0.3972222222222222,0.0,0,Ignore
Mehsana Hub,2,0.4,0.41861111111111116,0.0,0,Ignore
AuraiMDH_MZF Pupri,1,0.4,0.4361111111111111,0.0,0,Ignore
Sigra Hub,1,0.4,0.41388888888888886,0.0,0,Ignore
HazaribaghHub_HZB,1,0.4,0.3875,0.0,0,Ignore
ElamakkaraHub_COK,1,0.4,0.42083333333333334,0.0,0,Ignore
ElasticRunKapurthalaODH_KPT,2,0.4,0.39958333333333335,0.0,0,Ignore
Shiv Shambho Services ALIBAG,1,0.4,0.4311111111111111,0.0,0,Ignore
IdentifyplusDarbhangaSplitODH_DBG,1,0.4,0.3675,0.0,0,Ignore
Yashwantpura Hub Yashwantpura,1,0.4,0.37666666666666665,0.0,0,Ignore
TTSPLJambusarODH_JBS JAMBUSAR,1,0.4,0.43,0.0,0,Ignore
Motherhub_PTC Hyderabad,2,0.4,0.3943055555555556,0.0,0,Ignore
IdentifyplusUpletaODH_UPL,1,0.4,0.44472222222222224,0.0,0,Ignore
Peeragarhi Hub,4,0.4,0.27874999999999994,0.0,0,Ignore
AboharHub_ABH,1,0.4,0.42194444444444446,0.0,0,Ignore
Rupnagar Hub Rupnagar,6,0.4,1.718611111111111,0.0,2,Prioritize for Clearing
ElasticRunNerulODH_MUM Mumbai,1,0.4,0.41888888888888887,0.0,0,Ignore
PakhanjurMDH_PKH Pakhanjur,1,0.4,0.3894444444444444,0.0,0,Ignore
ElasticRunNimtaODH_KOL,1,0.4,0.44055555555555553,0.0,0,Ignore
"Jagdishpur, Jagdishpur, UTTAR PRADESH",2,0.4,0.36736111111111125,0.0,1,Ignore
ShadowFaxJulanaODH_JND,1,0.4,0.39444444444444443,0.0,0,Ignore
Dehradun Hub,3,0.4,0.18416666666666667,0.0,0,Ignore
PorbandarHub_POR,1,0.4,0.35777777777777775,0.0,0,Ignore
UTPAL HOUSE KATWA,1,0.4,0.4041666666666667,0.0,0,Ignore
Banashankari Hub,1,0.4,0.4494444444444444,0.0,0,Ignore
JharsugudaHub_JSG,1,0.4,0.39055555555555554,0.0,0,Ignore
SASVellurTrikapurODH_VTR,1,0.4,0.41555555555555557,0.0,0,Ignore
AmbalamukkuHub_TRV,2,0.4,0.41194444444444445,0.0,1,Ignore
LemoorHub_LMR Kandukur,1,0.4,0.37916666666666665,0.0,0,Ignore
KadiMDH_KDI,1,0.4,0.35305555555555557,0.0,0,Ignore
KaithalHub_KTL Kaithal,5,0.4,0.0005555555555555556,0.0,1,Prioritize for Clearing
SankarapuramHub_SKP,1,0.4,0.3736111111111111,0.0,0,Ignore
VijayanagarHub_BLR,1,0.4,0.35,0.0,0,Ignore
KollegalaHub_KLG,1,0.4,0.4444444444444444,0.0,0,Ignore
RampuraPhulHub_PHU Rampura Phul,1,0.4,0.38555555555555554,0.0,0,Ignore
SangamviharHub_DEL,1,0.4,0.4275,0.0,0,Ignore
KonnagarHub_KOG,1,0.4,0.44277777777777777,0.0,0,Ignore
CABTNabarangpurODH_NRG,1,0.4,0.39111111111111113,0.0,0,Ignore
CABTSahbajpurODH_DRA,1,0.4,0.37777777777777777,0.0,0,Ignore
VIZIANAGARAMHUBtemp_VZM Vizianagaram,1,0.4,0.4413888888888889,0.0,0,Ignore
DLFPhase1 Hub,6,0.3,0.265,0.0,0,Ignore
Panchkula Hub,1,0.3,0.34,0.0,0,Ignore
CABTSeluODH_SLU,1,0.3,0.3202777777777778,0.0,0,Ignore
BirpurMDH_SOU,1,0.3,0.265,0.0,0,Ignore
ArcotHub_ARC,1,0.3,0.32722222222222225,0.0,0,Ignore
SONIPAT,2,0.3,0.3333333333333335,0.0,1,Ignore
BenaulimHub_GOA,1,0.3,0.3219444444444444,0.0,0,Ignore
Berhampur Hub,1,0.3,0.31277777777777777,0.0,0,Ignore
LoadshareBudgeBudgeODH_KOL,1,0.3,0.33305555555555555,0.0,0,Ignore
CABTAgartalaODH_IXA,1,0.3,0.3441666666666667,0.0,0,Ignore
Villianurhub_VLN,1,0.3,0.33444444444444443,0.0,0,Ignore
MahabubabadHub_MHB,1,0.3,0.3258333333333333,0.0,0,Ignore
Hosur Hub,2,0.3,0.3481944444444445,0.0,0,Ignore
BhadrakHub_BHC Bhadrak,1,0.3,0.33166666666666667,0.0,0,Ignore
BeenRouteRanniODH_RAN,2,0.3,0.28,0.0,0,Ignore
ElastcRunPipariyaODH_PPY,1,0.3,0.32916666666666666,0.0,0,Ignore
YamunaVihar Hub,5,0.3,0.23472222222222222,0.0,0,Ignore
ElasticRunMasabtankODH_HYD,2,0.3,0.34013888888888894,0.0,0,Ignore
SASKunhimangalamODH_KUN,1,0.3,0.3288888888888889,0.0,0,Ignore
ShadowFaxNayagoanODH_NUG,1,0.3,0.30444444444444446,0.0,0,Ignore
EtwahHub_ETW,1,0.3,0.2525,0.0,0,Ignore
Bharuch Hub,1,0.3,0.31027777777777776,0.0,0,Ignore
MohaniaHub_BBU,1,0.3,0.33361111111111114,0.0,0,Ignore
ChanakyapuriHub_DEL,7,0.3,0.13027777777777777,0.0,0,Ignore
RewariMDH_REW,1,0.3,0.33555555555555555,0.0,0,Ignore
MalviyaNagarhub_JAI,1,0.3,0.30722222222222223,0.0,0,Ignore
BoisarHub_BIS,1,0.3,0.2802777777777778,0.0,0,Ignore
ETASHSaukuchiODH_GAU,1,0.3,0.30944444444444447,0.0,0,Ignore
IdentifyPlusBhagatPurODH_ATR Budanpur Ambedkar Nagar,1,0.3,0.3352777777777778,0.0,0,Ignore
ElasticRunManesarODH_MNS,3,0.3,0.29638888888888887,0.0,0,Ignore
Sarjapurhub_BLR,1,0.3,0.26944444444444443,0.0,0,Ignore
Krishna store PUSHKAR,1,0.3,0.3219444444444444,0.0,0,Ignore
"GandhiNagar, Gujarat, IN",2,0.3,0.3395833333333331,0.0,1,Ignore
IdentifyplusDharODH_DHR,1,0.3,0.25277777777777777,0.0,0,Ignore
GogamukhHub_GOM,1,0.3,0.2775,0.0,0,Ignore
BilekaHalli Hub,2,0.3,0.2648611111111111,0.0,0,Ignore
LargeLogicIDPLBalanagarODH_HYD,2,0.3,0.3226388888888889,0.0,0,Ignore
Meerut Hub,1,0.3,0.3447222222222222,0.0,0,Ignore
"KOLLAM, KERALA, IN",1,0.2,0.22611111111111112,0.0,0,Ignore
Sahibabad Hub,2,0.2,0.21680555555555556,0.0,0,Ignore
JogindraNagarHub_IXA,1,0.2,0.1802777777777778,0.0,0,Ignore
Mitesh store NADIAD,1,0.2,0.1688888888888889,0.0,0,Ignore
ElasticRunSuncityODH_HYD,1,0.2,0.23416666666666666,0.0,0,Ignore
"BATALA, PUNJAB, IN",1,0.2,0.17416666666666666,0.0,0,Ignore
LogixFoxAnandapurODH_ADP,1,0.2,0.1947222222222222,0.0,0,Ignore
Ravinder Kumar MEERUT,1,0.2,0.22583333333333333,0.0,0,Ignore
CivilLineHub_BRY,1,0.2,0.15861111111111112,0.0,0,Ignore
Baramati,1,0.2,0.19333333333333333,0.0,0,Ignore
BurariHub_DEL,1,0.2,0.18694444444444444,0.0,0,Ignore
KhanapurHub_IXG Khanapur,1,0.2,0.16361111111111112,0.0,0,Ignore
Das store DEHRADUN,1,0.2,0.20972222222222223,0.0,0,Ignore
RJSCRangMahalODH_RGM Baihata,1,0.2,0.23944444444444443,0.0,0,Ignore
Vidyanagar Hub,2,0.2,0.18708333333333332,0.0,0,Ignore
CABTGautamnagarODH_BBI,1,0.2,0.24055555555555555,0.0,0,Ignore
MuraraiHub_MRR Murarai,1,0.2,0.20166666666666666,0.0,0,Ignore
UPENDAR RAO HYDERABAD,1,0.2,0.17222222222222222,0.0,0,Ignore
DeglurHub_DGL DEGLUR,2,0.2,0.1911111111111108,0.0,1,Ignore
AdarshNagarHub_DEL,2,0.2,0.18861111111111112,0.0,0,Ignore
JalandharbastiyaODH_JLR,1,0.2,0.21416666666666667,0.0,0,Ignore
DependoBanarpalODH_ANG Angul,2,0.2,0.23499999999999988,0.0,1,Ignore
HosadurgaHub_HSD,1,0.2,0.15305555555555556,0.0,0,Ignore
Pitampurahub_DEL,4,0.2,0.18430555555555556,0.0,0,Ignore
"Kanth, Kanth, UTTAR PRADESH",6,0.2,0.24027777777777803,0.0,3,Prioritize for Clearing
Komal Dhangar Mandsaur,1,0.2,0.22833333333333333,0.0,0,Ignore
CABTJamshedpurODH_IXW Jamshedpur,1,0.2,0.1825,0.0,0,Ignore
ChoudwarHMDH_BBI,1,0.2,0.24666666666666667,0.0,0,Ignore
KherwaraMDH_KHR Kherwara,1,0.2,0.22138888888888889,0.0,0,Ignore
BiwiNagar Hub,1,0.2,0.1786111111111111,0.0,0,Ignore
HAMJOLI BOUTIQUE STORE NEW DELHI,1,0.2,0.205,0.0,0,Ignore
DinaODH_DNA,1,0.2,0.15666666666666668,0.0,0,Ignore
MithapurHub_PAT,1,0.2,0.18805555555555556,0.0,0,Ignore
CABTVittlaMDH_VIT,1,0.2,0.18333333333333332,0.0,0,Ignore
PandharpurHub_PDH,1,0.2,0.24916666666666668,0.0,0,Ignore
PauniODH_PAU Adyal,1,0.2,0.1825,0.0,0,Ignore
GhitorniHub_DEL,3,0.2,0.11194444444444444,0.0,0,Ignore
AriyalurHub_ARI,1,0.2,0.21138888888888888,0.0,0,Ignore
VxpressGovindpurODH_DBD,1,0.2,0.17,0.0,0,Ignore
Gandhidham Hub,1,0.2,0.24083333333333334,0.0,0,Ignore
RJSCMokokchungODH_MKK,1,0.2,0.22583333333333333,0.0,0,Ignore
CABTSachinODH_SAC,1,0.2,0.22305555555555556,0.0,0,Ignore
TopsiaHub_KOL,1,0.2,0.2222222222222222,0.0,0,Ignore
AshokNagarHub_PAT,1,0.2,0.21,0.0,0,Ignore
Matigara Hub,1,0.2,0.2427777777777778,0.0,0,Ignore
ShyamnagarHub_KOL,1,0.2,0.24305555555555555,0.0,0,Ignore
TiruvannamalaiHub_TNN,1,0.2,0.2363888888888889,0.0,0,Ignore
FKL_mhmalur,305,0.2,0.0019444444444444444,0.0,0,Ignore
Kanjirappally_KJP,1,0.2,0.2313888888888889,0.0,0,Ignore
KhurdaHub_KUD,1,0.2,0.16277777777777777,0.0,0,Ignore
"TIRUPPUR, TAMIL NADU, IN",2,0.2,0.19805555555555543,0.0,1,Ignore
ChirodiHub_GZD,1,0.2,0.22111111111111112,0.0,0,Ignore
GeorgeTown Hub,1,0.2,0.22111111111111112,0.0,0,Ignore
Batauli,2,0.2,0.22624999999999984,0.0,1,Ignore
NeyyattinkaraHub_NYY Neyyattinkara,3,0.2,0.12083333333333333,0.0,1,Ignore
TajganjHub_AGR,2,0.2,0.23652777777777778,0.0,0,Ignore
Jyoti Rani MEERUT,1,0.2,0.20416666666666666,0.0,0,Ignore
ClementTownHub_DED,2,0.2,0.24430555555555555,0.0,0,Ignore
Allahabad Hub,1,0.1,0.1175,0.0,0,Ignore
"Jalna, MAHARASHTRA, IN",1,0.1,0.1438888888888889,0.0,0,Ignore
Aman mobile world GHAZIABAD,1,0.1,0.06583333333333333,0.0,0,Ignore
"SOMANDEPALLE, ANDHRA PRADESH, IN",1,0.1,0.06527777777777778,0.0,0,Ignore
Ramdev BHUJ,1,0.1,0.051111111111111114,0.0,0,Ignore
ShahdaraHub_DEL,5,0.1,0.020555555555555556,0.0,0,Ignore
KatkonaODH_KAT Manendragarh,3,0.1,0.0008333333333333333,0.0,1,Ignore
CALICUT APX/SFC PUD CENTR,1,0.1,0.13333333333333333,0.0,0,Ignore
Rohtak Hub,1,0.1,0.14194444444444446,0.0,0,Ignore
ShorapurHub_SUR,1,0.1,0.10111111111111111,0.0,0,Ignore
JagtaiHub_NIL Jagtai,1,0.1,0.06916666666666667,0.0,0,Ignore
"SIRMAUR, HIMACHAL PRADESH, IN",1,0.1,0.07833333333333334,0.0,0,Ignore
YamunaNagarHub_YNR,1,0.1,0.13277777777777777,0.0,0,Ignore
"Angul, ODISHA, IN",1,0.1,0.075,0.0,0,Ignore
Behala Hub,1,0.1,0.06583333333333333,0.0,0,Ignore
JaipurMansaroverHub_JAI,1,0.1,0.12944444444444445,0.0,0,Ignore
Mandya Hub Mandya,1,0.1,0.10972222222222222,0.0,0,Ignore
Wellcome store LABBAIKUDIKADU,1,0.1,0.1436111111111111,0.0,0,Ignore
BhubaneswarHub_BBI,1,0.1,0.09,0.0,0,Ignore
CABTShillongODH_SHL,1,0.1,0.13305555555555557,0.0,0,Ignore
Raju kirana BAREILLY,1,0.1,0.052222222222222225,0.0,0,Ignore
"Mayyil, Taliparamba, KERALA",1,0.1,0.09777777777777778,0.0,1,Ignore
ElasticRunGadagODH_GAG Gadag,1,0.1,0.095,0.0,0,Ignore
NagarRoad Hub,1,0.1,0.06777777777777778,0.0,0,Ignore
Gangadhar House BALASORE,1,0.1,0.051666666666666666,0.0,0,Ignore
PalampurHub_PLP,1,0.1,0.13833333333333334,0.0,0,Ignore
AmberpetHub_HYD,1,0.1,0.12472222222222222,0.0,0,Ignore
"Bawani Khera, Bawani Khera, HARYANA",2,0.1,0.13944444444444448,0.0,1,Ignore
NarsipatnamHub_VTZ,1,0.1,0.1486111111111111,0.0,0,Ignore
Salkia Hub,1,0.1,0.0925,0.0,0,Ignore
ChalsaMDH_CHL,1,0.1,0.10111111111111111,0.0,0,Ignore
KrishnaNagarHub_DEL,2,0.1,0.09,0.0,0,Ignore
RayachotiHub_RYC,1,0.1,0.065,0.0,0,Ignore
Amanganj,1,0.1,0.0661111111111111,0.0,0,Ignore
Jangiganj,1,0.1,0.13472222222222222,0.0,0,Ignore
"URAVAKONDA, ANDHRA PRADESH, IN",1,0.1,0.12805555555555556,0.0,0,Ignore
NirmalHub_NML,1,0.1,0.050277777777777775,0.0,0,Ignore
BijwasanHub_DEL,1,0.1,0.06972222222222223,0.0,0,Ignore
"AKBARPUR, UTTAR PRADESH, IN",1,0.1,0.075,0.0,0,Ignore
SrinagarHubtemp_SRG,1,0.1,0.1413888888888889,0.0,0,Ignore
VARKALAHUB_VKL Trivandrum,5,0.1,1.9927777777777778,0.0,2,Prioritize for Clearing
NelamangalaHub_BLR,1,0.1,0.08138888888888889,0.0,0,Ignore
"BUXAR, BIHAR, IN",2,0.1,0.08652777777777779,0.0,0,Ignore
"Kolkata, WestBengal, IN",1,0.1,0.1413888888888889,0.0,0,Ignore
Mirthal,1,0.1,0.11333333333333333,0.0,0,Ignore
Rawatbhata,1,0.0,0.0002777777777777778,0.0,0,Ignore
"Bijapur, Karanataka, IN",1,0.0,0.006111111111111111,0.0,0,Ignore
KumarkhandMDH_DMH Madhepura,1,0.0,0.0002777777777777778,0.0,0,Ignore
NamkhanaMDH_NAM Kakdwip,1,0.0,0.04111111111111111,0.0,0,Ignore
AnnapurnaVidishaODH_VDS Vidisha,1,0.0,0.04416666666666667,0.0,0,Ignore
SomesarMDH_JDH Jodhpur,3,0.0,0.0002777777777777778,0.0,1,Ignore
CABTGariahatODH_KOL,1,0.0,0.011111111111111112,0.0,0,Ignore
ElasticRunZirakpurODH_ZRK,1,0.0,0.003611111111111111,0.0,0,Ignore
Sankhla store NEW DELHI,1,0.0,0.024166666666666666,0.0,0,Ignore
VARANASIBYEPASSHUB_VNS,1,0.0,0.04638888888888889,0.0,0,Ignore
"Mayiladuthurai, Tamilnadu, IN",2,0.0,0.006527777777777778,0.0,0,Ignore
"SALEMPUR, UTTAR PRADESH, IN",1,0.0,0.026944444444444444,0.0,0,Ignore
KaisarganjHub_KSR,1,0.0,0.03194444444444444,0.0,0,Ignore
fkl-pune,1,0.0,0.0016666666666666668,0.0,0,Ignore
NarelaHub_DEL,1,0.0,0.001388888888888889,0.0,0,Ignore
MOHAN CO OP INDL AREA,1,0.0,0.03333333333333333,0.0,0,Ignore
RJSCKhliehriatMDH_KHL,1,0.0,0.04388888888888889,0.0,0,Ignore
EgraHub_MDN Egra,4,0.0,0.99,0.0,1,Ignore
JalandharSplitODH_JLR,1,0.0,0.04083333333333333,0.0,0,Ignore
"DHARMAVARAM, ANDHRA PRADESH, IN",1,0.0,0.003611111111111111,0.0,0,Ignore
BokarothermalODH_BKR Bokaro,1,0.0,0.04861111111111111,0.0,0,Ignore
"KODUR, ANDHRA PRADESH, IN",1,0.0,0.015833333333333335,0.0,0,Ignore
AfeemkothiHub_KNU,1,0.0,0.04083333333333333,0.0,0,Ignore
FKL_IndoreNew,10,0.0,0.0016666666666666668,0.0,0,Ignore
Alipur Hub Delhi,2,-0.1,-0.12236111111111114,0.0,1,Ignore
ElasticRunMiraRoadSplitODH_MUM bhayander,6,-0.3,0.15208333333333335,0.0,1,Prioritize for Clearing
ElasticRunKhariarODH_KHR Khariar,2,-0.3,-0.32486111111111127,0.0,1,Ignore
ThalasseryHub_THL Thalassery,3,-0.3,0.9322222222222222,0.0,1,Ignore
"KODANGAL, KODANGAL, TELANGANA",1,-0.5,-0.4905555555555556,0.0,1,Ignore
PathanapuramHub_PRM Kurishum Mood,2,-0.7,-0.6662500000000002,0.0,1,Ignore
Rohru,1,-0.7,-0.695,0.0,1,Ignore
PanchkulaSec20Hub_PKL,2,-0.7,-0.7283333333333333,0.0,1,Ignore
PashanODH_PUNE Pune,4,-1.0,-1.397361111111111,0.0,2,Ignore
Markatola,2,-1.1,-1.14,0.0,2,Ignore
ChavakkadHub_GYO Guruvayoor,2,-1.3,-1.2888888888888892,0.0,1,Ignore
MondayMarketHub_MDM,2,-1.3,-1.2805555555555554,0.0,1,Ignore
"Kollam, KERALA, IN",1,-1.5,-1.4713888888888889,0.0,1,Ignore
"FATORDA, GOA, IN",3,-1.6,-2.902222222222222,0.0,2,Ignore
"Bamhanidih, Champa, CHHATTISGARH",1,-1.6,-1.6369444444444443,0.0,1,Ignore
Shweta kashwalia store JAMMU,2,-1.7,-1.7159722222222222,0.0,1,Ignore
Ammanagari sudhakar SANGAREDDY,1,-1.8,-1.846111111111111,0.0,1,Ignore
"SRINAGAR, JAMMU and KASHMIR, IN",2,-1.8,-1.782361111111111,0.0,1,Ignore
Jaura,1,-1.9,-1.9094444444444445,0.0,1,Ignore
Chaturdas Barman UMARIA,1,-2.0,-2.0083333333333333,0.0,1,Ignore
Bolagarhhub_NYG Puri,1,-2.0,-1.9508333333333332,0.0,1,Ignore
Sandeep Kumar SIHORA,2,-2.0,-2.025138888888889,0.0,1,Ignore
Hassan Hub Hassan,1,-2.0,-2.039722222222222,0.0,1,Ignore
"KANTHAPURAM, Thamarassery, KERALA",1,-2.1,-2.147777777777778,0.0,1,Ignore
KhandwaHub_KWA Khandwa,1,-2.1,-2.085277777777778,0.0,1,Ignore
"ERNAKULAM, KERALA, IN",7,-2.1,-4.073611111111111,0.0,6,Prioritize for Clearing
Jeevika store NEW DELHI,1,-2.3,-2.2583333333333333,0.0,1,Ignore
SHAILESHBHAI NAGARBHAI JETAPARA SURENDRANAGAR,1,-2.3,-2.319166666666667,0.0,1,Ignore
THAKURMUNDAMDH_TKM Thakurmunda,1,-2.4,-2.403611111111111,0.0,1,Ignore
"Puthyangadi, Kannur, KERALA",1,-2.4,-2.351111111111111,0.0,1,Ignore
"Hinjilicut, Hinjilicut, ORISSA",1,-2.4,-2.4386111111111113,0.0,1,Ignore
TadongHub_TAD Gangtok,1,-2.4,-2.436111111111111,0.0,1,Ignore
SUPA,1,-2.4,-2.3666666666666667,0.0,1,Ignore
"Chowari, Chowari, HIMACHAL PRADESH",1,-2.4,-2.415,0.0,1,Ignore
"VELLORE TN, Vellore, TAMIL NADU",1,-2.4,-2.376388888888889,0.0,1,Ignore
"RENIGUNTA, MARKAPUR, ANDHRA PRADESH",1,-2.4,-2.4,0.0,1,Ignore
"Khandbara, Khandbara, MAHARASHTRA",1,-2.5,-2.5319444444444446,0.0,1,Ignore
NASIK,2,-2.5,-2.5166666666666666,0.0,2,Ignore
TTSPLParamathiVelurODH_VLR Paramathi velur,1,-2.5,-2.513055555555556,0.0,1,Ignore
SircillaHub_SRC Sircilla,1,-2.5,-2.529166666666667,0.0,1,Ignore
MithapurHub_PAT Patna,1,-2.5,-2.5347222222222223,0.0,1,Ignore
Vikram Kirana BAREILLY,1,-2.6,-2.598333333333333,0.0,1,Ignore
CABTSaranSplitODH_CPR2 Saran,1,-2.6,-2.568888888888889,0.0,1,Ignore
Kaijm,1,-2.7,-2.6830555555555557,0.0,1,Ignore
KadurHub_KDR Kadur,1,-2.7,-2.694722222222222,0.0,1,Ignore
Policy servicing centre (premium point ) KANNUR,1,-2.7,-2.69,0.0,1,Ignore
PANCHKULA - PAN,1,-2.8,-2.8333333333333335,0.0,1,Ignore
"Kathipudi, KATHIPUDI, ANDHRA PRADESH",1,-2.8,-2.8097222222222222,0.0,1,Ignore
"Vijaypur, Vijaypur, JAMMU AND KASHMIR",1,-2.8,-2.763888888888889,0.0,1,Ignore
SedamHub_SEM Sedam,1,-2.8,-2.766111111111111,0.0,1,Ignore
"Ezhome, Kannur, KERALA",1,-2.8,-2.7875,0.0,1,Ignore
ElasticRunPallaharaODH_PLH dhenkanal,1,-2.8,-2.785,0.0,1,Ignore
MADAKASIRA,1,-2.9,-2.8666666666666667,0.0,1,Ignore
"Bindki, BINDKI, UTTAR PRADESH",1,-2.9,-2.9386111111111113,0.0,1,Ignore
"Kantilo, KANTILO, ORISSA",1,-2.9,-2.9205555555555556,0.0,1,Ignore
VentureFirstKalikiriODH_KAL Kalikiri,1,-2.9,-2.867777777777778,0.0,1,Ignore
LOGIC IT SOLUTIONS TIRUR,1,-2.9,-2.944722222222222,0.0,1,Ignore
Devarsugurhub_DVS Devarasugur,1,-2.9,-2.8852777777777776,0.0,1,Ignore
"CGL/SA-MMM, Chengalpet, TAMIL NADU",1,-2.9,-2.9355555555555557,0.0,1,Ignore
Chanchal FARIDABAD,1,-3.0,-3.0322222222222224,0.0,1,Ignore
"NADENDLA AP, CHILAKALURIPETA, ANDHRA PRADESH",1,-3.0,-2.9916666666666667,0.0,1,Ignore
GhoiasahanMDH_Ghn Ghoisahan,1,-3.0,-2.977777777777778,0.0,1,Ignore
DHOLKA,1,-3.0,-2.9627777777777777,0.0,1,Ignore
"THORRUR, TELANGANA, IN",1,-3.0,-3.0477777777777777,0.0,1,Ignore
SitapuraHub_JAI Jaipur,2,-3.0,-3.0356944444444443,0.0,2,Ignore
"Chunar, Chunar, UTTAR PRADESH",2,-3.0,-3.04875,0.0,2,Ignore
"MEERUT, UTTAR PRADESH, IN",2,-3.1,-3.1259722222222224,0.0,2,Ignore
"Sheohar, Sheohar, BIHAR",1,-3.1,-3.082222222222222,0.0,1,Ignore
CABTRajuraODH_RJR Chandrapur,1,-3.1,-3.106388888888889,0.0,1,Ignore
"TEOK, TEOK, ASSAM",1,-3.1,-3.076111111111111,0.0,1,Ignore
"Tanda, TANDA, UTTAR PRADESH",1,-3.1,-3.105277777777778,0.0,1,Ignore
ElasticRunNarwanaODH_NAR Narwana,1,-3.2,-3.1622222222222223,0.0,1,Ignore
Aarush store NEW DELHI,1,-3.2,-3.181388888888889,0.0,1,Ignore
BaramatiHub_BRM Baramati,1,-3.2,-3.1505555555555556,0.0,1,Ignore
Sai super laundry BELGAUM,1,-3.2,-3.226111111111111,0.0,1,Ignore
"Devgad, Devgad, MAHARASHTRA",1,-3.2,-3.200277777777778,0.0,1,Ignore
"Bairia, BAIRIA, UTTAR PRADESH",1,-3.2,-3.2475,0.0,1,Ignore
ElasticRunBawalODH_BAW Rewari,1,-3.2,-3.185,0.0,1,Ignore
ElasticRunChalisgaonODH_CHL Chalisgaon,1,-3.2,-3.183611111111111,0.0,1,Ignore
"Achanta, ACHANTA, ANDHRA PRADESH",1,-3.3,-3.3027777777777776,0.0,1,Ignore
"Dharuhera, Dharuhera, HARYANA",1,-3.3,-3.2511111111111113,0.0,1,Ignore
KankerHub_KAN Jagdalpur,1,-3.3,-3.2872222222222223,0.0,1,Ignore
DAPOLI,1,-3.3,-3.2666666666666666,0.0,1,Ignore
"MEDARAMETLA, Medarametla, ANDHRA PRADESH",1,-3.3,-3.2911111111111113,0.0,1,Ignore
Kengeri,1,-3.3,-3.2802777777777776,0.0,1,Ignore
KarviHub_KAR KARVI,1,-3.3,-3.2680555555555557,0.0,1,Ignore
"Kodumudi, Kodumudi, TAMIL NADU",1,-3.3,-3.2655555555555558,0.0,1,Ignore
"Gohana, Gohana, HARYANA",1,-3.3,-3.286388888888889,0.0,1,Ignore
"Ahmednagar, Maharashtra, IN",1,-3.3,-3.252222222222222,0.0,1,Ignore
Kumar Amit GURGAON,1,-3.4,-3.352777777777778,0.0,1,Ignore
IdentifyPlusNawalgarhODH_NWL Nawalgarh,1,-3.4,-3.435,0.0,1,Ignore
"Kuthuparamba, Kuthuparamba, KERALA",1,-3.4,-3.370833333333333,0.0,1,Ignore
BOKAKHAT OFFICE,1,-3.4,-3.4,0.0,1,Ignore
IdentifyPlusAzamatgarhMDH_AZA Azmatgarh,1,-3.4,-3.365,0.0,1,Ignore
"RAVULAPALEM, RAVULAPALEM, ANDHRA PRADESH",1,-3.4,-3.4233333333333333,0.0,1,Ignore
MuriHub_MUR MURI,1,-3.4,-3.422222222222222,0.0,1,Ignore
Kunal store NEW DELHI,1,-3.4,-3.3875,0.0,1,Ignore
Manisha Kabra ICHALKARANJI,1,-3.4,-3.439722222222222,0.0,1,Ignore
KATRA GAYGHAT OFFICE,1,-3.4,-3.4,0.0,1,Ignore
PECHARTHAL,2,-3.4,-3.3666666666666663,0.0,2,Ignore
ElasticRunAnuppurODH_ANP Anuppur,2,-3.4,-3.3630555555555555,0.0,2,Ignore
KotmaMDH_KTM Kotma,1,-3.4,-3.4163888888888887,0.0,1,Ignore
"Alappuzha, Kerala, IN",1,-3.5,-3.542222222222222,0.0,1,Ignore
"Bissau, Bissau, RAJASTHAN",1,-3.5,-3.515833333333333,0.0,1,Ignore
HosadurgaHub_HSD Hosadurga,2,-3.5,-3.5340277777777778,0.0,2,Ignore
Vinay kirana gdp NEW DELHI,1,-3.5,-3.500277777777778,0.0,1,Ignore
"Gangapur, Gangapur, RAJASTHAN",1,-3.5,-3.49,0.0,1,Ignore
Murnad,1,-3.5,-3.513055555555556,0.0,1,Ignore
ElasticRunViramgamODH_VRG Viramgam,2,-3.5,-3.4594444444444443,0.0,2,Ignore
"THIRUMANGALAM, Thiruparankundram, TAMIL NADU",1,-3.5,-3.5077777777777777,0.0,1,Ignore
Mansa,2,-3.6,-3.6348611111111113,0.0,2,Ignore
"Tenali, Tenali, ANDHRA PRADESH",1,-3.6,-3.6233333333333335,0.0,1,Ignore
ElasticRunSoroODH_SRO Soro,1,-3.6,-3.6369444444444445,0.0,1,Ignore
"Rourkela, Odisha, IN",2,-3.6,-3.5655555555555556,0.0,2,Ignore
"Alot, Alot, MADHYA PRADESH",2,-3.6,-3.569027777777778,0.0,2,Ignore
SheoharHub_SMI Sheohar,1,-3.6,-3.616111111111111,0.0,1,Ignore
Shivam Gour KHANDWA,1,-3.6,-3.593611111111111,0.0,1,Ignore
Kempakodi_Home BELTHANGADY,1,-3.6,-3.6019444444444444,0.0,1,Ignore
"Partapur, Partapur, RAJASTHAN",1,-3.6,-3.611111111111111,0.0,1,Ignore
Mathura Hub Mathura,1,-3.7,-3.713888888888889,0.0,1,Ignore
KhusropurMDH_KOO,1,-3.7,-3.7408333333333332,0.0,1,Ignore
MirthalMDH_MTL Mirthal,1,-3.7,-3.748611111111111,0.0,1,Ignore
NanmindaHub_NMA Narikkuni,2,-3.7,-3.6533333333333333,0.0,2,Ignore
"Tijara, Tijara, RAJASTHAN",1,-3.7,-3.725,0.0,1,Ignore
"Begumganj, Gairatganj, MADHYA PRADESH",1,-3.7,-3.683333333333333,0.0,1,Ignore
NIZAMABADHUBtemp_NZB,1,-3.7,-3.7466666666666666,0.0,1,Ignore
Zira,1,-3.7,-3.7286111111111113,0.0,1,Ignore
"Arki, DARLAGHAT, HIMACHAL PRADESH",1,-3.8,-3.7530555555555556,0.0,1,Ignore
MauHub_MAU Mau,1,-3.8,-3.835,0.0,1,Ignore
AmanganjMDH_AMN Amanganj,1,-3.8,-3.839722222222222,0.0,1,Ignore
Ramanagarahub_RMG Ramanagar,1,-3.8,-3.8022222222222224,0.0,1,Ignore
Night Fox Kirana CHIKHLI,1,-3.8,-3.7983333333333333,0.0,1,Ignore
ElasticRunAmbikapurSpiltODH_AKB Bishrampur,1,-3.8,-3.7875,0.0,1,Ignore
SEMBANARKOIL,1,-3.8,-3.7666666666666666,0.0,1,Ignore
"Gauriganj, Gauriganj, UTTAR PRADESH",2,-3.9,-3.881388888888889,0.0,2,Ignore
"RSC/DHARMAPURI, Mancherial, TELANGANA",1,-3.9,-3.890277777777778,0.0,1,Ignore
"Azamgarh, Azamgarh, UTTAR PRADESH",1,-3.9,-3.948611111111111,0.0,1,Ignore
"Badarpur, Badarpur, ASSAM",1,-3.9,-3.8844444444444446,0.0,1,Ignore
"Pilicode-TML, Kasargode, KERALA",1,-3.9,-3.8780555555555556,0.0,1,Ignore
PalaniHub_PLN Dindigul,2,-3.9,-3.8798611111111114,0.0,2,Ignore
GUHAGHAR,1,-4.0,-3.9833333333333334,0.0,1,Ignore
CHANDAULI,1,-4.0,-3.970833333333333,0.0,1,Ignore
"Sanjauli, Sanjauli, HIMACHAL PRADESH",1,-4.0,-3.998611111111111,0.0,1,Ignore
"Palani, TAMIL NADU, IN",1,-4.0,-3.953333333333333,0.0,1,Ignore
KunigalHub_KGL Kunigal,1,-4.0,-4.0475,0.0,1,Ignore
"CHIRALA, ANDHRA PRADESH, IN",2,-4.0,-4.018611111111111,0.0,2,Ignore
"Bilara, Bilara, RAJASTHAN",1,-4.1,-4.075277777777778,0.0,1,Ignore
IdentifyplusJanjgirODH_JGR Janjgir,1,-4.1,-4.096111111111111,0.0,1,Ignore
RobertsganjHub_ROB Robertsganj,1,-4.1,-4.067222222222222,0.0,1,Ignore
VettichiraHub_VTT Vettichira,1,-4.1,-4.106388888888889,0.0,1,Ignore
"Laharpur, Sitapur, UTTAR PRADESH",1,-4.1,-4.099444444444444,0.0,1,Ignore
Irshi store NEW DELHI,1,-4.1,-4.113888888888889,0.0,1,Ignore
"Cuddalore, Tamil Nadu, IN",1,-4.1,-4.060555555555555,0.0,1,Ignore
"LUNGLEI, MIZORAM, IN",1,-4.1,-4.121111111111111,0.0,1,Ignore
"Sripur Bazar, Asansol, WEST BENGAL",1,-4.1,-4.0775,0.0,1,Ignore
BasmatHub_BSM BASMAT,1,-4.1,-4.054722222222222,0.0,1,Ignore
Vimala MALAPPURAM,1,-4.1,-4.054166666666667,0.0,1,Ignore
GyanpurMDH_GYN Jangiganj,1,-4.1,-4.0505555555555555,0.0,1,Ignore
Indiquick_Mertaroad MERTA CITY,1,-4.2,-4.170277777777778,0.0,1,Ignore
KhatooMDH_HTO Khatoo,1,-4.2,-4.235833333333333,0.0,1,Ignore
"RSC/Anandpur Sahib, Anandpur Sahib, PUNJAB",1,-4.2,-4.175,0.0,0,Ignore
"BARPETATOWN, BARPETA, ASSAM",2,-4.2,-4.231111111111111,0.0,2,Ignore
"Nawabganj2, Unnao, UTTAR PRADESH",1,-4.2,-4.188611111111111,0.0,1,Ignore
"Kangoo, Bilaspur HP, HIMACHAL PRADESH",1,-4.2,-4.175833333333333,0.0,1,Ignore
Bablu Store NEW DELHI,1,-4.2,-4.193611111111111,0.0,1,Ignore
Tarun kumar DEHRADUN,1,-4.2,-4.1825,0.0,1,Ignore
SujanpuraMDH_SJN Khargapur,1,-4.2,-4.231111111111111,0.0,1,Ignore
SANQUELIM,1,-4.2,-4.164444444444444,0.0,1,Ignore
"Loharu, Loharu, HARYANA",1,-4.3,-4.29,0.0,1,Ignore
"Nanpara, Behraich, UTTAR PRADESH",1,-4.3,-4.259166666666666,0.0,1,Ignore
ChandpurMDH_CND Bijnor,1,-4.3,-4.257777777777778,0.0,1,Ignore
